team,season,name,team,position,situation,games_played,xGoalsPercentage,corsiPercentage,fenwickPercentage,iceTime,xOnGoalFor,xGoalsFor,xReboundsFor,xFreezeFor,xPlayStoppedFor,xPlayContinuedInZoneFor,xPlayContinuedOutsideZoneFor,flurryAdjustedxGoalsFor,scoreVenueAdjustedxGoalsFor,flurryScoreVenueAdjustedxGoalsFor,shotsOnGoalFor,missedShotsFor,blockedShotAttemptsFor,shotAttemptsFor,goalsFor,reboundsFor,reboundGoalsFor,freezeFor,playStoppedFor,playContinuedInZoneFor,playContinuedOutsideZoneFor,savedShotsOnGoalFor,savedUnblockedShotAttemptsFor,penaltiesFor,penalityMinutesFor,faceOffsWonFor,hitsFor,takeawaysFor,giveawaysFor,lowDangerShotsFor,mediumDangerShotsFor,highDangerShotsFor,lowDangerxGoalsFor,mediumDangerxGoalsFor,highDangerxGoalsFor,lowDangerGoalsFor,mediumDangerGoalsFor,highDangerGoalsFor,scoreAdjustedShotsAttemptsFor,unblockedShotAttemptsFor,scoreAdjustedUnblockedShotAttemptsFor,dZoneGiveawaysFor,xGoalsFromxReboundsOfShotsFor,xGoalsFromActualReboundsOfShotsFor,reboundxGoalsFor,totalShotCreditFor,scoreAdjustedTotalShotCreditFor,scoreFlurryAdjustedTotalShotCreditFor,xOnGoalAgainst,xGoalsAgainst,xReboundsAgainst,xFreezeAgainst,xPlayStoppedAgainst,xPlayContinuedInZoneAgainst,xPlayContinuedOutsideZoneAgainst,flurryAdjustedxGoalsAgainst,scoreVenueAdjustedxGoalsAgainst,flurryScoreVenueAdjustedxGoalsAgainst,shotsOnGoalAgainst,missedShotsAgainst,blockedShotAttemptsAgainst,shotAttemptsAgainst,goalsAgainst,reboundsAgainst,reboundGoalsAgainst,freezeAgainst,playStoppedAgainst,playContinuedInZoneAgainst,playContinuedOutsideZoneAgainst,savedShotsOnGoalAgainst,savedUnblockedShotAttemptsAgainst,penaltiesAgainst,penalityMinutesAgainst,faceOffsWonAgainst,hitsAgainst,takeawaysAgainst,giveawaysAgainst,lowDangerShotsAgainst,mediumDangerShotsAgainst,highDangerShotsAgainst,lowDangerxGoalsAgainst,mediumDangerxGoalsAgainst,highDangerxGoalsAgainst,lowDangerGoalsAgainst,mediumDangerGoalsAgainst,highDangerGoalsAgainst,scoreAdjustedShotsAttemptsAgainst,unblockedShotAttemptsAgainst,scoreAdjustedUnblockedShotAttemptsAgainst,dZoneGiveawaysAgainst,xGoalsFromxReboundsOfShotsAgainst,xGoalsFromActualReboundsOfShotsAgainst,reboundxGoalsAgainst,totalShotCreditAgainst,scoreAdjustedTotalShotCreditAgainst,scoreFlurryAdjustedTotalShotCreditAgainst
WPG,2021,WPG,WPG,Team Level,other,82,0.49,0.5,0.47,10969.0,149.16,35.55,10.33,26.1,5.07,75.18,53.77,34.26,35.55,34.26,158.0,48.0,77.0,283.0,37.0,10.0,3.0,25.0,6.0,63.0,65.0,121.0,169.0,13.0,26.0,120.0,41.0,26.0,33.0,94.0,66.0,46.0,3.64,8.45,23.46,4.0,10.0,23.0,283.0,206.0,206.0,24.0,2.91,3.07,3.07,35.4,35.4,34.26,166.08,37.28,12.1,29.07,5.44,86.33,58.77,35.28,37.28,35.28,166.0,63.0,57.0,286.0,34.0,15.0,3.0,26.0,3.0,82.0,69.0,132.0,195.0,6.0,12.0,131.0,40.0,35.0,30.0,109.0,62.0,58.0,4.25,7.18,25.84,2.0,7.0,25.0,286.0,229.0,229.0,16.0,3.44,5.05,5.05,35.67,35.67,33.82
WPG,2021,WPG,WPG,Team Level,all,82,0.49,0.5,0.5,298626.0,2602.62,270.26,187.32,581.15,85.37,1459.69,1054.22,260.33,271.08,261.12,2645.0,993.0,1088.0,4726.0,250.0,202.0,32.0,589.0,72.0,1146.0,1379.0,2395.0,3388.0,288.0,648.0,2262.0,1921.0,580.0,868.0,2558.0,812.0,268.0,78.33,100.69,91.24,72.0,94.0,84.0,4757.72,3638.0,3656.33,654.0,41.37,45.81,45.86,265.76,266.55,260.59,2674.4,278.14,191.62,607.83,87.18,1475.08,1067.15,265.99,279.12,266.86,2721.0,986.0,1089.0,4796.0,253.0,226.0,44.0,540.0,74.0,1230.0,1384.0,2468.0,3454.0,297.0,677.0,2196.0,1658.0,570.0,876.0,2611.0,806.0,290.0,77.3,99.4,101.43,61.0,98.0,94.0,4795.23,3707.0,3712.63,620.0,42.5,52.47,52.78,267.86,268.57,261.25
WPG,2021,WPG,WPG,Team Level,5on5,82,0.49,0.49,0.5,243245.0,2015.8,181.06,139.08,470.27,65.84,1140.43,837.33,175.04,181.88,175.83,2047.0,787.0,869.0,3703.0,156.0,150.0,21.0,494.0,51.0,878.0,1105.0,1891.0,2678.0,250.0,568.0,1748.0,1766.0,483.0,727.0,2075.0,603.0,156.0,64.23,74.73,42.09,54.0,68.0,34.0,3734.72,2834.0,2852.33,559.0,28.82,32.05,32.09,177.78,178.56,175.57,2085.51,185.02,142.2,495.72,67.67,1146.51,851.89,178.35,186.0,179.22,2104.0,785.0,902.0,3791.0,162.0,167.0,27.0,453.0,54.0,932.0,1121.0,1942.0,2727.0,264.0,605.0,1662.0,1527.0,458.0,721.0,2095.0,625.0,169.0,61.78,77.55,45.69,53.0,73.0,36.0,3790.23,2889.0,2894.63,522.0,29.47,34.7,35.01,179.49,180.19,177.17
WPG,2021,WPG,WPG,Team Level,4on5,82,0.16,0.14,0.15,21405.0,70.41,9.29,3.93,9.15,2.12,20.31,45.19,8.94,9.29,8.94,75.0,15.0,12.0,102.0,8.0,5.0,0.0,3.0,0.0,18.0,56.0,67.0,82.0,7.0,17.0,169.0,81.0,55.0,67.0,50.0,23.0,17.0,1.77,3.0,4.52,2.0,3.0,3.0,102.0,90.0,90.0,66.0,0.9,1.35,1.35,8.84,8.84,8.77,357.49,48.85,33.56,74.29,12.03,220.63,110.64,45.46,48.85,45.46,373.0,127.0,117.0,617.0,50.0,40.0,12.0,59.0,16.0,199.0,136.0,323.0,450.0,16.0,35.0,212.0,30.0,15.0,43.0,348.0,98.0,54.0,9.42,11.82,27.61,5.0,15.0,30.0,617.0,500.0,500.0,1.0,8.74,12.09,12.09,45.51,45.51,43.11
WPG,2021,WPG,WPG,Team Level,5on4,82,0.86,0.86,0.85,23007.0,367.25,44.35,33.99,75.62,12.35,223.77,117.92,42.08,44.35,42.08,365.0,143.0,130.0,638.0,49.0,37.0,8.0,67.0,15.0,187.0,153.0,316.0,459.0,18.0,37.0,225.0,33.0,16.0,41.0,339.0,120.0,49.0,8.69,14.5,21.16,12.0,13.0,24.0,638.0,508.0,508.0,5.0,8.74,9.34,9.34,43.74,43.74,41.98,65.33,6.99,3.75,8.77,2.04,21.61,45.85,6.9,6.99,6.9,78.0,11.0,13.0,102.0,7.0,4.0,2.0,2.0,1.0,17.0,58.0,71.0,82.0,11.0,25.0,191.0,61.0,62.0,82.0,59.0,21.0,9.0,1.86,2.85,2.29,1.0,3.0,3.0,102.0,89.0,89.0,81.0,0.84,0.64,0.64,7.19,7.19,7.15
CBJ,2021,CBJ,CBJ,Team Level,other,82,0.52,0.49,0.49,10317.0,135.2,34.71,9.11,21.98,4.28,67.34,47.59,32.58,34.71,32.58,122.0,63.0,54.0,239.0,37.0,10.0,2.0,22.0,6.0,56.0,54.0,85.0,148.0,5.0,10.0,116.0,30.0,23.0,21.0,76.0,65.0,44.0,3.02,7.73,23.96,8.0,7.0,22.0,239.0,185.0,185.0,8.0,2.65,3.11,3.11,34.24,34.24,32.16,138.41,31.5,9.52,24.12,4.46,75.32,47.07,29.33,31.5,29.33,138.0,54.0,56.0,248.0,34.0,8.0,3.0,22.0,7.0,61.0,60.0,104.0,158.0,6.0,12.0,136.0,26.0,21.0,20.0,101.0,53.0,38.0,3.74,6.34,21.42,6.0,6.0,22.0,248.0,192.0,192.0,8.0,2.77,3.36,3.36,30.91,30.91,29.5
CBJ,2021,CBJ,CBJ,Team Level,all,82,0.45,0.48,0.47,298315.0,2482.55,239.75,169.04,555.48,80.28,1367.1,1028.36,231.01,240.03,231.31,2463.0,977.0,1113.0,4553.0,258.0,175.0,42.0,594.0,93.0,1008.0,1312.0,2205.0,3182.0,284.0,595.0,2257.0,1638.0,584.0,598.0,2529.0,692.0,219.0,75.67,83.32,80.77,86.0,84.0,88.0,4538.5,3440.0,3440.87,317.0,37.07,39.69,39.69,237.14,237.29,231.3,2788.82,289.9,196.96,613.53,89.25,1539.31,1112.11,276.78,292.42,279.19,2889.0,953.0,1073.0,4915.0,297.0,209.0,32.0,641.0,82.0,1169.0,1444.0,2592.0,3545.0,267.0,567.0,2397.0,1436.0,589.0,608.0,2717.0,857.0,268.0,84.14,105.77,100.0,98.0,114.0,85.0,4989.58,3842.0,3882.43,301.0,43.14,49.56,49.56,283.42,285.83,278.1
CBJ,2021,CBJ,CBJ,Team Level,5on5,82,0.45,0.48,0.47,243972.0,1962.2,163.27,129.44,458.49,63.71,1088.09,820.99,158.24,163.55,158.55,1948.0,776.0,909.0,3633.0,177.0,139.0,36.0,496.0,76.0,780.0,1056.0,1771.0,2547.0,259.0,545.0,1767.0,1526.0,495.0,523.0,2069.0,524.0,131.0,62.1,63.14,38.04,71.0,63.0,43.0,3618.5,2724.0,2724.87,300.0,26.67,31.32,31.32,158.63,158.77,156.41,2251.24,199.7,154.57,514.04,71.86,1249.02,917.86,192.71,202.21,195.12,2348.0,760.0,863.0,3971.0,214.0,163.0,23.0,544.0,61.0,955.0,1171.0,2134.0,2894.0,241.0,507.0,1833.0,1327.0,479.0,513.0,2264.0,693.0,151.0,71.56,85.53,42.61,88.0,94.0,32.0,4045.58,3108.0,3148.43,266.0,31.87,36.19,36.39,195.11,197.52,194.14
CBJ,2021,CBJ,CBJ,Team Level,4on5,82,0.14,0.18,0.21,22149.0,87.1,8.52,4.42,12.05,2.67,27.05,62.29,8.32,8.52,8.32,94.0,23.0,16.0,133.0,7.0,1.0,0.0,17.0,2.0,15.0,75.0,87.0,110.0,12.0,24.0,182.0,67.0,52.0,8.0,84.0,22.0,11.0,2.75,2.7,3.06,1.0,3.0,3.0,133.0,117.0,117.0,7.0,1.03,0.3,0.3,9.25,9.25,9.08,328.43,50.68,29.16,66.32,10.93,193.87,99.05,46.93,50.68,46.93,333.0,117.0,140.0,590.0,44.0,35.0,6.0,72.0,14.0,143.0,142.0,289.0,406.0,15.0,30.0,239.0,23.0,18.0,50.0,294.0,88.0,68.0,6.99,10.88,32.8,4.0,12.0,28.0,590.0,450.0,450.0,5.0,7.67,9.35,9.15,49.19,49.19,46.28
CBJ,2021,CBJ,CBJ,Team Level,5on4,82,0.81,0.84,0.82,21877.0,298.06,33.25,26.07,62.96,9.62,184.61,97.48,31.86,33.25,31.86,299.0,115.0,134.0,548.0,37.0,25.0,4.0,59.0,9.0,157.0,127.0,262.0,377.0,8.0,16.0,192.0,15.0,14.0,46.0,300.0,81.0,33.0,7.8,9.75,15.71,6.0,11.0,20.0,548.0,414.0,414.0,2.0,6.73,4.96,4.96,35.02,35.02,33.65,70.74,8.02,3.71,9.04,2.0,21.11,48.12,7.81,8.02,7.81,70.0,22.0,14.0,106.0,5.0,3.0,0.0,3.0,0.0,10.0,71.0,65.0,87.0,5.0,18.0,189.0,60.0,71.0,25.0,58.0,23.0,11.0,1.84,3.01,3.17,0.0,2.0,3.0,106.0,92.0,92.0,22.0,0.84,0.66,0.66,8.21,8.21,8.18
PIT,2021,PIT,PIT,Team Level,other,82,0.51,0.49,0.5,10339.0,158.08,37.96,10.58,27.09,5.17,80.04,56.16,36.99,37.96,36.99,169.0,48.0,54.0,271.0,43.0,8.0,4.0,29.0,7.0,48.0,82.0,126.0,174.0,8.0,18.0,134.0,34.0,29.0,44.0,118.0,51.0,48.0,5.35,6.0,26.61,7.0,5.0,31.0,271.0,217.0,217.0,18.0,3.02,1.81,1.81,39.18,39.18,38.34,159.73,36.53,11.29,26.7,4.84,80.78,55.87,35.42,36.53,35.42,157.0,59.0,62.0,278.0,32.0,7.0,3.0,29.0,8.0,69.0,71.0,125.0,184.0,9.0,18.0,117.0,37.0,23.0,30.0,106.0,62.0,48.0,4.26,7.68,24.6,4.0,6.0,22.0,278.0,216.0,216.0,11.0,3.31,2.33,2.33,37.51,37.51,36.68
PIT,2021,PIT,PIT,Team Level,all,82,0.53,0.52,0.53,299558.0,2758.55,274.0,194.91,618.55,88.83,1523.82,1109.9,260.94,276.83,263.61,2850.0,960.0,1092.0,4902.0,269.0,232.0,40.0,580.0,90.0,1219.0,1421.0,2581.0,3541.0,249.0,546.0,2361.0,2010.0,652.0,668.0,2770.0,782.0,258.0,83.93,95.01,95.05,80.0,109.0,80.0,4969.06,3810.0,3852.66,318.0,42.81,50.95,51.84,264.97,267.55,261.13,2491.57,239.78,169.4,568.04,81.99,1355.65,1013.14,230.64,239.45,230.35,2577.0,851.0,1094.0,4522.0,222.0,211.0,32.0,573.0,85.0,1042.0,1295.0,2355.0,3206.0,284.0,618.0,2258.0,2187.0,614.0,604.0,2533.0,647.0,248.0,71.93,78.72,89.14,69.0,77.0,76.0,4498.42,3428.0,3415.13,311.0,37.32,45.91,45.91,231.2,231.01,226.24
PIT,2021,PIT,PIT,Team Level,5on5,82,0.53,0.52,0.53,247079.0,2191.71,184.03,147.46,511.79,70.12,1213.11,905.49,177.38,186.88,180.06,2257.0,775.0,874.0,3906.0,180.0,168.0,30.0,478.0,66.0,991.0,1150.0,2077.0,2852.0,219.0,486.0,1828.0,1861.0,551.0,515.0,2294.0,590.0,148.0,69.65,72.28,42.1,65.0,84.0,31.0,3973.06,3032.0,3074.66,260.0,30.44,35.84,35.84,178.63,181.2,177.96,1960.56,160.12,128.55,468.66,65.12,1069.25,805.3,155.31,159.79,155.03,2048.0,649.0,901.0,3598.0,154.0,172.0,21.0,482.0,64.0,796.0,1029.0,1894.0,2543.0,250.0,546.0,1779.0,2058.0,520.0,500.0,2047.0,505.0,145.0,58.36,61.45,40.32,59.0,63.0,32.0,3574.42,2697.0,2684.13,277.0,26.53,32.98,32.98,153.68,153.48,151.33
PIT,2021,PIT,PIT,Team Level,4on5,82,0.12,0.13,0.15,19891.0,52.93,4.71,2.79,7.2,1.65,17.65,39.0,4.62,4.71,4.62,63.0,10.0,8.0,81.0,3.0,1.0,0.0,6.0,6.0,10.0,47.0,60.0,70.0,5.0,10.0,155.0,79.0,48.0,34.0,53.0,13.0,7.0,1.3,1.6,1.81,1.0,1.0,1.0,81.0,73.0,73.0,33.0,0.65,0.22,0.22,5.13,5.13,5.05,289.62,34.74,25.53,61.9,9.7,181.16,95.97,31.59,34.74,31.59,285.0,124.0,121.0,530.0,29.0,31.0,8.0,50.0,12.0,159.0,128.0,256.0,380.0,14.0,30.0,190.0,17.0,17.0,53.0,310.0,54.0,45.0,7.02,6.13,21.59,3.0,6.0,20.0,530.0,409.0,409.0,4.0,6.54,10.35,10.35,30.92,30.92,29.2
PIT,2021,PIT,PIT,Team Level,5on4,82,0.85,0.85,0.82,22249.0,355.83,47.3,34.08,72.46,11.9,213.01,109.26,41.96,47.3,41.96,361.0,127.0,156.0,644.0,43.0,55.0,6.0,67.0,11.0,170.0,142.0,318.0,445.0,17.0,32.0,244.0,36.0,24.0,75.0,305.0,128.0,55.0,7.63,15.13,24.54,7.0,19.0,17.0,644.0,488.0,488.0,7.0,8.71,13.07,13.97,42.03,42.03,39.77,81.66,8.39,4.03,10.79,2.32,24.46,56.01,8.31,8.39,8.31,87.0,19.0,10.0,116.0,7.0,1.0,0.0,12.0,1.0,18.0,67.0,80.0,99.0,11.0,24.0,172.0,75.0,54.0,21.0,70.0,26.0,10.0,2.3,3.45,2.64,3.0,2.0,2.0,116.0,106.0,106.0,19.0,0.95,0.24,0.24,9.1,9.1,9.02
NSH,2021,NSH,NSH,Team Level,other,82,0.47,0.42,0.44,13454.0,156.08,34.97,11.35,27.3,5.59,86.07,54.71,33.8,34.97,33.8,151.0,69.0,56.0,276.0,34.0,7.0,0.0,32.0,8.0,81.0,58.0,117.0,186.0,7.0,14.0,166.0,45.0,24.0,37.0,113.0,66.0,41.0,4.45,8.06,22.46,7.0,11.0,16.0,276.0,220.0,220.0,15.0,3.23,2.41,2.41,35.79,35.79,34.81,201.84,40.14,15.09,35.17,6.97,118.39,67.22,37.09,40.14,37.09,206.0,77.0,99.0,382.0,36.0,12.0,1.0,45.0,8.0,109.0,73.0,170.0,247.0,6.0,12.0,172.0,43.0,22.0,28.0,145.0,90.0,48.0,5.42,10.73,23.99,6.0,8.0,22.0,382.0,283.0,283.0,12.0,4.44,3.38,3.38,41.2,41.2,38.78
NSH,2021,NSH,NSH,Team Level,all,82,0.49,0.49,0.49,298641.0,2447.36,251.48,173.32,546.73,83.03,1405.29,997.16,242.8,252.6,243.89,2440.0,1017.0,1046.0,4503.0,262.0,173.0,38.0,601.0,83.0,1119.0,1219.0,2178.0,3195.0,375.0,935.0,2495.0,2470.0,535.0,764.0,2519.0,711.0,227.0,79.67,85.18,86.63,82.0,92.0,88.0,4519.3,3457.0,3466.91,363.0,38.51,37.68,37.68,252.32,253.07,247.13,2592.78,259.4,185.01,571.43,85.4,1481.63,1036.13,248.36,259.72,248.67,2647.0,972.0,1160.0,4779.0,250.0,159.0,26.0,636.0,112.0,1174.0,1288.0,2397.0,3369.0,350.0,888.0,2374.0,1991.0,569.0,683.0,2655.0,725.0,239.0,82.8,88.36,88.25,77.0,88.0,85.0,4775.74,3619.0,3618.67,378.0,41.5,35.64,35.69,265.22,265.48,257.01
NSH,2021,NSH,NSH,Team Level,5on5,82,0.5,0.5,0.5,236018.0,1888.06,158.2,128.83,443.03,63.82,1084.49,792.62,153.91,159.31,155.0,1878.0,793.0,823.0,3494.0,165.0,133.0,26.0,484.0,68.0,859.0,962.0,1713.0,2506.0,335.0,851.0,1847.0,2328.0,440.0,606.0,2038.0,514.0,119.0,63.77,62.16,32.26,63.0,67.0,35.0,3510.3,2671.0,2680.91,305.0,26.67,26.5,26.5,158.36,159.11,156.74,1911.64,158.48,129.39,443.82,62.53,1087.29,794.5,154.58,158.8,154.88,1955.0,721.0,863.0,3539.0,156.0,104.0,16.0,494.0,81.0,827.0,1014.0,1799.0,2520.0,314.0,807.0,1797.0,1840.0,470.0,558.0,2055.0,504.0,117.0,65.27,61.38,31.84,58.0,66.0,32.0,3535.74,2676.0,2675.67,330.0,26.76,22.68,22.73,162.51,162.77,160.25
NSH,2021,NSH,NSH,Team Level,4on5,82,0.08,0.1,0.11,25976.0,51.86,4.54,2.67,7.15,1.54,16.76,37.36,4.47,4.54,4.47,51.0,19.0,12.0,82.0,2.0,0.0,0.0,5.0,1.0,11.0,51.0,49.0,68.0,18.0,39.0,238.0,68.0,51.0,39.0,50.0,18.0,2.0,1.7,2.15,0.69,1.0,1.0,0.0,82.0,70.0,70.0,35.0,0.61,0.0,0.0,5.15,5.15,5.07,416.93,53.28,37.07,83.78,13.77,256.45,132.64,49.49,53.28,49.49,414.0,163.0,186.0,763.0,53.0,40.0,8.0,89.0,22.0,226.0,147.0,361.0,524.0,23.0,52.0,236.0,35.0,20.0,60.0,405.0,107.0,65.0,10.46,13.13,29.69,11.0,13.0,29.0,763.0,577.0,577.0,4.0,9.51,8.61,8.61,54.2,54.2,50.7
NSH,2021,NSH,NSH,Team Level,5on4,82,0.88,0.87,0.86,23193.0,351.37,53.77,30.46,69.27,12.07,217.95,112.48,50.62,53.77,50.62,360.0,136.0,155.0,651.0,61.0,33.0,12.0,80.0,6.0,168.0,148.0,299.0,435.0,15.0,31.0,244.0,29.0,20.0,82.0,318.0,113.0,65.0,9.74,12.81,31.22,11.0,13.0,37.0,651.0,496.0,496.0,8.0,8.02,8.77,8.77,53.02,53.02,50.51,62.37,7.5,3.47,8.65,2.13,19.5,41.75,7.2,7.5,7.2,72.0,11.0,12.0,95.0,5.0,3.0,1.0,8.0,1.0,12.0,54.0,67.0,78.0,7.0,17.0,169.0,73.0,57.0,37.0,50.0,24.0,9.0,1.65,3.12,2.72,2.0,1.0,2.0,95.0,83.0,83.0,32.0,0.8,0.98,0.98,7.31,7.31,7.29
VGK,2021,VGK,VGK,Team Level,other,82,0.51,0.53,0.51,9464.0,150.76,36.13,11.34,25.77,4.89,82.1,47.76,32.95,36.13,32.95,167.0,41.0,81.0,289.0,34.0,15.0,2.0,24.0,10.0,72.0,53.0,133.0,174.0,3.0,6.0,149.0,32.0,38.0,19.0,112.0,45.0,51.0,4.55,5.31,26.28,8.0,9.0,17.0,289.0,208.0,208.0,10.0,3.25,5.23,5.23,34.15,34.15,32.43,145.64,34.8,9.95,26.25,4.92,74.31,50.75,32.48,34.8,32.48,144.0,57.0,59.0,260.0,26.0,18.0,4.0,23.0,6.0,61.0,67.0,118.0,175.0,8.0,16.0,106.0,34.0,27.0,19.0,109.0,41.0,51.0,4.16,5.19,25.45,5.0,3.0,18.0,260.0,201.0,201.0,5.0,2.92,4.77,4.77,32.95,32.95,31.27
VGK,2021,VGK,VGK,Team Level,all,82,0.51,0.52,0.53,298785.0,2742.27,266.57,193.39,639.68,90.14,1526.72,1106.52,254.64,267.9,255.94,2830.0,993.0,1241.0,5064.0,262.0,236.0,35.0,640.0,112.0,1268.0,1305.0,2568.0,3561.0,250.0,556.0,2348.0,1680.0,742.0,723.0,2793.0,756.0,274.0,80.11,92.47,93.98,85.0,94.0,83.0,5098.31,3823.0,3841.29,362.0,42.43,51.13,51.13,257.87,259.36,252.9,2424.25,252.35,170.59,547.57,79.0,1333.71,973.79,242.05,252.53,242.21,2459.0,898.0,1310.0,4667.0,244.0,213.0,47.0,454.0,87.0,1072.0,1287.0,2215.0,3113.0,246.0,559.0,2412.0,2534.0,676.0,659.0,2384.0,700.0,273.0,68.69,87.13,96.51,80.0,86.0,78.0,4653.19,3357.0,3352.81,325.0,37.69,49.64,49.68,240.36,239.97,234.34
VGK,2021,VGK,VGK,Team Level,5on5,82,0.52,0.53,0.54,249146.0,2218.38,188.51,149.72,537.57,72.98,1233.71,917.52,181.6,189.84,182.9,2279.0,821.0,1047.0,4147.0,183.0,179.0,24.0,558.0,89.0,1032.0,1059.0,2096.0,2917.0,232.0,520.0,1860.0,1582.0,630.0,615.0,2306.0,625.0,169.0,65.95,75.92,46.65,70.0,73.0,40.0,4181.31,3100.0,3118.29,325.0,30.97,36.35,36.57,182.9,184.38,180.86,1919.46,170.93,130.04,451.31,62.67,1059.72,788.32,165.02,171.12,165.19,1954.0,709.0,1077.0,3740.0,166.0,157.0,32.0,380.0,69.0,847.0,1044.0,1788.0,2497.0,221.0,509.0,1953.0,2401.0,567.0,561.0,1945.0,555.0,163.0,56.53,69.08,45.31,65.0,68.0,33.0,3726.19,2663.0,2658.81,295.0,26.93,33.36,33.36,164.51,164.11,161.6
VGK,2021,VGK,VGK,Team Level,4on5,82,0.14,0.12,0.15,19173.0,57.25,6.28,2.87,7.6,1.67,17.25,39.32,6.23,6.28,6.23,64.0,11.0,3.0,78.0,9.0,1.0,1.0,6.0,0.0,12.0,47.0,55.0,66.0,7.0,14.0,145.0,44.0,47.0,21.0,47.0,19.0,9.0,1.39,2.41,2.48,2.0,3.0,4.0,78.0,75.0,75.0,20.0,0.66,0.25,0.25,6.68,6.68,6.67,298.19,40.02,27.47,61.6,9.58,181.08,92.25,38.03,40.02,38.03,295.0,117.0,161.0,573.0,46.0,35.0,10.0,49.0,12.0,153.0,117.0,249.0,366.0,11.0,22.0,193.0,29.0,17.0,56.0,278.0,85.0,49.0,6.6,10.32,23.1,9.0,13.0,24.0,573.0,412.0,412.0,4.0,7.13,10.8,10.8,36.33,36.33,34.92
VGK,2021,VGK,VGK,Team Level,5on4,82,0.84,0.85,0.84,21002.0,315.88,35.65,29.47,68.74,10.58,193.66,101.91,33.86,35.65,33.86,320.0,120.0,110.0,550.0,36.0,41.0,8.0,52.0,13.0,152.0,146.0,284.0,404.0,8.0,16.0,194.0,22.0,27.0,68.0,328.0,67.0,45.0,8.23,8.84,18.58,5.0,9.0,22.0,550.0,440.0,440.0,7.0,7.55,9.29,9.07,34.14,34.14,32.94,60.96,6.59,3.13,8.39,1.83,18.6,42.47,6.52,6.59,6.52,66.0,15.0,13.0,94.0,6.0,3.0,1.0,2.0,0.0,11.0,59.0,60.0,75.0,6.0,12.0,160.0,70.0,65.0,23.0,52.0,19.0,10.0,1.4,2.54,2.66,1.0,2.0,3.0,94.0,81.0,81.0,21.0,0.73,0.71,0.75,6.57,6.57,6.53
EDM,2021,EDM,EDM,Team Level,other,82,0.64,0.49,0.5,9891.0,149.18,40.17,10.57,21.81,4.32,68.98,48.14,38.86,40.17,38.86,145.0,49.0,44.0,238.0,37.0,9.0,2.0,18.0,1.0,69.0,60.0,108.0,157.0,4.0,8.0,121.0,34.0,26.0,30.0,68.0,75.0,51.0,3.02,9.18,27.97,1.0,9.0,27.0,238.0,194.0,194.0,13.0,3.01,3.28,3.28,39.91,39.91,38.82,140.25,22.35,10.11,26.84,4.98,79.82,49.9,21.58,22.35,21.58,151.0,43.0,54.0,248.0,21.0,10.0,0.0,24.0,8.0,60.0,71.0,130.0,173.0,8.0,18.0,121.0,37.0,25.0,26.0,107.0,65.0,22.0,4.29,8.01,10.06,7.0,5.0,9.0,248.0,194.0,194.0,6.0,2.9,2.38,2.38,22.87,22.87,22.35
EDM,2021,EDM,EDM,Team Level,all,82,0.54,0.52,0.51,298753.0,2743.39,286.87,193.89,596.62,86.81,1491.09,1108.72,276.15,288.38,277.62,2791.0,973.0,1197.0,4961.0,285.0,198.0,41.0,583.0,98.0,1226.0,1374.0,2506.0,3479.0,275.0,586.0,2414.0,1853.0,633.0,885.0,2617.0,858.0,289.0,78.14,104.64,104.09,70.0,108.0,107.0,5003.54,3764.0,3790.82,533.0,42.8,45.05,45.33,284.34,285.54,278.43,2571.03,249.37,180.13,580.31,84.23,1436.95,1022.02,240.1,250.78,241.45,2647.0,906.0,1018.0,4571.0,251.0,191.0,35.0,571.0,99.0,1109.0,1332.0,2396.0,3302.0,257.0,543.0,2294.0,1935.0,654.0,926.0,2553.0,776.0,224.0,80.61,92.54,76.22,84.0,91.0,76.0,4567.28,3553.0,3559.95,553.0,39.81,40.62,40.62,248.55,249.82,244.35
EDM,2021,EDM,EDM,Team Level,5on5,82,0.51,0.52,0.52,243509.0,2127.06,184.39,142.78,490.34,67.61,1169.84,879.05,178.83,185.91,180.29,2161.0,773.0,1014.0,3948.0,181.0,154.0,32.0,492.0,80.0,937.0,1090.0,1980.0,2753.0,245.0,518.0,1889.0,1716.0,530.0,754.0,2161.0,602.0,171.0,64.48,73.48,46.44,55.0,79.0,47.0,3990.54,2934.0,2960.81,467.0,29.56,32.43,32.67,181.29,182.49,179.59,1994.18,173.78,132.86,467.27,64.73,1100.8,814.55,168.33,175.2,169.68,2050.0,704.0,823.0,3577.0,173.0,143.0,25.0,459.0,73.0,831.0,1075.0,1877.0,2581.0,225.0,477.0,1736.0,1806.0,538.0,771.0,2049.0,562.0,143.0,66.17,67.41,40.21,69.0,70.0,34.0,3573.28,2754.0,2760.95,496.0,27.47,28.08,28.08,173.17,174.44,171.48
EDM,2021,EDM,EDM,Team Level,4on5,82,0.14,0.16,0.18,23879.0,87.17,7.92,4.29,11.54,2.67,27.34,62.25,7.87,7.92,7.87,100.0,16.0,11.0,127.0,11.0,1.0,2.0,14.0,1.0,20.0,69.0,89.0,105.0,12.0,32.0,188.0,74.0,56.0,51.0,79.0,32.0,5.0,2.28,4.24,1.4,5.0,5.0,1.0,127.0,116.0,116.0,51.0,0.99,0.33,0.37,8.54,8.54,8.5,384.89,47.09,34.2,79.54,12.88,239.58,122.7,44.13,47.09,44.13,391.0,145.0,133.0,669.0,51.0,35.0,10.0,86.0,18.0,201.0,145.0,340.0,485.0,17.0,34.0,261.0,21.0,32.0,88.0,361.0,124.0,51.0,9.11,14.15,23.83,8.0,12.0,31.0,669.0,536.0,536.0,11.0,8.76,9.76,9.76,46.09,46.09,44.15
EDM,2021,EDM,EDM,Team Level,5on4,82,0.9,0.89,0.88,21474.0,379.97,54.38,36.25,72.93,12.21,224.94,119.28,50.59,54.38,50.59,385.0,135.0,128.0,648.0,56.0,34.0,5.0,59.0,16.0,200.0,155.0,329.0,464.0,14.0,28.0,216.0,29.0,21.0,50.0,309.0,149.0,62.0,8.37,17.75,28.27,9.0,15.0,32.0,648.0,520.0,520.0,2.0,9.23,9.01,9.01,54.59,54.59,51.51,51.7,6.14,2.95,6.65,1.63,16.75,34.88,6.06,6.14,6.06,55.0,14.0,8.0,77.0,6.0,3.0,0.0,2.0,0.0,17.0,41.0,49.0,63.0,7.0,14.0,176.0,71.0,59.0,41.0,36.0,25.0,8.0,1.05,2.97,2.13,0.0,4.0,2.0,77.0,69.0,69.0,40.0,0.68,0.41,0.41,6.42,6.42,6.37
FLA,2021,FLA,FLA,Team Level,other,82,0.58,0.6,0.6,11195.0,180.22,43.91,12.93,32.01,6.3,91.99,59.86,40.29,43.91,40.29,178.0,69.0,76.0,323.0,45.0,15.0,3.0,24.0,4.0,91.0,68.0,133.0,202.0,10.0,23.0,150.0,42.0,36.0,42.0,117.0,67.0,63.0,4.82,8.21,30.89,8.0,9.0,28.0,323.0,247.0,247.0,21.0,3.81,4.75,4.75,42.97,42.97,40.49,127.24,32.43,8.93,21.35,4.09,58.91,41.28,27.06,32.43,27.06,132.0,35.0,52.0,219.0,24.0,14.0,3.0,17.0,4.0,44.0,64.0,108.0,143.0,8.0,21.0,122.0,50.0,43.0,39.0,74.0,40.0,53.0,3.1,5.31,24.02,5.0,4.0,15.0,219.0,167.0,167.0,13.0,2.63,4.65,4.65,30.41,30.41,26.19
FLA,2021,FLA,FLA,Team Level,all,82,0.55,0.56,0.55,299053.0,2955.67,319.35,211.51,657.81,96.77,1602.65,1162.91,302.83,321.53,305.0,3062.0,989.0,1323.0,5374.0,337.0,268.0,57.0,651.0,113.0,1291.0,1391.0,2725.0,3714.0,320.0,712.0,2364.0,2051.0,801.0,969.0,2752.0,979.0,320.0,86.07,120.44,112.83,100.0,123.0,114.0,5459.19,4051.0,4093.45,447.0,46.68,62.61,62.61,303.4,305.69,296.92,2407.21,260.84,171.92,540.29,82.13,1299.1,950.73,244.85,260.88,244.84,2515.0,790.0,995.0,4300.0,242.0,242.0,33.0,531.0,81.0,980.0,1229.0,2273.0,3063.0,316.0,701.0,2537.0,2180.0,682.0,872.0,2284.0,733.0,288.0,69.38,91.29,100.18,72.0,94.0,76.0,4261.55,3305.0,3290.88,424.0,38.3,52.54,52.54,246.61,246.43,237.56
FLA,2021,FLA,FLA,Team Level,5on5,82,0.56,0.56,0.56,239957.0,2354.85,220.25,162.03,546.28,76.7,1277.95,942.77,210.61,222.44,212.79,2438.0,788.0,1076.0,4302.0,218.0,211.0,37.0,569.0,98.0,1010.0,1120.0,2220.0,3008.0,286.0,641.0,1803.0,1890.0,645.0,801.0,2268.0,771.0,187.0,71.59,94.69,53.97,81.0,91.0,46.0,4387.19,3226.0,3268.45,378.0,33.66,47.28,47.28,206.63,208.91,204.85,1835.14,173.3,126.37,431.48,62.56,991.0,742.28,166.63,173.35,166.61,1912.0,615.0,803.0,3330.0,161.0,184.0,20.0,439.0,67.0,724.0,952.0,1751.0,2366.0,289.0,639.0,2009.0,2013.0,565.0,731.0,1795.0,557.0,175.0,55.9,68.89,48.51,60.0,71.0,30.0,3291.55,2527.0,2512.88,380.0,26.33,37.48,37.48,162.16,161.98,159.66
FLA,2021,FLA,FLA,Team Level,4on5,82,0.19,0.16,0.17,23988.0,78.92,10.92,4.62,10.78,2.5,25.25,51.92,10.87,10.92,10.87,91.0,15.0,18.0,124.0,12.0,3.0,1.0,7.0,4.0,16.0,64.0,79.0,94.0,5.0,10.0,173.0,92.0,101.0,47.0,57.0,30.0,19.0,1.62,3.85,5.45,2.0,6.0,4.0,124.0,106.0,106.0,40.0,1.06,0.03,0.03,11.95,11.95,11.88,380.4,48.0,33.31,79.56,13.55,228.94,120.64,44.09,48.0,44.09,400.0,124.0,128.0,652.0,49.0,42.0,10.0,70.0,10.0,198.0,155.0,351.0,475.0,12.0,27.0,243.0,38.0,17.0,69.0,360.0,111.0,53.0,8.66,13.78,25.56,6.0,15.0,28.0,652.0,524.0,524.0,6.0,8.58,9.89,9.89,46.68,46.68,44.38
FLA,2021,FLA,FLA,Team Level,5on4,82,0.86,0.86,0.84,23913.0,341.68,44.26,31.93,68.74,11.26,207.46,108.36,41.06,44.26,41.06,355.0,117.0,153.0,625.0,62.0,39.0,16.0,51.0,7.0,174.0,139.0,293.0,410.0,19.0,38.0,238.0,27.0,19.0,79.0,310.0,111.0,51.0,8.05,13.69,22.52,9.0,17.0,36.0,625.0,472.0,472.0,8.0,8.15,10.55,10.55,41.85,41.85,39.71,64.43,7.11,3.3,7.9,1.91,20.23,46.54,7.06,7.11,7.06,71.0,16.0,12.0,99.0,8.0,2.0,0.0,5.0,0.0,14.0,58.0,63.0,79.0,7.0,14.0,163.0,79.0,57.0,33.0,55.0,25.0,7.0,1.71,3.31,2.09,1.0,4.0,3.0,99.0,87.0,87.0,25.0,0.76,0.52,0.52,7.36,7.36,7.33
OTT,2021,OTT,OTT,Team Level,other,82,0.45,0.47,0.45,10921.0,132.02,28.52,9.76,22.74,4.31,67.96,43.72,27.13,28.52,27.13,131.0,46.0,60.0,237.0,26.0,9.0,1.0,21.0,6.0,62.0,53.0,105.0,151.0,6.0,14.0,118.0,38.0,21.0,31.0,82.0,55.0,40.0,2.88,7.32,18.32,5.0,4.0,17.0,237.0,177.0,177.0,14.0,2.79,2.43,2.8,28.5,28.5,27.24,157.64,34.52,11.66,27.71,5.19,82.65,53.28,33.23,34.52,33.23,144.0,71.0,56.0,271.0,37.0,15.0,1.0,20.0,11.0,63.0,69.0,107.0,178.0,14.0,28.0,130.0,39.0,21.0,29.0,103.0,68.0,44.0,4.42,8.12,21.97,6.0,13.0,18.0,271.0,215.0,215.0,13.0,3.33,3.51,3.81,34.04,34.04,32.98
OTT,2021,OTT,OTT,Team Level,all,82,0.48,0.48,0.48,298022.0,2479.31,249.73,177.21,550.74,80.42,1366.06,986.85,240.3,250.35,240.92,2465.0,946.0,1087.0,4498.0,224.0,190.0,26.0,548.0,86.0,1107.0,1256.0,2241.0,3187.0,313.0,728.0,2216.0,2417.0,544.0,809.0,2392.0,764.0,255.0,70.87,93.72,85.14,61.0,86.0,77.0,4500.97,3411.0,3413.75,493.0,39.06,38.37,38.79,250.0,250.3,244.62,2697.37,270.68,194.17,594.2,86.25,1500.13,1076.59,260.9,272.49,262.64,2740.0,982.0,1198.0,4920.0,264.0,214.0,40.0,606.0,92.0,1225.0,1321.0,2476.0,3458.0,307.0,715.0,2408.0,2042.0,524.0,789.0,2608.0,856.0,258.0,79.08,102.68,88.91,68.0,111.0,85.0,4949.29,3722.0,3745.22,466.0,43.01,45.59,45.89,267.79,269.44,262.96
OTT,2021,OTT,OTT,Team Level,5on5,82,0.47,0.48,0.48,241227.0,1929.45,165.09,130.19,451.97,63.07,1074.53,788.16,160.68,165.7,161.31,1919.0,754.0,882.0,3555.0,147.0,143.0,18.0,454.0,68.0,839.0,1022.0,1772.0,2526.0,276.0,643.0,1720.0,2291.0,435.0,646.0,1979.0,543.0,151.0,59.36,66.06,39.67,50.0,65.0,32.0,3557.97,2673.0,2675.75,431.0,26.9,26.37,26.64,165.34,165.64,163.5,2085.27,185.4,142.98,475.85,66.24,1159.66,857.87,179.77,187.21,181.53,2114.0,774.0,978.0,3866.0,175.0,151.0,31.0,485.0,67.0,960.0,1050.0,1939.0,2713.0,262.0,623.0,1813.0,1883.0,413.0,660.0,2075.0,661.0,152.0,63.36,79.63,42.41,56.0,79.0,40.0,3895.29,2888.0,2911.22,419.0,29.65,32.69,32.94,182.11,183.75,180.42
OTT,2021,OTT,OTT,Team Level,4on5,82,0.17,0.14,0.15,23500.0,74.1,9.07,4.12,9.15,2.08,22.53,50.06,8.81,9.07,8.81,76.0,21.0,17.0,114.0,8.0,4.0,0.0,4.0,2.0,16.0,63.0,68.0,89.0,15.0,30.0,174.0,57.0,67.0,45.0,55.0,30.0,12.0,1.69,3.67,3.71,2.0,3.0,3.0,114.0,97.0,97.0,41.0,0.94,1.16,1.16,8.86,8.86,8.8,398.01,45.05,36.61,83.04,13.14,240.34,125.84,42.26,45.05,42.26,419.0,125.0,145.0,689.0,48.0,46.0,8.0,92.0,12.0,183.0,163.0,371.0,496.0,18.0,32.0,271.0,36.0,25.0,71.0,378.0,111.0,55.0,9.6,12.79,22.66,4.0,17.0,27.0,689.0,544.0,544.0,6.0,9.37,8.97,8.73,45.68,45.68,43.64
OTT,2021,OTT,OTT,Team Level,5on4,82,0.89,0.86,0.86,22374.0,343.75,47.06,33.15,66.88,10.98,201.03,104.91,43.67,47.06,43.67,339.0,125.0,128.0,592.0,43.0,34.0,7.0,69.0,10.0,190.0,118.0,296.0,421.0,16.0,41.0,204.0,31.0,21.0,87.0,276.0,136.0,52.0,6.95,16.67,23.44,4.0,14.0,25.0,592.0,464.0,464.0,7.0,8.43,8.42,8.19,47.3,47.3,45.07,56.45,5.71,2.93,7.62,1.68,17.48,39.59,5.63,5.71,5.63,63.0,12.0,19.0,94.0,4.0,2.0,0.0,9.0,2.0,19.0,39.0,59.0,71.0,13.0,32.0,194.0,84.0,65.0,29.0,52.0,16.0,7.0,1.7,2.13,1.87,2.0,2.0,0.0,94.0,75.0,75.0,28.0,0.67,0.42,0.42,5.96,5.96,5.91
VAN,2021,VAN,VAN,Team Level,other,82,0.54,0.53,0.52,9925.0,160.03,37.76,10.95,27.85,5.39,82.53,54.5,33.92,37.76,33.92,169.0,50.0,64.0,283.0,30.0,17.0,6.0,31.0,7.0,71.0,63.0,139.0,189.0,8.0,19.0,121.0,23.0,28.0,18.0,102.0,67.0,50.0,4.36,8.53,24.88,6.0,3.0,21.0,283.0,219.0,219.0,6.0,3.13,6.05,6.05,34.84,34.84,32.23,145.68,31.99,10.2,24.55,4.76,77.62,50.87,29.16,31.99,29.16,150.0,50.0,49.0,249.0,31.0,8.0,2.0,21.0,6.0,72.0,62.0,119.0,169.0,7.0,17.0,119.0,29.0,15.0,13.0,104.0,58.0,38.0,4.15,7.26,20.58,5.0,9.0,17.0,249.0,200.0,200.0,5.0,3.02,2.33,2.33,32.68,32.68,29.87
VAN,2021,VAN,VAN,Team Level,all,82,0.5,0.5,0.5,299031.0,2540.92,249.26,174.87,579.49,85.07,1447.01,1041.3,238.15,249.75,238.62,2623.0,954.0,1205.0,4782.0,246.0,198.0,39.0,600.0,91.0,1095.0,1347.0,2377.0,3331.0,273.0,619.0,2403.0,1901.0,558.0,606.0,2660.0,684.0,233.0,79.77,81.95,87.55,96.0,70.0,80.0,4777.31,3577.0,3579.56,377.0,38.52,47.07,47.29,240.5,240.7,234.09,2532.2,251.24,176.89,574.15,83.91,1428.92,1035.89,241.42,252.47,242.62,2612.0,939.0,1176.0,4727.0,231.0,196.0,34.0,624.0,94.0,1125.0,1281.0,2381.0,3320.0,293.0,635.0,2222.0,1869.0,513.0,624.0,2573.0,744.0,234.0,76.51,89.48,85.26,74.0,84.0,73.0,4751.14,3551.0,3565.81,369.0,39.05,43.17,43.29,247.0,247.97,240.98
VAN,2021,VAN,VAN,Team Level,5on5,82,0.49,0.5,0.5,244761.0,1982.38,160.59,130.19,471.88,66.06,1130.47,833.82,155.72,161.07,156.19,2036.0,757.0,956.0,3749.0,157.0,148.0,24.0,500.0,64.0,841.0,1083.0,1879.0,2636.0,245.0,560.0,1856.0,1788.0,452.0,512.0,2165.0,501.0,127.0,64.93,59.71,35.95,74.0,54.0,29.0,3744.31,2793.0,2795.56,339.0,26.74,30.93,31.15,156.18,156.38,154.03,1985.31,166.18,133.47,471.48,66.1,1123.34,835.43,161.51,167.41,162.72,2052.0,744.0,976.0,3772.0,143.0,142.0,20.0,519.0,67.0,876.0,1049.0,1909.0,2653.0,266.0,578.0,1710.0,1755.0,435.0,545.0,2100.0,567.0,129.0,62.68,68.13,35.38,61.0,61.0,21.0,3796.14,2796.0,2810.81,339.0,27.55,28.77,28.89,164.86,165.82,163.27
VAN,2021,VAN,VAN,Team Level,4on5,82,0.1,0.12,0.13,21525.0,53.41,5.28,2.8,7.2,1.63,17.47,38.6,5.14,5.28,5.14,58.0,15.0,11.0,84.0,3.0,2.0,0.0,4.0,0.0,13.0,51.0,55.0,70.0,13.0,26.0,182.0,72.0,58.0,29.0,53.0,14.0,6.0,1.45,2.06,1.77,1.0,1.0,1.0,84.0,73.0,73.0,27.0,0.64,0.68,0.68,5.24,5.24,5.2,343.16,47.25,30.27,70.27,11.31,208.97,108.93,44.97,47.25,44.97,340.0,137.0,144.0,621.0,51.0,45.0,12.0,77.0,20.0,162.0,122.0,289.0,426.0,15.0,30.0,218.0,22.0,21.0,44.0,315.0,105.0,57.0,8.2,12.38,26.67,7.0,12.0,32.0,621.0,477.0,477.0,7.0,7.8,11.91,11.91,43.14,43.14,41.53
VAN,2021,VAN,VAN,Team Level,5on4,82,0.89,0.89,0.86,22820.0,345.12,45.63,30.93,72.55,11.99,216.53,114.37,43.36,45.63,43.36,360.0,132.0,174.0,666.0,56.0,31.0,9.0,65.0,20.0,170.0,150.0,304.0,436.0,7.0,14.0,244.0,18.0,20.0,47.0,340.0,102.0,50.0,9.03,11.66,24.94,15.0,12.0,29.0,666.0,492.0,492.0,5.0,8.01,9.41,9.41,44.23,44.23,42.63,58.05,5.82,2.95,7.84,1.75,18.99,40.66,5.77,5.82,5.77,70.0,8.0,7.0,85.0,6.0,1.0,0.0,7.0,1.0,15.0,48.0,64.0,72.0,5.0,10.0,175.0,63.0,42.0,22.0,54.0,14.0,10.0,1.48,1.7,2.63,1.0,2.0,3.0,85.0,78.0,78.0,18.0,0.67,0.16,0.16,6.33,6.33,6.31
STL,2021,STL,STL,Team Level,other,82,0.52,0.47,0.48,11735.0,127.27,32.32,8.67,21.05,3.96,68.22,43.78,31.53,32.32,31.53,137.0,41.0,55.0,233.0,39.0,9.0,1.0,22.0,3.0,58.0,47.0,98.0,139.0,12.0,24.0,134.0,28.0,26.0,17.0,97.0,41.0,40.0,4.48,5.03,22.81,12.0,4.0,23.0,233.0,178.0,178.0,9.0,2.48,2.91,2.91,31.89,31.89,31.36,138.06,30.28,9.77,24.7,4.52,75.97,45.75,29.27,30.28,29.27,133.0,58.0,76.0,267.0,31.0,6.0,3.0,25.0,7.0,62.0,60.0,102.0,160.0,5.0,10.0,125.0,29.0,29.0,23.0,108.0,51.0,32.0,4.17,6.54,19.57,7.0,7.0,17.0,267.0,191.0,191.0,10.0,2.77,2.32,2.32,30.72,30.72,29.77
STL,2021,STL,STL,Team Level,all,82,0.5,0.48,0.48,297850.0,2393.5,254.52,171.05,516.84,76.99,1335.88,963.98,246.95,257.39,249.72,2492.0,831.0,955.0,4278.0,309.0,179.0,40.0,456.0,68.0,1030.0,1281.0,2183.0,3014.0,259.0,557.0,2269.0,1656.0,617.0,667.0,2328.0,775.0,220.0,77.17,93.41,83.94,104.0,114.0,91.0,4353.14,3323.0,3368.8,381.0,37.65,40.68,41.03,250.95,253.42,249.05,2594.34,251.08,181.35,589.07,86.19,1453.23,1060.08,242.04,250.84,241.8,2591.0,1030.0,1004.0,4625.0,239.0,206.0,37.0,564.0,66.0,1153.0,1393.0,2352.0,3382.0,279.0,595.0,2247.0,1547.0,787.0,638.0,2662.0,739.0,220.0,83.97,89.21,77.9,91.0,78.0,70.0,4586.6,3621.0,3597.63,370.0,39.66,46.36,46.77,243.97,243.54,238.82
STL,2021,STL,STL,Team Level,5on5,82,0.47,0.47,0.47,243021.0,1853.26,165.78,128.73,418.63,59.87,1037.6,764.65,161.5,168.65,164.27,1909.0,670.0,764.0,3343.0,200.0,137.0,31.0,354.0,51.0,792.0,1045.0,1709.0,2379.0,226.0,493.0,1708.0,1563.0,534.0,559.0,1890.0,571.0,118.0,63.88,69.72,32.19,82.0,85.0,33.0,3418.14,2579.0,2624.8,330.0,26.61,27.29,27.64,164.55,167.01,164.94,2121.36,183.27,143.71,499.65,70.38,1189.26,878.73,176.75,183.02,176.52,2113.0,852.0,794.0,3759.0,171.0,168.0,30.0,473.0,50.0,957.0,1146.0,1942.0,2794.0,246.0,531.0,1763.0,1442.0,668.0,520.0,2221.0,594.0,150.0,71.02,70.74,41.51,79.0,57.0,35.0,3720.6,2965.0,2941.63,315.0,29.74,36.74,37.15,175.86,175.43,172.38
STL,2021,STL,STL,Team Level,4on5,82,0.19,0.17,0.2,20718.0,68.77,7.25,3.44,9.26,2.07,21.13,47.84,7.16,7.25,7.16,81.0,10.0,10.0,101.0,7.0,3.0,0.0,6.0,3.0,13.0,59.0,74.0,84.0,7.0,12.0,189.0,50.0,42.0,41.0,61.0,20.0,10.0,1.67,2.61,2.98,1.0,4.0,2.0,101.0,91.0,91.0,37.0,0.8,0.7,0.7,7.35,7.35,7.32,267.55,31.13,24.28,55.6,9.33,166.51,87.14,29.68,31.13,29.68,268.0,106.0,124.0,498.0,32.0,30.0,4.0,63.0,8.0,118.0,123.0,236.0,342.0,19.0,36.0,184.0,20.0,18.0,53.0,270.0,71.0,33.0,6.5,9.02,15.61,4.0,10.0,18.0,498.0,374.0,374.0,10.0,6.34,6.94,6.94,30.54,30.54,29.87
STL,2021,STL,STL,Team Level,5on4,82,0.88,0.86,0.84,22376.0,344.19,49.17,30.2,67.9,11.09,208.93,107.72,46.76,49.17,46.76,365.0,110.0,126.0,601.0,63.0,30.0,8.0,74.0,11.0,167.0,130.0,302.0,412.0,14.0,28.0,238.0,15.0,15.0,50.0,280.0,143.0,52.0,7.15,16.05,25.97,9.0,21.0,33.0,601.0,475.0,475.0,5.0,7.78,9.79,9.79,47.16,47.16,45.43,67.38,6.4,3.58,9.11,1.96,21.49,48.45,6.34,6.4,6.34,77.0,14.0,10.0,101.0,5.0,2.0,0.0,3.0,1.0,16.0,64.0,72.0,86.0,9.0,18.0,175.0,56.0,72.0,42.0,63.0,23.0,5.0,2.28,2.91,1.21,1.0,4.0,0.0,101.0,91.0,91.0,35.0,0.81,0.36,0.36,6.85,6.85,6.8
PHI,2021,PHI,PHI,Team Level,other,82,0.43,0.53,0.52,11280.0,163.25,30.99,12.71,30.26,5.6,89.14,53.3,27.29,30.99,27.29,161.0,61.0,81.0,303.0,20.0,16.0,4.0,29.0,8.0,74.0,75.0,141.0,202.0,7.0,14.0,142.0,29.0,11.0,23.0,117.0,57.0,48.0,4.31,7.42,19.26,4.0,3.0,13.0,303.0,222.0,222.0,8.0,3.74,3.39,4.01,30.73,30.73,27.46,148.39,41.52,10.16,24.4,4.77,71.42,48.71,39.42,41.52,39.42,156.0,45.0,65.0,266.0,46.0,10.0,0.0,26.0,5.0,60.0,54.0,110.0,155.0,11.0,22.0,117.0,28.0,28.0,37.0,97.0,50.0,54.0,3.86,6.05,31.61,5.0,8.0,33.0,266.0,201.0,201.0,24.0,2.89,2.24,2.24,42.17,42.17,40.12
PHI,2021,PHI,PHI,Team Level,all,82,0.46,0.47,0.47,298125.0,2486.4,236.92,174.93,568.87,82.01,1349.89,990.38,226.2,235.26,224.64,2540.0,863.0,1096.0,4499.0,210.0,224.0,39.0,565.0,86.0,979.0,1339.0,2330.0,3193.0,287.0,645.0,2448.0,1839.0,470.0,667.0,2461.0,688.0,254.0,69.05,85.77,82.1,66.0,73.0,71.0,4449.79,3403.0,3375.85,440.0,38.92,43.44,44.58,231.26,229.95,223.31,2745.13,279.56,191.92,614.74,87.82,1498.86,1102.11,269.72,282.69,272.75,2786.0,989.0,1234.0,5009.0,294.0,213.0,36.0,674.0,105.0,1131.0,1359.0,2492.0,3481.0,293.0,656.0,2247.0,1758.0,547.0,748.0,2656.0,836.0,283.0,79.3,100.21,100.06,88.0,104.0,102.0,5085.81,3775.0,3819.13,448.0,42.14,43.76,44.11,277.6,280.3,273.67
PHI,2021,PHI,PHI,Team Level,5on5,82,0.46,0.47,0.47,241712.0,1928.99,165.61,127.29,457.79,63.08,1034.95,786.28,160.26,163.94,158.7,1976.0,659.0,867.0,3502.0,159.0,168.0,31.0,451.0,71.0,730.0,1056.0,1817.0,2476.0,263.0,597.0,1874.0,1740.0,397.0,554.0,1944.0,531.0,160.0,55.64,66.04,43.94,61.0,57.0,41.0,3452.79,2635.0,2607.85,382.0,26.35,33.44,33.95,158.0,156.7,154.7,2178.9,190.9,145.85,509.07,69.43,1196.45,893.32,184.96,194.01,187.98,2189.0,816.0,1003.0,4008.0,189.0,165.0,29.0,565.0,82.0,891.0,1114.0,2000.0,2816.0,262.0,596.0,1732.0,1645.0,449.0,605.0,2166.0,669.0,170.0,64.74,80.34,45.81,69.0,80.0,40.0,4084.81,3005.0,3049.13,382.0,30.17,33.82,34.17,186.88,189.59,186.34
PHI,2021,PHI,PHI,Team Level,4on5,82,0.13,0.13,0.15,21917.0,62.67,6.09,3.33,8.77,1.95,20.43,44.43,6.03,6.09,6.03,70.0,15.0,8.0,93.0,6.0,1.0,1.0,1.0,0.0,9.0,68.0,64.0,79.0,7.0,14.0,198.0,50.0,48.0,45.0,60.0,18.0,7.0,1.7,2.31,2.07,0.0,4.0,2.0,93.0,85.0,85.0,43.0,0.76,0.17,0.17,6.68,6.68,6.67,345.97,39.97,32.14,71.34,11.34,208.58,108.63,38.3,39.97,38.3,359.0,113.0,153.0,625.0,51.0,35.0,6.0,74.0,15.0,167.0,130.0,308.0,421.0,12.0,22.0,217.0,17.0,20.0,61.0,325.0,97.0,50.0,8.8,11.42,19.75,10.0,14.0,27.0,625.0,472.0,472.0,2.0,8.22,7.07,7.07,41.13,41.13,39.85
PHI,2021,PHI,PHI,Team Level,5on4,82,0.83,0.85,0.83,23216.0,331.49,34.24,31.59,72.05,11.38,205.37,106.38,32.63,34.24,32.63,333.0,128.0,140.0,601.0,25.0,39.0,3.0,84.0,7.0,166.0,140.0,308.0,436.0,10.0,20.0,234.0,20.0,14.0,45.0,340.0,82.0,39.0,7.41,10.0,16.83,1.0,9.0,15.0,601.0,461.0,461.0,7.0,8.06,6.44,6.44,35.85,35.85,34.47,71.88,7.17,3.76,9.94,2.28,22.4,51.45,7.04,7.17,7.04,82.0,15.0,13.0,110.0,8.0,3.0,1.0,9.0,3.0,13.0,61.0,74.0,89.0,8.0,16.0,181.0,68.0,50.0,45.0,68.0,20.0,9.0,1.89,2.4,2.88,4.0,2.0,2.0,110.0,97.0,97.0,40.0,0.87,0.63,0.63,7.42,7.42,7.36
DET,2021,DET,DET,Team Level,other,82,0.4,0.5,0.5,10862.0,157.19,32.61,11.4,28.58,5.16,84.35,53.9,30.15,32.61,30.15,157.0,59.0,61.0,277.0,33.0,7.0,1.0,32.0,3.0,85.0,56.0,124.0,183.0,6.0,12.0,141.0,31.0,23.0,20.0,116.0,58.0,42.0,4.14,7.14,21.34,4.0,8.0,21.0,277.0,216.0,216.0,4.0,3.39,1.79,1.79,34.22,34.22,31.81,158.86,49.9,11.22,25.05,5.03,78.32,49.48,45.18,49.9,45.18,163.0,56.0,62.0,281.0,46.0,15.0,2.0,33.0,10.0,62.0,53.0,117.0,173.0,2.0,4.0,151.0,36.0,19.0,29.0,90.0,56.0,73.0,3.89,7.41,38.6,2.0,9.0,35.0,281.0,219.0,219.0,19.0,3.46,6.45,6.45,46.91,46.91,43.96
DET,2021,DET,DET,Team Level,all,82,0.45,0.47,0.46,298925.0,2332.61,232.64,164.98,522.44,74.98,1265.99,932.96,222.76,232.08,222.19,2415.0,779.0,1006.0,4200.0,227.0,190.0,32.0,480.0,72.0,1019.0,1206.0,2188.0,2967.0,283.0,641.0,2247.0,1599.0,462.0,629.0,2272.0,673.0,249.0,66.46,83.12,83.06,73.0,77.0,77.0,4159.56,3194.0,3176.32,346.0,36.6,44.02,44.02,225.23,224.6,218.58,2691.45,282.87,193.23,591.66,85.76,1495.03,1069.45,270.41,285.53,273.01,2762.0,956.0,1091.0,4809.0,310.0,172.0,32.0,603.0,77.0,1175.0,1381.0,2452.0,3408.0,287.0,645.0,2305.0,1564.0,425.0,556.0,2585.0,865.0,268.0,78.04,105.53,99.29,103.0,108.0,99.0,4902.66,3718.0,3767.97,317.0,42.61,38.67,39.57,285.9,288.53,279.85
DET,2021,DET,DET,Team Level,5on5,82,0.46,0.46,0.46,245798.0,1831.51,161.93,123.94,426.72,58.82,992.92,745.65,156.43,161.37,155.87,1907.0,603.0,819.0,3329.0,159.0,153.0,27.0,395.0,58.0,767.0,978.0,1748.0,2351.0,254.0,581.0,1758.0,1479.0,375.0,529.0,1849.0,501.0,160.0,54.33,62.27,45.35,61.0,59.0,39.0,3288.56,2510.0,2492.32,314.0,25.7,35.91,35.91,151.73,151.11,148.86,2164.64,188.36,149.22,496.35,68.98,1212.48,879.6,182.97,191.03,185.57,2215.0,780.0,892.0,3887.0,203.0,135.0,25.0,499.0,60.0,947.0,1151.0,2012.0,2792.0,265.0,599.0,1754.0,1431.0,358.0,465.0,2165.0,686.0,144.0,64.75,83.54,40.07,81.0,81.0,41.0,3980.66,2995.0,3044.97,270.0,30.83,28.57,28.57,190.62,193.24,189.73
DET,2021,DET,DET,Team Level,4on5,82,0.14,0.15,0.16,20988.0,62.15,6.15,2.99,8.39,1.8,18.67,43.99,6.09,6.15,6.09,73.0,9.0,13.0,95.0,4.0,4.0,0.0,6.0,1.0,17.0,50.0,69.0,78.0,10.0,20.0,145.0,60.0,46.0,27.0,55.0,17.0,10.0,1.43,2.04,2.69,0.0,2.0,2.0,95.0,82.0,82.0,27.0,0.7,1.07,1.07,5.77,5.77,5.75,305.42,37.92,29.47,61.47,9.86,184.16,97.12,35.68,37.92,35.68,309.0,111.0,131.0,551.0,52.0,20.0,4.0,67.0,6.0,156.0,119.0,257.0,368.0,6.0,14.0,222.0,22.0,9.0,36.0,275.0,102.0,43.0,7.8,11.92,18.21,17.0,16.0,19.0,551.0,420.0,420.0,2.0,7.56,3.32,4.22,41.27,41.27,39.08
DET,2021,DET,DET,Team Level,5on4,82,0.83,0.85,0.82,21277.0,281.75,31.94,26.65,58.73,9.19,170.06,89.43,30.09,31.94,30.09,278.0,108.0,113.0,499.0,31.0,26.0,4.0,47.0,10.0,150.0,122.0,247.0,355.0,13.0,28.0,203.0,29.0,18.0,53.0,252.0,97.0,37.0,6.58,11.69,13.68,8.0,8.0,15.0,499.0,386.0,386.0,1.0,6.82,5.24,5.24,33.51,33.51,32.16,62.52,6.68,3.33,8.77,1.88,20.07,43.26,6.59,6.68,6.59,75.0,9.0,6.0,90.0,9.0,2.0,1.0,4.0,1.0,10.0,58.0,66.0,75.0,14.0,28.0,178.0,75.0,39.0,26.0,55.0,21.0,8.0,1.6,2.66,2.42,3.0,2.0,4.0,90.0,84.0,84.0,26.0,0.76,0.33,0.33,7.11,7.11,7.08
BUF,2021,BUF,BUF,Team Level,other,82,0.44,0.49,0.48,8441.0,115.98,23.87,8.16,21.2,3.8,64.14,41.96,21.29,23.87,21.29,119.0,46.0,43.0,208.0,20.0,8.0,1.0,26.0,5.0,60.0,46.0,99.0,145.0,7.0,12.0,101.0,24.0,24.0,21.0,100.0,32.0,33.0,3.22,3.72,16.92,4.0,3.0,13.0,208.0,165.0,165.0,11.0,2.3,2.82,2.82,23.22,23.22,20.96,131.59,30.9,8.87,23.67,4.39,66.21,44.97,29.23,30.9,29.23,134.0,45.0,40.0,219.0,32.0,14.0,1.0,17.0,4.0,59.0,53.0,102.0,147.0,3.0,6.0,120.0,26.0,18.0,21.0,92.0,44.0,43.0,3.78,5.38,21.74,6.0,5.0,21.0,219.0,179.0,179.0,8.0,2.58,4.61,4.61,28.86,28.86,27.99
BUF,2021,BUF,BUF,Team Level,all,82,0.45,0.48,0.47,298470.0,2327.73,210.04,159.56,528.34,75.21,1312.84,962.12,201.89,210.02,201.86,2451.0,827.0,959.0,4237.0,229.0,156.0,34.0,543.0,95.0,952.0,1303.0,2222.0,3049.0,247.0,553.0,2032.0,1246.0,508.0,620.0,2493.0,609.0,176.0,74.45,73.77,61.81,80.0,83.0,66.0,4200.02,3278.0,3263.76,320.0,34.78,31.45,31.45,211.27,211.04,205.55,2575.71,255.95,180.44,576.21,84.37,1442.55,1049.8,245.18,257.16,246.41,2703.0,934.0,897.0,4534.0,287.0,218.0,42.0,531.0,105.0,1102.0,1394.0,2416.0,3350.0,259.0,571.0,2386.0,1517.0,451.0,682.0,2681.0,705.0,251.0,82.64,85.79,87.53,97.0,95.0,95.0,4594.8,3637.0,3668.74,332.0,39.45,51.64,52.09,240.12,241.84,236.66
BUF,2021,BUF,BUF,Team Level,5on5,82,0.46,0.48,0.47,247313.0,1865.59,147.94,123.31,439.81,60.64,1047.77,783.9,143.7,147.92,143.66,1959.0,664.0,801.0,3424.0,158.0,118.0,21.0,448.0,81.0,734.0,1084.0,1801.0,2465.0,218.0,497.0,1594.0,1147.0,440.0,541.0,2030.0,496.0,97.0,61.09,60.61,26.24,62.0,70.0,26.0,3387.02,2623.0,2608.76,291.0,25.32,21.29,21.45,150.45,150.21,147.93,2054.59,176.12,138.15,479.44,67.03,1149.86,853.01,169.48,177.33,170.71,2160.0,741.0,738.0,3639.0,201.0,167.0,29.0,459.0,85.0,854.0,1135.0,1959.0,2700.0,237.0,527.0,1864.0,1416.0,369.0,584.0,2218.0,532.0,151.0,68.3,64.65,43.18,80.0,79.0,42.0,3699.8,2901.0,2932.74,288.0,28.51,37.27,37.72,164.43,166.16,163.19
BUF,2021,BUF,BUF,Team Level,4on5,82,0.11,0.13,0.14,20743.0,55.75,5.06,2.58,7.34,1.62,17.68,41.78,4.93,5.06,4.93,64.0,13.0,9.0,86.0,5.0,4.0,3.0,9.0,2.0,7.0,50.0,59.0,72.0,6.0,12.0,154.0,53.0,37.0,15.0,58.0,14.0,5.0,1.67,1.75,1.63,1.0,2.0,2.0,86.0,77.0,77.0,13.0,0.59,1.11,1.11,4.48,4.48,4.46,323.8,41.76,29.63,64.22,10.72,204.78,105.6,39.6,41.76,39.6,333.0,134.0,112.0,579.0,48.0,31.0,9.0,50.0,15.0,177.0,146.0,285.0,419.0,11.0,22.0,208.0,22.0,10.0,43.0,314.0,106.0,47.0,8.99,12.94,19.83,10.0,10.0,28.0,579.0,467.0,467.0,5.0,7.51,8.24,8.24,40.31,40.31,39.0
BUF,2021,BUF,BUF,Team Level,5on4,82,0.82,0.84,0.82,21973.0,290.41,33.16,25.5,59.99,9.15,183.24,94.48,31.98,33.16,31.98,309.0,104.0,106.0,519.0,46.0,26.0,9.0,60.0,7.0,151.0,123.0,263.0,367.0,16.0,32.0,183.0,22.0,7.0,43.0,305.0,67.0,41.0,8.46,7.68,17.02,13.0,8.0,25.0,519.0,413.0,413.0,5.0,6.57,6.24,6.08,33.13,33.13,32.21,65.74,7.17,3.8,8.87,2.23,21.69,46.22,6.87,7.17,6.87,76.0,14.0,7.0,97.0,6.0,6.0,3.0,5.0,1.0,12.0,60.0,70.0,84.0,8.0,16.0,194.0,53.0,54.0,34.0,57.0,23.0,10.0,1.58,2.82,2.78,1.0,1.0,4.0,97.0,90.0,90.0,31.0,0.86,1.52,1.52,6.52,6.52,6.49
SJS,2021,SJS,SJS,Team Level,other,82,0.39,0.48,0.46,9589.0,127.37,24.23,9.47,22.35,4.03,70.38,42.54,23.06,24.23,23.06,125.0,48.0,58.0,231.0,27.0,11.0,4.0,23.0,4.0,51.0,57.0,98.0,146.0,5.0,10.0,125.0,25.0,31.0,24.0,88.0,52.0,33.0,3.38,6.64,14.2,5.0,5.0,17.0,231.0,173.0,173.0,8.0,2.72,3.68,3.62,23.33,23.33,22.25,145.03,37.48,9.35,25.11,4.51,69.91,53.63,35.42,37.48,35.42,157.0,43.0,55.0,255.0,42.0,7.0,3.0,32.0,3.0,65.0,51.0,115.0,158.0,8.0,18.0,131.0,29.0,30.0,23.0,109.0,40.0,51.0,4.32,4.75,28.42,7.0,6.0,29.0,255.0,200.0,200.0,13.0,2.63,3.2,3.2,36.92,36.92,35.49
SJS,2021,SJS,SJS,Team Level,all,82,0.46,0.46,0.47,298539.0,2369.97,222.36,165.56,545.52,78.49,1323.5,968.57,214.46,222.35,214.39,2400.0,904.0,1041.0,4345.0,211.0,177.0,32.0,523.0,80.0,993.0,1320.0,2189.0,3093.0,283.0,663.0,2267.0,1980.0,736.0,710.0,2443.0,651.0,210.0,72.51,80.13,69.72,79.0,67.0,65.0,4321.3,3304.0,3289.79,418.0,36.39,40.26,40.26,218.51,217.86,212.92,2635.22,257.29,183.46,600.02,85.66,1474.44,1092.13,247.76,259.24,249.67,2622.0,1071.0,1369.0,5062.0,261.0,185.0,35.0,649.0,89.0,1183.0,1326.0,2361.0,3432.0,278.0,662.0,2303.0,1747.0,694.0,661.0,2699.0,758.0,236.0,78.89,92.31,86.09,82.0,94.0,85.0,5123.4,3693.0,3734.47,306.0,40.11,40.15,40.15,257.24,259.22,253.31
SJS,2021,SJS,SJS,Team Level,5on5,82,0.47,0.46,0.47,246009.0,1869.07,159.89,126.04,447.32,61.85,1040.01,771.88,154.85,159.88,154.78,1872.0,735.0,842.0,3449.0,142.0,130.0,21.0,426.0,64.0,784.0,1061.0,1730.0,2465.0,264.0,625.0,1748.0,1882.0,613.0,598.0,1962.0,513.0,132.0,58.84,63.24,37.82,62.0,53.0,27.0,3425.3,2607.0,2592.79,374.0,26.05,28.23,28.47,157.47,156.83,154.09,2108.48,178.84,141.14,500.17,68.57,1185.22,884.06,173.61,180.79,175.53,2082.0,876.0,1159.0,4117.0,179.0,153.0,29.0,541.0,67.0,931.0,1087.0,1903.0,2779.0,249.0,602.0,1803.0,1631.0,577.0,571.0,2219.0,597.0,142.0,64.92,72.43,41.5,70.0,72.0,37.0,4178.4,2958.0,2999.47,268.0,29.14,32.3,32.3,175.67,177.65,174.81
SJS,2021,SJS,SJS,Team Level,4on5,82,0.14,0.16,0.19,22004.0,74.17,5.53,3.56,10.64,2.25,24.48,55.55,5.42,5.53,5.42,91.0,11.0,8.0,110.0,4.0,1.0,0.0,4.0,3.0,18.0,72.0,87.0,98.0,6.0,12.0,172.0,51.0,65.0,35.0,82.0,15.0,5.0,2.26,1.91,1.36,2.0,2.0,0.0,110.0,102.0,102.0,28.0,0.81,0.35,0.35,5.99,5.99,5.95,312.64,34.67,29.41,65.86,10.67,197.72,104.68,32.45,34.67,32.45,308.0,135.0,140.0,583.0,30.0,25.0,3.0,65.0,17.0,172.0,134.0,278.0,413.0,18.0,36.0,230.0,23.0,24.0,41.0,307.0,97.0,39.0,7.77,11.86,15.04,5.0,7.0,18.0,583.0,443.0,443.0,2.0,7.53,4.66,4.66,37.54,37.54,35.94
SJS,2021,SJS,SJS,Team Level,5on4,82,0.84,0.84,0.82,20937.0,299.35,32.71,26.48,65.21,10.36,188.64,98.6,31.12,32.71,31.12,312.0,110.0,133.0,555.0,38.0,35.0,7.0,70.0,9.0,140.0,130.0,274.0,384.0,8.0,16.0,222.0,22.0,27.0,53.0,311.0,71.0,40.0,8.02,8.34,16.35,10.0,7.0,21.0,555.0,422.0,422.0,8.0,6.82,7.99,7.81,31.71,31.71,30.63,69.06,6.3,3.54,8.89,1.9,21.6,49.76,6.26,6.3,6.26,75.0,17.0,15.0,107.0,10.0,0.0,0.0,11.0,2.0,15.0,54.0,65.0,82.0,3.0,6.0,139.0,64.0,63.0,26.0,64.0,24.0,4.0,1.89,3.28,1.13,0.0,9.0,1.0,107.0,92.0,92.0,23.0,0.81,0.0,0.0,7.11,7.11,7.06
COL,2021,COL,COL,Team Level,other,82,0.53,0.49,0.48,12764.0,169.88,42.36,12.14,30.37,5.76,85.62,55.74,40.21,42.36,40.21,174.0,58.0,79.0,311.0,45.0,14.0,1.0,36.0,12.0,64.0,61.0,129.0,187.0,8.0,16.0,166.0,37.0,40.0,25.0,116.0,56.0,60.0,4.5,7.05,30.81,8.0,8.0,29.0,311.0,232.0,232.0,10.0,3.57,3.55,3.55,42.38,42.38,40.62,183.04,37.58,14.54,32.96,6.45,106.21,54.25,31.99,37.58,31.99,191.0,61.0,75.0,327.0,33.0,20.0,5.0,38.0,10.0,86.0,65.0,158.0,219.0,12.0,24.0,176.0,49.0,24.0,17.0,129.0,70.0,53.0,4.48,8.86,24.24,7.0,8.0,18.0,327.0,252.0,252.0,9.0,4.26,6.92,6.92,34.92,34.92,31.41
COL,2021,COL,COL,Team Level,all,82,0.53,0.53,0.52,298057.0,2740.33,275.81,192.65,621.27,89.04,1536.13,1105.08,265.22,278.55,267.86,2874.0,946.0,1339.0,5159.0,308.0,217.0,43.0,658.0,101.0,1104.0,1432.0,2566.0,3512.0,293.0,654.0,2316.0,1764.0,596.0,567.0,2833.0,700.0,287.0,84.68,84.74,106.38,111.0,94.0,103.0,5257.24,3820.0,3880.22,284.0,42.63,48.99,49.04,269.4,272.07,265.07,2522.74,244.16,178.23,578.9,84.64,1415.69,1007.36,230.29,242.27,228.45,2627.0,882.0,1084.0,4593.0,232.0,211.0,43.0,652.0,83.0,1020.0,1311.0,2395.0,3277.0,336.0,740.0,2583.0,1776.0,603.0,536.0,2561.0,697.0,251.0,70.68,85.32,88.17,77.0,73.0,82.0,4528.72,3509.0,3471.08,312.0,39.85,46.3,46.3,237.71,235.75,227.87
COL,2021,COL,COL,Team Level,5on5,82,0.53,0.53,0.52,237663.0,2098.73,173.79,139.92,499.06,68.06,1172.71,871.46,168.81,176.53,171.45,2215.0,710.0,1082.0,4007.0,198.0,161.0,31.0,524.0,70.0,826.0,1146.0,2017.0,2727.0,258.0,581.0,1747.0,1613.0,483.0,455.0,2259.0,511.0,155.0,67.54,61.7,44.55,89.0,71.0,38.0,4105.24,2925.0,2985.22,241.0,28.85,34.9,35.15,167.49,170.16,167.39,1950.93,157.07,128.31,468.76,64.41,1084.67,806.79,151.86,155.18,150.01,2038.0,672.0,863.0,3573.0,153.0,152.0,28.0,521.0,58.0,766.0,1060.0,1885.0,2557.0,290.0,648.0,1951.0,1628.0,506.0,446.0,2061.0,509.0,140.0,56.72,62.26,38.09,63.0,59.0,31.0,3508.72,2710.0,2672.08,271.0,26.54,30.44,30.51,153.1,151.13,148.79
COL,2021,COL,COL,Team Level,4on5,82,0.13,0.14,0.16,22085.0,65.38,6.51,3.62,8.57,1.83,20.39,45.08,6.49,6.51,6.49,79.0,7.0,10.0,96.0,6.0,0.0,0.0,9.0,2.0,14.0,55.0,73.0,80.0,8.0,16.0,176.0,84.0,50.0,27.0,61.0,18.0,7.0,2.19,2.59,1.73,3.0,1.0,2.0,96.0,86.0,86.0,26.0,0.83,0.0,0.0,7.34,7.34,7.32,330.16,43.68,32.02,68.63,11.78,204.48,104.41,40.73,43.68,40.73,333.0,132.0,131.0,596.0,42.0,36.0,10.0,86.0,14.0,151.0,136.0,291.0,423.0,20.0,40.0,230.0,27.0,15.0,45.0,314.0,101.0,50.0,8.07,11.96,23.65,6.0,6.0,30.0,596.0,465.0,465.0,7.0,8.29,8.46,8.39,43.58,43.58,41.58
COL,2021,COL,COL,Team Level,5on4,82,0.9,0.88,0.88,25545.0,406.34,53.15,36.98,83.28,13.39,257.41,132.8,49.71,53.15,49.71,406.0,171.0,168.0,745.0,59.0,42.0,11.0,89.0,17.0,200.0,170.0,347.0,518.0,19.0,41.0,227.0,30.0,23.0,60.0,397.0,115.0,65.0,10.45,13.4,29.3,11.0,14.0,34.0,745.0,577.0,577.0,7.0,9.39,10.54,10.34,52.19,52.19,49.74,58.59,5.83,3.37,8.56,2.0,20.33,41.91,5.72,5.83,5.72,65.0,17.0,15.0,97.0,4.0,3.0,0.0,7.0,1.0,17.0,50.0,61.0,78.0,14.0,28.0,226.0,72.0,58.0,28.0,57.0,17.0,8.0,1.4,2.24,2.18,1.0,0.0,3.0,97.0,82.0,82.0,25.0,0.77,0.48,0.48,6.12,6.12,6.09
BOS,2021,BOS,BOS,Team Level,other,82,0.52,0.48,0.48,13462.0,149.8,35.89,9.9,26.66,4.98,72.82,51.74,30.73,35.89,30.73,149.0,53.0,57.0,259.0,31.0,13.0,1.0,29.0,5.0,64.0,60.0,118.0,171.0,11.0,22.0,166.0,41.0,29.0,33.0,107.0,45.0,50.0,4.14,5.75,26.01,6.0,7.0,18.0,259.0,202.0,202.0,15.0,2.95,4.85,4.95,33.9,33.9,31.18,156.81,32.91,10.75,28.45,5.17,84.57,55.29,32.1,32.91,32.1,157.0,62.0,67.0,286.0,25.0,10.0,2.0,31.0,5.0,77.0,71.0,132.0,194.0,5.0,10.0,152.0,49.0,26.0,32.0,118.0,55.0,46.0,4.4,6.8,21.7,4.0,2.0,19.0,286.0,219.0,219.0,12.0,3.06,2.43,2.43,33.4,33.4,32.82
BOS,2021,BOS,BOS,Team Level,all,82,0.54,0.53,0.55,297577.0,2789.18,260.58,187.72,639.41,90.47,1537.59,1132.55,246.96,263.14,249.34,2963.0,933.0,1001.0,4897.0,253.0,203.0,50.0,756.0,93.0,1188.0,1403.0,2710.0,3643.0,336.0,743.0,2644.0,2205.0,529.0,680.0,2919.0,729.0,248.0,83.2,89.02,88.36,80.0,88.0,85.0,4959.79,3896.0,3940.32,311.0,41.28,46.38,46.5,252.16,254.16,246.59,2307.39,223.86,157.48,525.58,75.72,1291.71,948.75,215.38,223.33,214.88,2354.0,899.0,1018.0,4271.0,218.0,146.0,35.0,611.0,97.0,992.0,1189.0,2136.0,3035.0,302.0,674.0,2237.0,2193.0,655.0,782.0,2428.0,605.0,220.0,67.63,73.48,82.74,68.0,67.0,83.0,4234.91,3253.0,3233.96,369.0,35.01,36.84,36.88,219.89,219.15,214.58
BOS,2021,BOS,BOS,Team Level,5on5,82,0.57,0.55,0.56,238017.0,2208.2,178.47,141.64,527.55,71.24,1212.42,912.29,172.48,181.03,174.87,2371.0,710.0,784.0,3865.0,174.0,161.0,40.0,647.0,74.0,907.0,1118.0,2197.0,2907.0,286.0,643.0,2052.0,2025.0,437.0,557.0,2369.0,557.0,155.0,67.26,67.68,43.53,64.0,63.0,47.0,3927.79,3081.0,3125.32,266.0,29.22,35.33,35.36,169.86,171.86,169.11,1731.37,135.36,112.47,417.94,57.31,976.75,725.54,131.92,134.83,131.43,1756.0,689.0,781.0,3226.0,144.0,102.0,21.0,499.0,74.0,719.0,907.0,1612.0,2301.0,264.0,594.0,1710.0,2033.0,557.0,636.0,1908.0,433.0,104.0,53.42,53.02,28.93,56.0,54.0,34.0,3189.91,2445.0,2425.96,320.0,23.16,21.86,21.9,135.24,134.5,132.9
BOS,2021,BOS,BOS,Team Level,4on5,82,0.11,0.14,0.16,24207.0,64.23,5.72,3.3,8.99,1.99,21.37,47.64,5.6,5.72,5.6,71.0,18.0,10.0,99.0,4.0,5.0,2.0,10.0,2.0,16.0,52.0,67.0,85.0,14.0,28.0,185.0,103.0,60.0,30.0,67.0,17.0,5.0,2.13,2.33,1.26,1.0,1.0,2.0,99.0,89.0,89.0,23.0,0.75,0.8,0.8,5.67,5.67,5.63,335.46,47.37,29.91,68.38,10.77,203.66,107.43,43.28,47.37,43.28,348.0,127.0,159.0,634.0,43.0,32.0,11.0,70.0,14.0,175.0,141.0,305.0,432.0,14.0,28.0,223.0,37.0,24.0,84.0,328.0,87.0,60.0,7.94,10.24,29.19,7.0,11.0,25.0,634.0,475.0,475.0,10.0,7.79,12.18,12.18,42.46,42.46,40.12
BOS,2021,BOS,BOS,Team Level,5on4,82,0.83,0.84,0.82,21891.0,366.95,40.49,32.88,76.22,12.27,230.99,120.88,38.15,40.49,38.15,372.0,152.0,150.0,674.0,44.0,24.0,7.0,70.0,12.0,201.0,173.0,328.0,480.0,25.0,50.0,241.0,36.0,3.0,60.0,376.0,110.0,38.0,9.67,13.26,17.55,9.0,17.0,18.0,674.0,524.0,524.0,7.0,8.35,5.4,5.4,42.72,42.72,40.67,83.74,8.22,4.36,10.8,2.48,26.71,60.49,8.08,8.22,8.08,93.0,21.0,11.0,125.0,6.0,2.0,1.0,11.0,4.0,21.0,70.0,87.0,108.0,19.0,42.0,152.0,74.0,48.0,30.0,74.0,30.0,10.0,1.88,3.41,2.93,1.0,0.0,5.0,125.0,114.0,114.0,27.0,1.0,0.38,0.38,8.79,8.79,8.74
NYR,2021,NYR,NYR,Team Level,other,82,0.69,0.53,0.56,10604.0,157.96,39.44,10.96,27.93,5.19,79.33,54.14,35.33,39.44,35.33,164.0,53.0,48.0,265.0,35.0,17.0,3.0,26.0,8.0,64.0,67.0,129.0,182.0,6.0,12.0,116.0,37.0,29.0,28.0,106.0,53.0,58.0,4.05,6.44,28.96,7.0,8.0,20.0,265.0,217.0,217.0,11.0,3.13,5.92,5.92,36.66,36.66,34.12,121.46,17.58,9.14,22.44,4.05,68.8,45.98,16.76,17.58,16.76,123.0,45.0,65.0,233.0,16.0,6.0,2.0,12.0,7.0,58.0,69.0,107.0,152.0,8.0,16.0,113.0,23.0,29.0,24.0,102.0,44.0,22.0,4.11,5.23,8.25,4.0,4.0,8.0,233.0,168.0,168.0,7.0,2.54,1.77,1.77,18.35,18.35,17.74
NYR,2021,NYR,NYR,Team Level,all,82,0.51,0.48,0.48,298246.0,2362.28,239.47,164.25,533.23,76.94,1321.06,952.04,227.21,240.09,227.85,2392.0,895.0,986.0,4273.0,250.0,190.0,43.0,571.0,83.0,958.0,1235.0,2142.0,3037.0,283.0,625.0,2061.0,2094.0,627.0,743.0,2416.0,627.0,244.0,67.93,75.59,95.95,84.0,84.0,82.0,4295.15,3287.0,3300.77,374.0,36.24,46.96,46.96,228.74,229.5,221.92,2517.13,227.42,177.1,574.6,82.42,1418.08,1031.39,217.78,227.0,217.39,2529.0,982.0,1167.0,4678.0,204.0,209.0,36.0,494.0,77.0,1139.0,1388.0,2325.0,3307.0,267.0,595.0,2227.0,1780.0,593.0,718.0,2624.0,668.0,219.0,75.79,82.47,69.16,74.0,68.0,62.0,4667.24,3511.0,3502.08,340.0,38.69,42.03,42.11,224.01,223.53,218.15
NYR,2021,NYR,NYR,Team Level,5on5,82,0.47,0.47,0.47,245839.0,1804.59,147.24,120.97,426.52,58.73,1014.87,745.67,142.84,147.88,143.48,1841.0,673.0,808.0,3322.0,158.0,135.0,29.0,468.0,60.0,714.0,979.0,1683.0,2356.0,254.0,564.0,1592.0,1951.0,518.0,604.0,1907.0,486.0,121.0,53.42,58.89,34.94,67.0,64.0,27.0,3344.16,2514.0,2527.77,320.0,24.89,31.06,31.06,141.08,141.82,139.82,2012.31,165.23,135.28,475.09,65.79,1123.89,835.73,159.78,164.8,159.39,2007.0,794.0,945.0,3746.0,148.0,163.0,30.0,408.0,59.0,887.0,1136.0,1859.0,2653.0,236.0,530.0,1708.0,1683.0,499.0,602.0,2125.0,537.0,139.0,61.31,66.57,37.34,58.0,58.0,32.0,3735.24,2801.0,2792.08,294.0,27.88,31.83,31.9,161.21,160.73,158.17
NYR,2021,NYR,NYR,Team Level,4on5,82,0.13,0.14,0.16,21775.0,64.26,5.94,3.28,9.17,1.92,20.37,45.32,5.88,5.94,5.88,66.0,20.0,13.0,99.0,7.0,3.0,0.0,6.0,2.0,10.0,58.0,59.0,79.0,6.0,12.0,165.0,82.0,53.0,39.0,59.0,20.0,7.0,1.87,2.36,1.71,3.0,2.0,2.0,99.0,86.0,86.0,37.0,0.75,0.22,0.22,6.46,6.46,6.45,329.17,40.38,30.13,69.25,10.92,207.69,109.63,37.01,40.38,37.01,343.0,125.0,146.0,614.0,38.0,38.0,4.0,72.0,10.0,177.0,133.0,305.0,430.0,14.0,28.0,227.0,23.0,19.0,58.0,337.0,78.0,53.0,8.67,9.51,22.2,11.0,6.0,21.0,614.0,468.0,468.0,8.0,7.67,8.37,8.37,39.69,39.69,37.47
NYR,2021,NYR,NYR,Team Level,5on4,82,0.92,0.87,0.86,20028.0,335.47,46.84,29.04,69.61,11.1,206.49,106.92,43.16,46.84,43.16,321.0,149.0,117.0,587.0,50.0,35.0,11.0,71.0,13.0,170.0,131.0,271.0,420.0,17.0,37.0,188.0,24.0,27.0,72.0,344.0,68.0,58.0,8.6,7.9,30.35,7.0,10.0,33.0,587.0,470.0,470.0,6.0,7.47,9.75,9.75,44.56,44.56,41.54,54.19,4.23,2.56,7.81,1.66,17.69,40.04,4.23,4.23,4.23,56.0,18.0,11.0,85.0,2.0,2.0,0.0,2.0,1.0,17.0,50.0,54.0,72.0,9.0,21.0,179.0,51.0,46.0,34.0,60.0,9.0,5.0,1.7,1.17,1.37,1.0,0.0,1.0,85.0,74.0,74.0,31.0,0.59,0.06,0.06,4.77,4.77,4.76
MTL,2021,MTL,MTL,Team Level,other,82,0.41,0.48,0.46,10110.0,134.21,23.29,9.7,26.13,4.5,71.02,47.38,22.43,23.29,22.43,148.0,34.0,58.0,240.0,25.0,10.0,2.0,26.0,7.0,54.0,60.0,123.0,157.0,8.0,16.0,138.0,31.0,30.0,33.0,107.0,44.0,31.0,3.59,5.9,13.8,2.0,9.0,14.0,240.0,182.0,182.0,24.0,2.76,2.8,2.8,23.25,23.25,22.6,157.75,33.5,11.22,29.26,5.58,80.35,56.09,32.56,33.5,32.56,164.0,52.0,45.0,261.0,42.0,10.0,3.0,32.0,3.0,71.0,58.0,122.0,174.0,10.0,18.0,141.0,33.0,26.0,39.0,120.0,54.0,42.0,4.98,7.07,21.44,6.0,12.0,24.0,261.0,216.0,216.0,26.0,3.17,2.48,2.48,34.19,34.19,33.42
MTL,2021,MTL,MTL,Team Level,all,82,0.44,0.47,0.46,298333.0,2341.54,216.55,164.14,542.85,77.71,1284.33,947.41,208.32,214.99,206.77,2444.0,789.0,1107.0,4340.0,218.0,188.0,32.0,513.0,64.0,983.0,1267.0,2226.0,3015.0,319.0,694.0,2322.0,2004.0,507.0,1046.0,2421.0,591.0,221.0,69.22,74.24,73.09,80.0,74.0,64.0,4257.53,3233.0,3179.79,772.0,36.23,37.88,38.24,214.54,212.64,207.97,2759.78,278.75,198.26,629.95,90.14,1524.71,1083.18,268.16,282.53,271.8,2824.0,981.0,1184.0,4989.0,317.0,223.0,43.0,618.0,95.0,1261.0,1291.0,2507.0,3488.0,297.0,640.0,2397.0,1822.0,494.0,1073.0,2696.0,820.0,289.0,81.35,100.78,96.62,96.0,123.0,98.0,5110.8,3805.0,3884.72,760.0,44.03,45.22,45.22,277.56,281.2,275.03
MTL,2021,MTL,MTL,Team Level,5on5,82,0.46,0.47,0.46,240414.0,1837.06,155.15,123.84,440.85,60.69,1007.01,748.45,150.19,153.59,148.64,1906.0,630.0,890.0,3426.0,156.0,148.0,26.0,405.0,46.0,761.0,1020.0,1750.0,2380.0,272.0,594.0,1757.0,1854.0,410.0,893.0,1915.0,474.0,147.0,55.74,59.02,40.39,67.0,57.0,32.0,3343.53,2536.0,2482.79,679.0,25.68,28.94,29.56,151.27,149.38,146.89,2121.73,185.87,144.75,504.84,68.64,1169.1,854.79,178.93,189.66,182.56,2169.0,759.0,944.0,3872.0,196.0,167.0,29.0,500.0,71.0,961.0,1033.0,1973.0,2732.0,256.0,556.0,1802.0,1707.0,405.0,892.0,2148.0,599.0,181.0,63.38,73.67,48.82,75.0,83.0,38.0,3993.8,2928.0,3007.72,650.0,30.05,35.27,35.27,180.65,184.3,181.22
MTL,2021,MTL,MTL,Team Level,4on5,82,0.12,0.14,0.16,24498.0,79.44,7.36,4.0,11.84,2.61,25.07,57.11,7.18,7.36,7.18,91.0,17.0,14.0,122.0,5.0,3.0,0.0,8.0,2.0,19.0,71.0,86.0,103.0,13.0,32.0,205.0,91.0,48.0,66.0,81.0,17.0,10.0,2.23,2.28,2.85,1.0,2.0,2.0,122.0,108.0,108.0,62.0,0.93,0.71,0.71,7.58,7.58,7.51,416.15,51.82,38.46,87.19,13.88,254.17,128.48,49.17,51.82,49.17,421.0,153.0,179.0,753.0,67.0,42.0,8.0,78.0,20.0,216.0,151.0,354.0,507.0,19.0,42.0,251.0,24.0,15.0,70.0,374.0,145.0,55.0,11.25,17.17,23.4,13.0,22.0,32.0,753.0,574.0,574.0,15.0,9.94,7.02,7.02,54.74,54.74,52.41
MTL,2021,MTL,MTL,Team Level,5on4,82,0.8,0.84,0.82,23311.0,290.83,30.75,26.59,64.04,9.91,181.23,94.48,28.53,30.75,28.53,299.0,108.0,145.0,552.0,32.0,27.0,4.0,74.0,9.0,149.0,116.0,267.0,375.0,26.0,52.0,222.0,28.0,19.0,54.0,318.0,56.0,33.0,7.66,7.04,16.05,10.0,6.0,16.0,552.0,407.0,407.0,7.0,6.86,5.43,5.16,32.44,32.44,30.97,64.14,7.55,3.83,8.66,2.04,21.1,43.82,7.52,7.55,7.52,70.0,17.0,16.0,103.0,12.0,4.0,3.0,8.0,1.0,13.0,49.0,58.0,75.0,12.0,24.0,203.0,58.0,48.0,72.0,54.0,22.0,11.0,1.74,2.86,2.96,2.0,6.0,4.0,103.0,87.0,87.0,69.0,0.87,0.45,0.45,7.98,7.98,7.97
TBL,2021,TBL,TBL,Team Level,other,82,0.53,0.51,0.53,10997.0,163.5,37.79,11.79,26.17,5.08,84.56,52.61,35.84,37.79,35.84,155.0,63.0,51.0,269.0,40.0,10.0,6.0,18.0,8.0,75.0,67.0,115.0,178.0,9.0,18.0,143.0,38.0,36.0,15.0,107.0,56.0,55.0,4.6,7.03,26.16,8.0,9.0,23.0,269.0,218.0,218.0,8.0,3.4,4.64,4.64,36.55,36.55,34.96,141.18,33.42,10.25,23.67,4.73,72.87,49.06,32.06,33.42,32.06,136.0,58.0,63.0,257.0,30.0,6.0,1.0,23.0,7.0,62.0,66.0,106.0,164.0,14.0,28.0,129.0,35.0,30.0,16.0,96.0,51.0,47.0,3.9,6.84,22.68,4.0,6.0,20.0,257.0,194.0,194.0,9.0,3.0,1.97,2.34,34.08,34.08,32.87
TBL,2021,TBL,TBL,Team Level,all,82,0.52,0.51,0.51,299286.0,2590.32,270.79,189.42,556.38,82.92,1438.14,1024.35,261.09,273.59,263.72,2535.0,1027.0,997.0,4559.0,285.0,169.0,35.0,590.0,105.0,1141.0,1272.0,2250.0,3277.0,335.0,769.0,2340.0,2124.0,571.0,482.0,2463.0,843.0,256.0,77.28,102.55,90.96,90.0,103.0,92.0,4618.96,3562.0,3598.54,273.0,42.11,39.78,39.81,273.09,275.23,268.97,2438.49,252.28,173.0,531.45,78.18,1352.16,979.94,242.94,252.05,242.75,2442.0,925.0,1044.0,4411.0,228.0,159.0,41.0,544.0,95.0,991.0,1350.0,2214.0,3139.0,341.0,801.0,2329.0,2068.0,579.0,483.0,2387.0,734.0,246.0,73.71,89.69,88.88,65.0,78.0,85.0,4385.81,3367.0,3355.38,283.0,38.31,37.19,37.56,253.03,252.79,246.8
TBL,2021,TBL,TBL,Team Level,5on5,82,0.52,0.51,0.51,239585.0,1983.49,177.88,138.84,446.33,63.26,1103.06,808.65,172.4,180.67,175.03,1930.0,808.0,814.0,3552.0,183.0,122.0,20.0,488.0,77.0,883.0,985.0,1747.0,2555.0,297.0,690.0,1750.0,1970.0,444.0,394.0,1966.0,636.0,136.0,62.25,77.31,38.32,71.0,81.0,31.0,3611.96,2738.0,2774.54,233.0,28.8,28.19,28.23,178.45,180.6,177.8,1894.38,163.7,129.09,433.34,60.59,1056.15,779.12,159.12,163.47,158.92,1900.0,722.0,811.0,3433.0,149.0,126.0,31.0,443.0,75.0,762.0,1067.0,1751.0,2473.0,300.0,718.0,1771.0,1919.0,454.0,395.0,1939.0,559.0,124.0,60.2,67.93,35.58,54.0,59.0,36.0,3407.81,2622.0,2610.38,248.0,26.7,27.96,27.96,162.44,162.19,159.76
TBL,2021,TBL,TBL,Team Level,4on5,82,0.14,0.13,0.15,23949.0,59.13,7.59,3.47,7.99,1.89,18.41,38.64,7.44,7.59,7.44,64.0,14.0,15.0,93.0,7.0,3.0,1.0,5.0,1.0,13.0,49.0,57.0,71.0,14.0,31.0,200.0,77.0,73.0,25.0,43.0,22.0,13.0,1.13,2.87,3.6,1.0,1.0,5.0,93.0,78.0,78.0,24.0,0.79,0.85,0.85,7.53,7.53,7.5,330.95,47.24,29.71,65.33,10.84,201.16,101.72,43.86,47.24,43.86,334.0,122.0,156.0,612.0,45.0,26.0,9.0,70.0,12.0,161.0,142.0,289.0,411.0,20.0,41.0,236.0,39.0,27.0,52.0,288.0,104.0,64.0,7.26,12.31,27.67,7.0,10.0,28.0,612.0,456.0,456.0,7.0,7.71,7.21,7.21,47.75,47.75,45.41
TBL,2021,TBL,TBL,Team Level,5on4,82,0.86,0.86,0.85,24755.0,384.2,47.53,35.31,75.89,12.71,232.11,124.45,45.4,47.53,45.4,386.0,142.0,117.0,645.0,55.0,34.0,8.0,79.0,19.0,170.0,171.0,331.0,473.0,15.0,30.0,247.0,39.0,18.0,48.0,347.0,129.0,52.0,9.3,15.34,22.89,10.0,12.0,33.0,645.0,528.0,528.0,8.0,9.13,6.1,6.1,50.56,50.56,48.7,71.98,7.92,3.94,9.11,2.02,21.98,50.04,7.9,7.92,7.9,72.0,23.0,14.0,109.0,4.0,1.0,0.0,8.0,1.0,6.0,75.0,68.0,91.0,7.0,14.0,193.0,75.0,68.0,20.0,64.0,20.0,11.0,2.36,2.61,2.94,0.0,3.0,1.0,109.0,95.0,95.0,19.0,0.9,0.05,0.05,8.77,8.77,8.75
LAK,2021,LAK,LAK,Team Level,other,82,0.58,0.53,0.56,9596.0,154.36,35.89,10.7,27.14,5.14,76.8,56.32,33.42,35.89,33.42,154.0,58.0,47.0,259.0,33.0,16.0,5.0,20.0,7.0,63.0,73.0,121.0,179.0,3.0,6.0,124.0,36.0,18.0,20.0,92.0,73.0,47.0,3.8,9.09,23.01,1.0,5.0,27.0,259.0,212.0,212.0,8.0,3.02,5.28,5.28,33.63,33.63,32.47,125.13,25.61,9.1,21.89,4.36,62.2,43.83,23.85,25.61,23.85,119.0,48.0,61.0,228.0,20.0,10.0,1.0,13.0,8.0,55.0,61.0,99.0,147.0,11.0,22.0,93.0,33.0,25.0,31.0,76.0,54.0,37.0,3.3,7.03,15.29,5.0,4.0,11.0,228.0,167.0,167.0,21.0,2.5,3.24,3.5,24.63,24.63,23.88
LAK,2021,LAK,LAK,Team Level,all,82,0.53,0.54,0.55,299533.0,2849.1,272.44,198.35,651.63,93.61,1570.84,1143.12,260.18,272.03,259.87,2866.0,1064.0,1157.0,5087.0,235.0,252.0,40.0,652.0,92.0,1220.0,1479.0,2631.0,3695.0,274.0,603.0,2321.0,1667.0,449.0,592.0,2852.0,803.0,275.0,83.51,97.31,91.62,68.0,73.0,94.0,5092.03,3930.0,3936.85,431.0,43.67,55.15,55.22,260.89,260.83,254.77,2376.1,242.29,170.32,522.52,76.72,1285.54,945.61,231.82,243.78,233.26,2343.0,900.0,1091.0,4334.0,232.0,208.0,31.0,486.0,95.0,948.0,1274.0,2111.0,3011.0,288.0,623.0,2126.0,2182.0,403.0,620.0,2246.0,750.0,247.0,68.82,90.91,82.55,66.0,100.0,66.0,4354.78,3243.0,3254.65,420.0,37.39,45.55,46.18,233.51,234.67,229.7
LAK,2021,LAK,LAK,Team Level,5on5,82,0.53,0.54,0.55,244176.0,2235.42,187.62,148.01,531.59,73.12,1232.79,910.88,180.9,187.19,180.6,2225.0,859.0,931.0,4015.0,155.0,182.0,28.0,542.0,74.0,967.0,1164.0,2070.0,2929.0,249.0,555.0,1766.0,1529.0,379.0,490.0,2328.0,581.0,175.0,68.51,69.57,49.53,56.0,53.0,46.0,4020.03,3084.0,3090.85,376.0,30.61,38.64,38.83,179.39,179.32,176.37,1849.68,166.18,127.1,424.08,59.34,1002.89,750.41,160.39,167.68,161.83,1815.0,715.0,873.0,3403.0,152.0,158.0,21.0,411.0,69.0,710.0,1030.0,1663.0,2378.0,263.0,573.0,1651.0,2044.0,332.0,506.0,1800.0,582.0,148.0,55.64,70.29,40.25,50.0,77.0,25.0,3423.78,2530.0,2541.65,352.0,26.36,33.35,33.65,158.9,160.07,157.63
LAK,2021,LAK,LAK,Team Level,4on5,82,0.15,0.15,0.17,21619.0,70.72,7.72,4.02,9.37,2.36,22.53,48.98,7.65,7.72,7.65,83.0,12.0,10.0,105.0,11.0,3.0,1.0,6.0,1.0,8.0,66.0,72.0,84.0,6.0,12.0,171.0,76.0,32.0,41.0,60.0,25.0,10.0,1.66,3.3,2.76,0.0,5.0,6.0,105.0,95.0,95.0,40.0,0.91,0.51,0.51,8.12,8.12,8.08,334.76,43.19,30.57,67.75,11.06,200.52,105.91,40.5,43.19,40.5,331.0,128.0,149.0,608.0,52.0,37.0,8.0,55.0,13.0,169.0,133.0,279.0,407.0,9.0,18.0,198.0,31.0,7.0,33.0,312.0,96.0,51.0,8.1,11.16,23.93,8.0,17.0,27.0,608.0,459.0,459.0,2.0,7.73,8.18,8.25,42.66,42.66,40.97
LAK,2021,LAK,LAK,Team Level,5on4,82,0.85,0.88,0.86,24142.0,388.6,41.21,35.62,83.53,12.98,238.72,126.94,38.21,41.21,38.21,404.0,135.0,169.0,708.0,36.0,51.0,6.0,84.0,10.0,182.0,176.0,368.0,503.0,16.0,30.0,260.0,26.0,20.0,41.0,372.0,124.0,43.0,9.55,15.35,16.32,11.0,10.0,15.0,708.0,539.0,539.0,7.0,9.13,10.72,10.6,39.74,39.74,37.85,66.53,7.29,3.55,8.8,1.96,19.93,45.46,7.08,7.29,7.08,78.0,9.0,8.0,95.0,8.0,3.0,1.0,7.0,5.0,14.0,50.0,70.0,79.0,5.0,10.0,184.0,74.0,39.0,50.0,58.0,18.0,11.0,1.77,2.43,3.09,3.0,2.0,3.0,95.0,87.0,87.0,45.0,0.82,0.79,0.79,7.32,7.32,7.22
ANA,2021,ANA,ANA,Team Level,other,82,0.37,0.42,0.42,9539.0,118.33,21.99,7.7,21.73,4.01,63.85,46.71,21.56,21.99,21.56,120.0,46.0,49.0,215.0,23.0,6.0,1.0,18.0,5.0,50.0,64.0,97.0,143.0,10.0,20.0,113.0,30.0,13.0,23.0,101.0,39.0,26.0,3.88,4.66,13.44,6.0,5.0,12.0,215.0,166.0,166.0,9.0,2.16,2.06,2.06,22.1,22.1,21.9,168.5,37.3,11.12,28.48,5.23,86.23,63.65,34.09,37.3,34.09,174.0,58.0,63.0,295.0,39.0,6.0,2.0,22.0,4.0,73.0,88.0,135.0,193.0,4.0,6.0,126.0,28.0,32.0,21.0,130.0,58.0,44.0,5.37,6.86,25.06,8.0,11.0,20.0,295.0,232.0,232.0,8.0,3.09,1.89,1.89,38.49,38.49,35.4
ANA,2021,ANA,ANA,Team Level,all,82,0.46,0.47,0.47,300120.0,2383.15,215.84,160.52,546.75,78.79,1327.48,996.62,209.32,216.19,209.62,2395.0,931.0,1073.0,4399.0,228.0,173.0,37.0,507.0,82.0,1007.0,1329.0,2167.0,3098.0,295.0,695.0,2174.0,1697.0,501.0,764.0,2519.0,604.0,203.0,72.81,73.45,69.58,75.0,79.0,74.0,4390.37,3326.0,3320.68,397.0,35.06,36.23,36.49,214.41,214.51,211.03,2681.69,248.46,186.21,610.98,89.58,1525.08,1113.69,238.98,250.2,240.66,2725.0,1049.0,1122.0,4896.0,266.0,198.0,22.0,628.0,85.0,1163.0,1434.0,2459.0,3508.0,286.0,690.0,2336.0,1702.0,524.0,828.0,2841.0,732.0,201.0,84.61,88.19,75.66,98.0,108.0,60.0,4938.95,3774.0,3805.71,403.0,40.77,39.0,39.0,250.23,251.74,244.68
ANA,2021,ANA,ANA,Team Level,5on5,82,0.48,0.48,0.48,247824.0,1937.78,154.81,126.26,459.71,64.2,1073.11,821.92,149.75,155.16,150.05,1938.0,762.0,852.0,3552.0,155.0,149.0,32.0,431.0,59.0,798.0,1108.0,1783.0,2545.0,266.0,631.0,1657.0,1592.0,430.0,657.0,2077.0,492.0,131.0,59.62,59.92,35.28,60.0,60.0,35.0,3543.37,2700.0,2694.68,356.0,26.04,30.13,30.39,150.47,150.57,148.29,2084.54,166.4,139.9,497.24,70.13,1188.38,882.94,161.72,168.15,163.39,2102.0,843.0,935.0,3880.0,187.0,161.0,15.0,509.0,69.0,888.0,1131.0,1915.0,2758.0,262.0,638.0,1835.0,1582.0,432.0,711.0,2283.0,543.0,119.0,67.89,65.55,32.95,85.0,80.0,22.0,3922.95,2945.0,2976.7,358.0,28.77,31.43,31.66,163.51,165.03,162.66
ANA,2021,ANA,ANA,Team Level,4on5,82,0.11,0.11,0.12,21539.0,50.6,4.72,2.67,7.06,1.54,16.58,37.43,4.64,4.72,4.64,58.0,12.0,7.0,77.0,4.0,2.0,0.0,3.0,0.0,11.0,50.0,54.0,66.0,6.0,18.0,172.0,48.0,40.0,29.0,54.0,11.0,5.0,1.69,1.32,1.71,1.0,1.0,2.0,77.0,70.0,70.0,29.0,0.62,0.43,0.43,4.91,4.91,4.87,367.29,39.81,32.22,76.33,12.3,230.34,121.98,38.27,39.81,38.27,380.0,133.0,115.0,628.0,37.0,31.0,5.0,84.0,11.0,188.0,162.0,343.0,476.0,18.0,42.0,224.0,18.0,18.0,55.0,366.0,113.0,34.0,9.57,13.51,16.72,5.0,14.0,18.0,628.0,513.0,513.0,1.0,8.22,5.68,5.45,42.58,42.58,41.02
ANA,2021,ANA,ANA,Team Level,5on4,82,0.87,0.86,0.82,21218.0,276.44,34.32,23.9,58.25,9.04,173.95,90.55,33.37,34.32,33.37,279.0,111.0,165.0,555.0,46.0,16.0,4.0,55.0,18.0,148.0,107.0,233.0,344.0,13.0,26.0,232.0,27.0,18.0,55.0,287.0,62.0,41.0,7.63,7.54,19.14,8.0,13.0,25.0,555.0,390.0,390.0,3.0,6.23,3.61,3.61,36.94,36.94,35.97,61.36,4.95,2.98,8.94,1.9,20.12,45.12,4.91,4.95,4.91,69.0,15.0,9.0,93.0,3.0,0.0,0.0,13.0,1.0,14.0,53.0,66.0,81.0,2.0,4.0,151.0,74.0,42.0,41.0,62.0,18.0,4.0,1.77,2.26,0.92,0.0,3.0,0.0,93.0,84.0,84.0,36.0,0.69,0.0,0.0,5.63,5.63,5.59
CAR,2021,CAR,CAR,Team Level,other,82,0.57,0.49,0.47,12474.0,143.53,39.32,9.47,23.45,4.28,69.43,49.06,37.74,39.32,37.74,139.0,56.0,65.0,260.0,33.0,9.0,5.0,25.0,8.0,52.0,68.0,106.0,162.0,10.0,22.0,131.0,39.0,36.0,47.0,87.0,52.0,56.0,3.38,6.24,29.7,1.0,8.0,24.0,260.0,195.0,195.0,19.0,2.77,3.45,3.45,38.65,38.65,37.67,161.31,29.95,12.63,29.56,5.45,90.41,52.0,28.04,29.95,28.04,159.0,61.0,56.0,276.0,27.0,15.0,4.0,23.0,7.0,75.0,73.0,132.0,193.0,9.0,18.0,140.0,52.0,27.0,52.0,111.0,66.0,43.0,4.65,8.2,17.1,3.0,12.0,12.0,276.0,220.0,220.0,17.0,3.63,3.34,3.34,30.24,30.24,28.62
CAR,2021,CAR,CAR,Team Level,all,82,0.56,0.56,0.55,298163.0,2853.66,290.18,195.95,668.01,94.85,1575.85,1149.16,278.37,292.54,280.6,2798.0,1176.0,1143.0,5117.0,277.0,271.0,52.0,617.0,111.0,1342.0,1356.0,2521.0,3697.0,312.0,660.0,2616.0,1804.0,675.0,849.0,2863.0,808.0,303.0,83.98,99.04,107.16,85.0,104.0,88.0,5185.52,3974.0,4018.65,377.0,43.01,62.08,62.08,271.12,272.95,266.8,2339.97,226.53,162.02,532.17,76.54,1270.85,931.96,218.21,225.84,217.53,2310.0,891.0,858.0,4059.0,200.0,214.0,36.0,475.0,88.0,972.0,1252.0,2110.0,3001.0,264.0,563.0,2237.0,2072.0,603.0,931.0,2310.0,659.0,232.0,70.41,81.57,74.55,61.0,79.0,60.0,4016.73,3201.0,3174.92,495.0,35.91,45.21,45.27,217.1,216.42,211.65
CAR,2021,CAR,CAR,Team Level,5on5,82,0.56,0.56,0.56,236824.0,2270.26,199.03,151.76,557.06,76.23,1262.42,923.5,190.95,201.39,193.18,2210.0,960.0,947.0,4117.0,193.0,222.0,34.0,533.0,92.0,1061.0,1069.0,2017.0,2977.0,277.0,590.0,2035.0,1689.0,523.0,672.0,2354.0,630.0,186.0,68.79,77.69,52.55,72.0,84.0,37.0,4185.52,3170.0,3214.65,314.0,31.44,46.76,46.76,183.72,185.55,182.0,1838.49,158.44,121.15,435.99,60.08,990.99,744.41,153.37,157.76,152.7,1814.0,698.0,695.0,3207.0,141.0,165.0,26.0,397.0,65.0,767.0,977.0,1673.0,2371.0,226.0,487.0,1740.0,1900.0,492.0,739.0,1874.0,494.0,144.0,57.62,61.12,39.69,51.0,57.0,33.0,3164.73,2512.0,2485.92,440.0,25.11,33.43,33.92,149.57,148.89,146.56
CAR,2021,CAR,CAR,Team Level,4on5,82,0.22,0.22,0.24,27751.0,90.74,8.65,4.66,12.12,2.69,27.47,63.42,8.45,8.65,8.45,102.0,17.0,14.0,133.0,4.0,5.0,1.0,5.0,0.0,21.0,84.0,98.0,115.0,9.0,18.0,247.0,55.0,88.0,48.0,80.0,30.0,9.0,2.37,3.92,2.35,1.0,1.0,2.0,133.0,119.0,119.0,38.0,1.08,0.75,0.75,8.97,8.97,8.89,274.87,30.09,24.73,57.72,9.1,170.41,91.96,28.99,30.09,28.99,269.0,115.0,99.0,483.0,29.0,29.0,6.0,54.0,14.0,119.0,139.0,240.0,355.0,24.0,48.0,206.0,44.0,41.0,108.0,273.0,80.0,31.0,6.73,9.85,13.51,7.0,9.0,13.0,483.0,384.0,384.0,9.0,6.36,7.28,6.85,29.59,29.59,28.97
CAR,2021,CAR,CAR,Team Level,5on4,82,0.84,0.87,0.85,21114.0,349.12,43.18,30.07,75.38,11.66,216.53,113.18,41.24,43.18,41.24,347.0,143.0,117.0,607.0,47.0,35.0,12.0,54.0,11.0,208.0,135.0,300.0,443.0,16.0,30.0,203.0,21.0,28.0,82.0,342.0,96.0,52.0,9.44,11.19,22.55,11.0,11.0,25.0,607.0,490.0,490.0,6.0,7.72,11.12,11.12,39.78,39.78,38.23,65.32,8.05,3.51,8.9,1.91,19.05,43.58,7.82,8.05,7.82,68.0,17.0,8.0,93.0,3.0,5.0,0.0,1.0,2.0,11.0,63.0,65.0,82.0,5.0,10.0,151.0,76.0,43.0,32.0,52.0,19.0,14.0,1.41,2.39,4.24,0.0,1.0,2.0,93.0,85.0,85.0,29.0,0.81,1.15,1.15,7.7,7.7,7.51
DAL,2021,DAL,DAL,Team Level,other,82,0.5,0.51,0.51,11718.0,171.2,34.05,12.18,31.38,5.86,95.36,60.24,32.55,34.05,32.55,153.0,87.0,80.0,320.0,32.0,8.0,2.0,19.0,10.0,102.0,69.0,121.0,208.0,11.0,22.0,157.0,40.0,21.0,36.0,128.0,69.0,43.0,5.06,8.88,20.11,4.0,9.0,19.0,320.0,240.0,240.0,17.0,3.46,2.13,2.13,35.31,35.31,33.87,166.69,34.52,12.09,28.72,5.47,93.37,57.88,32.08,34.52,32.08,167.0,66.0,69.0,302.0,37.0,10.0,4.0,26.0,6.0,88.0,66.0,130.0,196.0,11.0,22.0,133.0,41.0,30.0,32.0,112.0,80.0,41.0,4.67,9.73,20.12,5.0,9.0,23.0,302.0,233.0,233.0,16.0,3.53,3.72,3.72,34.25,34.25,32.45
DAL,2021,DAL,DAL,Team Level,all,82,0.53,0.5,0.5,299445.0,2515.93,264.52,175.15,575.54,82.68,1381.57,1001.6,249.47,264.72,249.68,2486.0,996.0,1150.0,4632.0,233.0,218.0,40.0,557.0,98.0,1098.0,1278.0,2253.0,3249.0,246.0,521.0,2638.0,1850.0,460.0,820.0,2443.0,759.0,280.0,71.07,92.19,101.26,55.0,85.0,93.0,4635.03,3482.0,3484.6,455.0,38.96,52.77,52.84,250.58,250.76,242.39,2513.69,233.38,172.22,569.9,81.96,1429.02,1038.58,223.71,233.27,223.62,2546.0,980.0,1170.0,4696.0,244.0,175.0,31.0,582.0,81.0,1127.0,1317.0,2302.0,3282.0,257.0,546.0,2174.0,1709.0,488.0,801.0,2621.0,699.0,206.0,76.28,84.27,72.84,92.0,78.0,74.0,4688.45,3526.0,3519.89,436.0,37.74,39.16,39.17,231.9,231.8,225.61
DAL,2021,DAL,DAL,Team Level,5on5,82,0.52,0.49,0.49,244922.0,1954.15,171.56,131.17,466.58,64.09,1078.11,797.49,165.18,171.77,165.39,1936.0,773.0,915.0,3624.0,147.0,164.0,25.0,466.0,69.0,818.0,1045.0,1789.0,2562.0,216.0,463.0,2065.0,1729.0,386.0,681.0,1973.0,574.0,162.0,56.85,68.61,46.1,45.0,62.0,40.0,3627.03,2709.0,2711.61,398.0,27.19,36.52,36.58,162.18,162.36,159.64,1990.09,161.01,132.65,473.96,65.37,1131.29,831.72,155.69,160.9,155.6,2012.0,784.0,975.0,3771.0,160.0,151.0,22.0,487.0,64.0,876.0,1058.0,1852.0,2636.0,224.0,482.0,1668.0,1597.0,403.0,644.0,2144.0,525.0,127.0,61.2,63.48,36.33,75.0,56.0,29.0,3763.45,2796.0,2789.89,360.0,27.33,30.98,31.17,157.18,157.07,154.51
DAL,2021,DAL,DAL,Team Level,4on5,82,0.14,0.14,0.16,20413.0,58.3,5.22,2.97,7.97,1.69,17.87,41.28,5.17,5.22,5.17,63.0,14.0,9.0,86.0,7.0,3.0,0.0,6.0,2.0,17.0,42.0,56.0,70.0,5.0,10.0,186.0,65.0,37.0,35.0,56.0,16.0,5.0,1.81,2.09,1.33,1.0,5.0,1.0,86.0,77.0,77.0,33.0,0.68,0.55,0.55,5.35,5.35,5.33,282.05,31.14,23.99,57.5,9.01,181.19,94.15,29.42,31.14,29.42,284.0,113.0,119.0,516.0,42.0,10.0,5.0,63.0,9.0,150.0,123.0,242.0,355.0,16.0,32.0,192.0,24.0,17.0,69.0,291.0,75.0,31.0,8.2,8.5,14.45,10.0,10.0,22.0,516.0,397.0,397.0,9.0,6.08,3.51,3.33,33.89,33.89,32.17
DAL,2021,DAL,DAL,Team Level,5on4,82,0.89,0.85,0.82,22392.0,332.27,53.69,28.84,69.6,11.04,190.23,102.59,46.57,53.69,46.57,334.0,122.0,146.0,602.0,47.0,43.0,13.0,66.0,17.0,161.0,122.0,287.0,409.0,14.0,26.0,230.0,16.0,16.0,68.0,286.0,100.0,70.0,7.35,12.62,33.72,5.0,9.0,33.0,602.0,456.0,456.0,7.0,7.61,13.57,13.57,47.73,47.73,43.56,74.87,6.71,3.5,9.71,2.11,23.15,54.82,6.52,6.71,6.52,83.0,17.0,7.0,107.0,5.0,4.0,0.0,6.0,2.0,13.0,70.0,78.0,95.0,6.0,10.0,181.0,47.0,38.0,56.0,74.0,19.0,7.0,2.21,2.56,1.94,2.0,3.0,0.0,107.0,100.0,100.0,51.0,0.81,0.94,0.94,6.57,6.57,6.49
NYI,2021,NYI,NYI,Team Level,other,82,0.45,0.47,0.49,11286.0,125.46,23.82,8.95,23.08,4.15,72.34,49.66,22.41,23.82,22.41,134.0,48.0,45.0,227.0,22.0,10.0,2.0,29.0,9.0,48.0,64.0,112.0,160.0,7.0,14.0,105.0,33.0,20.0,44.0,116.0,36.0,30.0,5.05,4.49,14.27,5.0,6.0,11.0,227.0,182.0,182.0,21.0,2.47,2.59,2.59,23.71,23.71,22.34,139.12,29.42,10.13,24.49,4.54,75.18,48.23,28.38,29.42,28.38,154.0,38.0,62.0,254.0,33.0,6.0,2.0,22.0,6.0,66.0,59.0,121.0,159.0,6.0,12.0,129.0,24.0,22.0,33.0,100.0,51.0,41.0,3.63,6.17,19.62,5.0,5.0,23.0,254.0,192.0,192.0,14.0,2.89,2.12,2.12,30.19,30.19,29.3
NYI,2021,NYI,NYI,Team Level,all,82,0.48,0.47,0.47,298213.0,2291.82,217.06,162.95,523.1,76.14,1291.1,940.64,207.85,218.59,209.33,2368.0,843.0,1034.0,4245.0,229.0,177.0,28.0,523.0,109.0,958.0,1215.0,2139.0,2982.0,274.0,625.0,2228.0,2018.0,499.0,858.0,2418.0,567.0,226.0,72.78,68.28,75.99,84.0,72.0,73.0,4275.11,3211.0,3232.2,479.0,35.59,37.68,37.68,214.97,216.58,211.09,2596.06,239.85,178.69,602.24,86.0,1470.26,1057.17,229.81,240.38,230.28,2670.0,967.0,1235.0,4872.0,231.0,214.0,36.0,514.0,103.0,1141.0,1434.0,2439.0,3406.0,273.0,628.0,2114.0,1636.0,474.0,894.0,2788.0,604.0,245.0,82.59,73.74,83.51,91.0,64.0,76.0,4869.15,3637.0,3636.43,513.0,38.79,45.42,45.42,233.09,233.3,227.36
NYI,2021,NYI,NYI,Team Level,5on5,82,0.47,0.46,0.46,246263.0,1815.2,150.94,124.39,431.02,59.82,1019.96,751.86,146.69,152.47,148.17,1870.0,668.0,861.0,3399.0,159.0,135.0,19.0,431.0,82.0,760.0,971.0,1711.0,2379.0,245.0,564.0,1779.0,1924.0,424.0,720.0,1945.0,454.0,139.0,58.4,54.31,38.23,67.0,56.0,36.0,3429.11,2538.0,2559.2,424.0,25.58,27.21,27.21,149.31,150.92,148.93,2108.32,169.51,139.22,507.61,69.67,1196.68,874.49,163.85,170.03,164.32,2154.0,806.0,1023.0,3983.0,160.0,175.0,29.0,434.0,83.0,904.0,1204.0,1994.0,2800.0,248.0,575.0,1636.0,1538.0,404.0,765.0,2346.0,458.0,156.0,69.33,56.13,44.07,77.0,50.0,33.0,3980.15,2960.0,2959.43,456.0,28.47,35.77,35.77,162.09,162.29,159.66
NYI,2021,NYI,NYI,Team Level,4on5,82,0.13,0.15,0.17,20520.0,61.08,5.28,2.99,8.68,1.93,20.46,45.65,5.22,5.28,5.22,65.0,20.0,11.0,96.0,4.0,3.0,0.0,4.0,1.0,12.0,61.0,61.0,81.0,6.0,12.0,163.0,42.0,42.0,29.0,66.0,13.0,6.0,1.97,1.6,1.71,1.0,2.0,1.0,96.0,85.0,85.0,26.0,0.69,0.78,0.78,5.19,5.19,5.17,289.96,35.05,26.15,62.29,10.01,180.34,94.16,31.97,35.05,31.97,297.0,111.0,140.0,548.0,32.0,30.0,4.0,54.0,13.0,161.0,118.0,265.0,376.0,14.0,28.0,180.0,23.0,11.0,58.0,286.0,82.0,40.0,7.85,9.72,17.48,8.0,7.0,17.0,548.0,408.0,408.0,7.0,6.7,6.6,6.6,35.16,35.16,32.77
NYI,2021,NYI,NYI,Team Level,5on4,82,0.86,0.86,0.84,20144.0,290.09,37.03,26.6,60.32,10.24,178.34,93.48,33.52,37.03,33.52,299.0,107.0,117.0,523.0,44.0,29.0,7.0,59.0,17.0,138.0,119.0,255.0,362.0,16.0,35.0,181.0,19.0,13.0,65.0,291.0,64.0,51.0,7.35,7.88,21.78,11.0,8.0,25.0,523.0,406.0,406.0,8.0,6.84,7.11,7.11,36.76,36.76,34.65,58.65,5.87,3.18,7.83,1.79,18.05,40.28,5.61,5.87,5.61,65.0,12.0,10.0,87.0,6.0,3.0,1.0,4.0,1.0,10.0,53.0,59.0,71.0,5.0,13.0,169.0,51.0,37.0,38.0,56.0,13.0,8.0,1.79,1.72,2.35,1.0,2.0,3.0,87.0,77.0,77.0,36.0,0.73,0.93,0.93,5.66,5.66,5.63
NJD,2021,NJD,NJD,Team Level,other,82,0.46,0.53,0.55,10401.0,138.99,26.76,9.29,25.74,4.63,75.9,49.68,24.41,26.76,24.41,132.0,60.0,56.0,248.0,23.0,6.0,2.0,30.0,5.0,56.0,72.0,109.0,169.0,3.0,6.0,102.0,28.0,25.0,25.0,107.0,52.0,33.0,4.44,6.26,16.06,6.0,3.0,14.0,248.0,192.0,192.0,10.0,2.65,2.08,2.08,27.34,27.34,25.0,115.68,30.99,7.53,19.3,3.74,54.89,42.55,29.11,30.99,29.11,113.0,46.0,57.0,216.0,35.0,6.0,4.0,15.0,12.0,41.0,50.0,78.0,124.0,5.0,12.0,137.0,33.0,24.0,20.0,76.0,42.0,41.0,2.87,5.46,22.66,9.0,6.0,20.0,216.0,159.0,159.0,4.0,2.15,2.58,2.58,30.57,30.57,28.9
NJD,2021,NJD,NJD,Team Level,all,82,0.5,0.51,0.5,298712.0,2578.41,241.76,172.47,584.86,85.3,1440.47,1051.15,233.02,240.75,232.02,2562.0,1014.0,1142.0,4718.0,245.0,170.0,46.0,632.0,101.0,1045.0,1383.0,2317.0,3331.0,257.0,574.0,2214.0,1561.0,644.0,815.0,2591.0,778.0,207.0,78.8,93.08,69.88,69.0,98.0,78.0,4666.41,3576.0,3544.66,449.0,37.52,39.29,39.29,239.99,238.71,232.35,2538.63,246.15,167.49,581.12,83.35,1395.61,1046.29,238.4,249.25,241.44,2540.0,980.0,1021.0,4541.0,302.0,162.0,50.0,626.0,111.0,960.0,1359.0,2238.0,3218.0,269.0,604.0,2512.0,1839.0,656.0,720.0,2587.0,706.0,227.0,77.36,85.7,83.08,112.0,94.0,96.0,4623.48,3520.0,3572.35,348.0,36.17,38.45,38.49,243.81,246.64,241.84
NJD,2021,NJD,NJD,Team Level,5on5,82,0.51,0.51,0.5,246786.0,2120.15,181.26,137.13,495.49,69.4,1175.38,876.33,176.38,180.25,175.37,2114.0,821.0,932.0,3867.0,182.0,144.0,38.0,540.0,80.0,842.0,1147.0,1932.0,2753.0,228.0,518.0,1732.0,1449.0,543.0,685.0,2160.0,634.0,141.0,65.74,75.61,39.92,60.0,77.0,45.0,3815.41,2935.0,2903.66,398.0,28.22,31.89,31.92,177.56,176.28,173.43,2098.55,175.05,134.12,500.2,68.96,1162.46,873.21,170.65,178.16,173.68,2099.0,815.0,873.0,3787.0,216.0,131.0,36.0,557.0,85.0,790.0,1135.0,1883.0,2698.0,247.0,558.0,2039.0,1704.0,559.0,591.0,2212.0,557.0,145.0,66.74,67.32,40.99,91.0,73.0,52.0,3869.48,2914.0,2966.35,312.0,27.59,28.2,28.23,174.42,177.24,175.13
NJD,2021,NJD,NJD,Team Level,4on5,82,0.14,0.17,0.17,19815.0,51.95,5.05,2.66,7.48,1.71,17.81,38.28,5.02,5.05,5.02,61.0,12.0,16.0,89.0,5.0,1.0,0.0,4.0,1.0,10.0,52.0,56.0,68.0,9.0,18.0,168.0,48.0,63.0,34.0,52.0,16.0,5.0,1.34,2.25,1.46,1.0,3.0,1.0,89.0,73.0,73.0,32.0,0.62,0.04,0.0,5.67,5.67,5.63,255.14,32.13,22.24,51.76,8.38,157.03,83.45,30.9,32.13,30.9,253.0,102.0,81.0,436.0,37.0,22.0,8.0,47.0,12.0,115.0,122.0,216.0,318.0,12.0,24.0,169.0,21.0,22.0,80.0,244.0,78.0,33.0,6.09,9.3,16.74,9.0,7.0,21.0,436.0,355.0,355.0,9.0,5.62,6.56,6.56,31.19,31.19,30.28
NJD,2021,NJD,NJD,Team Level,5on4,82,0.78,0.83,0.8,21710.0,267.31,28.69,23.39,56.15,9.55,171.37,86.86,27.22,28.69,27.22,255.0,121.0,138.0,514.0,35.0,19.0,6.0,58.0,15.0,137.0,112.0,220.0,341.0,17.0,32.0,212.0,36.0,13.0,71.0,272.0,76.0,28.0,7.28,8.96,12.45,2.0,15.0,18.0,514.0,376.0,376.0,9.0,6.03,5.29,5.29,29.43,29.43,28.29,69.25,7.96,3.59,9.86,2.28,21.23,47.08,7.75,7.96,7.75,75.0,17.0,10.0,102.0,14.0,3.0,2.0,7.0,2.0,14.0,52.0,61.0,78.0,5.0,10.0,167.0,81.0,51.0,29.0,55.0,29.0,8.0,1.65,3.62,2.69,3.0,8.0,3.0,102.0,92.0,92.0,23.0,0.81,1.12,1.12,7.65,7.65,7.53
WSH,2021,WSH,WSH,Team Level,other,82,0.55,0.51,0.53,10684.0,165.3,36.69,12.35,29.25,5.46,89.31,53.94,34.5,36.69,34.5,167.0,60.0,60.0,287.0,38.0,12.0,1.0,18.0,6.0,86.0,67.0,129.0,189.0,9.0,18.0,138.0,48.0,21.0,24.0,128.0,50.0,49.0,4.82,6.6,25.27,5.0,8.0,25.0,287.0,227.0,227.0,15.0,3.53,3.47,3.47,36.75,36.75,35.12,148.27,30.35,11.24,27.12,4.89,80.87,49.54,28.97,30.35,28.97,143.0,61.0,76.0,280.0,39.0,15.0,8.0,22.0,8.0,72.0,48.0,104.0,165.0,7.0,14.0,149.0,30.0,22.0,30.0,110.0,56.0,38.0,4.19,7.15,19.02,7.0,10.0,22.0,280.0,204.0,204.0,15.0,3.27,4.16,4.16,29.47,29.47,28.58
WSH,2021,WSH,WSH,Team Level,all,82,0.52,0.51,0.52,299508.0,2575.37,245.49,178.3,592.21,83.24,1445.42,1043.34,235.22,247.06,236.8,2578.0,1010.0,1080.0,4668.0,270.0,193.0,27.0,572.0,75.0,1119.0,1359.0,2308.0,3318.0,267.0,573.0,2225.0,2068.0,552.0,638.0,2695.0,658.0,235.0,78.81,80.19,86.47,105.0,84.0,81.0,4708.92,3588.0,3612.98,353.0,39.29,39.52,39.52,245.25,246.97,240.54,2397.02,226.08,169.76,555.55,78.76,1343.33,976.54,216.88,225.77,216.61,2380.0,970.0,1150.0,4500.0,242.0,200.0,47.0,507.0,65.0,1077.0,1259.0,2138.0,3108.0,304.0,643.0,2499.0,1904.0,650.0,681.0,2463.0,666.0,221.0,69.35,81.5,75.23,81.0,79.0,82.0,4497.82,3350.0,3351.89,421.0,37.47,43.53,43.89,219.65,219.27,213.51
WSH,2021,WSH,WSH,Team Level,5on5,82,0.5,0.51,0.51,244066.0,2009.9,158.47,133.18,483.04,65.13,1126.15,841.05,154.17,160.04,155.75,1995.0,812.0,864.0,3671.0,179.0,145.0,18.0,483.0,53.0,862.0,1085.0,1816.0,2628.0,231.0,499.0,1740.0,1899.0,443.0,529.0,2169.0,517.0,121.0,63.17,62.58,32.72,85.0,68.0,26.0,3711.92,2807.0,2831.98,306.0,27.5,25.74,25.74,160.22,161.95,159.65,1898.43,155.95,128.95,457.03,62.34,1066.96,783.78,151.31,155.65,151.04,1878.0,777.0,937.0,3592.0,157.0,155.0,33.0,426.0,50.0,844.0,1023.0,1721.0,2498.0,276.0,587.0,1901.0,1776.0,534.0,562.0,2007.0,508.0,140.0,56.4,61.64,37.92,65.0,53.0,39.0,3589.82,2655.0,2656.89,362.0,26.61,31.68,32.07,150.5,150.13,147.88
WSH,2021,WSH,WSH,Team Level,4on5,82,0.15,0.15,0.16,21275.0,53.14,5.97,3.06,7.28,1.62,17.29,36.77,5.95,5.97,5.95,57.0,15.0,16.0,88.0,7.0,1.0,0.0,4.0,1.0,9.0,50.0,50.0,65.0,10.0,22.0,157.0,74.0,52.0,31.0,48.0,15.0,9.0,1.47,1.96,2.54,3.0,1.0,3.0,88.0,72.0,72.0,26.0,0.69,0.2,0.2,6.47,6.47,6.45,275.87,34.07,25.98,60.35,9.28,170.01,87.31,30.94,34.07,30.94,277.0,110.0,124.0,511.0,38.0,27.0,5.0,50.0,5.0,147.0,120.0,239.0,349.0,13.0,26.0,205.0,33.0,23.0,54.0,261.0,91.0,35.0,6.64,11.36,16.07,8.0,14.0,16.0,511.0,387.0,387.0,10.0,6.73,7.04,7.04,33.76,33.76,31.15
WSH,2021,WSH,WSH,Team Level,5on4,82,0.89,0.84,0.82,23483.0,347.03,44.36,29.72,72.64,11.04,212.68,111.57,40.61,44.36,40.61,359.0,123.0,140.0,622.0,46.0,35.0,8.0,67.0,15.0,162.0,157.0,313.0,436.0,17.0,34.0,190.0,47.0,36.0,54.0,350.0,76.0,56.0,9.35,9.06,25.94,12.0,7.0,27.0,622.0,482.0,482.0,6.0,7.57,10.11,10.11,41.81,41.81,39.33,74.45,5.71,3.6,11.05,2.24,25.48,55.91,5.66,5.71,5.66,82.0,22.0,13.0,117.0,8.0,3.0,1.0,9.0,2.0,14.0,68.0,74.0,96.0,8.0,16.0,244.0,65.0,71.0,35.0,85.0,11.0,8.0,2.12,1.36,2.23,1.0,2.0,5.0,117.0,104.0,104.0,34.0,0.84,0.66,0.62,5.92,5.92,5.9
CGY,2021,CGY,CGY,Team Level,other,82,0.54,0.5,0.49,9057.0,118.34,30.27,8.51,19.15,3.87,63.6,43.59,28.76,30.27,28.76,125.0,44.0,45.0,214.0,39.0,5.0,2.0,23.0,9.0,54.0,39.0,86.0,130.0,9.0,18.0,122.0,33.0,16.0,30.0,81.0,48.0,40.0,2.98,5.8,21.49,4.0,10.0,25.0,214.0,169.0,169.0,18.0,2.36,1.07,1.07,31.56,31.56,30.08,128.49,25.36,8.98,24.15,4.43,68.97,47.11,24.36,25.36,24.36,132.0,47.0,38.0,217.0,26.0,8.0,3.0,31.0,7.0,42.0,65.0,106.0,153.0,6.0,12.0,123.0,22.0,15.0,32.0,98.0,46.0,35.0,3.62,5.7,16.03,6.0,2.0,18.0,217.0,179.0,179.0,14.0,2.58,2.71,2.71,25.22,25.22,24.28
CGY,2021,CGY,CGY,Team Level,all,82,0.56,0.55,0.55,297973.0,2872.34,265.06,198.01,661.48,94.96,1623.87,1177.67,254.54,268.9,258.29,2909.0,1113.0,1206.0,5228.0,291.0,212.0,34.0,708.0,107.0,1181.0,1523.0,2618.0,3731.0,298.0,670.0,2446.0,1836.0,587.0,871.0,2999.0,787.0,236.0,84.23,93.99,86.84,94.0,117.0,80.0,5365.23,4022.0,4104.95,457.0,43.23,43.54,43.66,264.56,268.37,261.41,2359.54,210.92,159.69,549.0,77.94,1308.39,971.05,204.08,209.34,202.52,2375.0,902.0,956.0,4233.0,206.0,161.0,27.0,599.0,91.0,934.0,1286.0,2169.0,3071.0,302.0,661.0,2342.0,1689.0,610.0,788.0,2469.0,609.0,199.0,70.92,74.05,65.95,68.0,71.0,67.0,4155.43,3277.0,3228.44,451.0,35.0,33.23,33.46,212.47,210.67,206.02
CGY,2021,CGY,CGY,Team Level,5on5,82,0.55,0.56,0.55,241637.0,2291.0,180.94,149.91,552.66,76.03,1295.04,955.47,175.13,184.79,178.87,2305.0,906.0,989.0,4200.0,196.0,164.0,18.0,584.0,73.0,908.0,1286.0,2109.0,3015.0,268.0,604.0,1891.0,1715.0,482.0,735.0,2462.0,615.0,134.0,70.07,73.27,37.61,85.0,85.0,26.0,4337.23,3211.0,3293.95,391.0,30.81,30.8,30.95,180.73,184.54,181.79,1873.51,148.18,121.95,451.52,61.57,1036.24,780.52,144.09,146.61,142.53,1867.0,733.0,757.0,3357.0,140.0,128.0,22.0,491.0,71.0,745.0,1025.0,1727.0,2460.0,266.0,585.0,1791.0,1588.0,512.0,643.0,2009.0,470.0,121.0,57.58,57.25,33.36,51.0,59.0,30.0,3279.43,2600.0,2551.44,388.0,25.12,25.61,26.18,147.13,145.34,143.26
CGY,2021,CGY,CGY,Team Level,4on5,82,0.17,0.17,0.19,24433.0,73.46,6.41,3.61,9.85,2.19,23.49,53.45,6.2,6.41,6.2,80.0,19.0,14.0,113.0,6.0,5.0,1.0,8.0,3.0,20.0,57.0,74.0,93.0,9.0,23.0,196.0,62.0,67.0,47.0,66.0,27.0,6.0,1.63,3.18,1.6,1.0,4.0,1.0,113.0,99.0,99.0,43.0,0.81,1.2,1.2,6.02,6.02,5.97,292.54,31.6,25.54,63.66,9.83,182.15,96.23,29.92,31.6,29.92,303.0,106.0,145.0,554.0,37.0,24.0,2.0,76.0,11.0,139.0,122.0,266.0,372.0,20.0,41.0,240.0,26.0,20.0,71.0,294.0,80.0,35.0,7.93,9.46,14.2,11.0,9.0,17.0,554.0,409.0,409.0,9.0,6.56,4.53,4.18,33.97,33.97,32.37
CGY,2021,CGY,CGY,Team Level,5on4,82,0.89,0.87,0.86,22846.0,389.54,47.44,35.99,79.83,12.85,241.74,125.15,44.45,47.44,44.45,399.0,144.0,158.0,701.0,50.0,38.0,13.0,93.0,22.0,199.0,141.0,349.0,493.0,12.0,25.0,237.0,26.0,22.0,59.0,390.0,97.0,56.0,9.54,11.75,26.14,4.0,18.0,28.0,701.0,543.0,543.0,5.0,9.25,10.48,10.44,46.25,46.25,43.57,65.01,5.77,3.21,9.67,2.11,21.04,47.18,5.7,5.77,5.7,73.0,16.0,16.0,105.0,3.0,1.0,0.0,1.0,2.0,8.0,74.0,70.0,86.0,10.0,23.0,188.0,53.0,63.0,42.0,68.0,13.0,8.0,1.78,1.64,2.35,0.0,1.0,2.0,105.0,89.0,89.0,40.0,0.74,0.38,0.38,6.13,6.13,6.1
CHI,2021,CHI,CHI,Team Level,other,82,0.43,0.49,0.47,9302.0,133.51,25.4,9.26,23.69,4.6,72.75,46.28,24.03,25.4,24.03,137.0,45.0,65.0,247.0,26.0,10.0,2.0,21.0,9.0,59.0,57.0,111.0,156.0,6.0,12.0,109.0,39.0,23.0,15.0,96.0,60.0,26.0,4.19,7.11,14.09,4.0,9.0,13.0,247.0,182.0,182.0,8.0,2.66,2.33,2.33,25.73,25.73,24.52,144.59,33.63,9.88,25.0,4.82,76.27,52.4,32.8,33.63,32.8,150.0,52.0,51.0,253.0,43.0,17.0,5.0,20.0,5.0,60.0,57.0,107.0,159.0,5.0,10.0,104.0,41.0,34.0,22.0,116.0,42.0,44.0,4.74,4.95,23.94,9.0,9.0,25.0,253.0,202.0,202.0,16.0,2.75,5.08,5.08,31.3,31.3,30.71
CHI,2021,CHI,CHI,Team Level,all,82,0.47,0.46,0.46,299778.0,2232.09,203.88,152.74,506.3,72.85,1278.04,918.2,196.47,204.13,196.69,2362.0,770.0,1135.0,4267.0,213.0,127.0,20.0,553.0,80.0,931.0,1228.0,2149.0,2919.0,260.0,582.0,2134.0,2023.0,597.0,738.0,2385.0,571.0,176.0,70.56,68.5,64.81,74.0,79.0,60.0,4223.69,3132.0,3115.16,539.0,33.48,28.31,28.53,208.82,208.87,204.29,2579.64,231.51,177.6,591.63,84.84,1471.56,1063.87,223.63,233.09,225.19,2703.0,918.0,1300.0,4921.0,289.0,183.0,37.0,538.0,80.0,1202.0,1329.0,2414.0,3332.0,286.0,642.0,2165.0,1978.0,665.0,795.0,2829.0,579.0,213.0,84.09,69.77,77.66,119.0,83.0,87.0,4995.5,3621.0,3661.47,567.0,38.62,41.79,41.79,228.34,229.89,225.35
CHI,2021,CHI,CHI,Team Level,5on5,82,0.47,0.46,0.46,245321.0,1730.55,133.99,113.29,414.19,56.49,988.0,732.03,130.56,134.24,130.78,1824.0,614.0,913.0,3351.0,143.0,98.0,14.0,450.0,51.0,694.0,1002.0,1681.0,2295.0,231.0,519.0,1609.0,1878.0,499.0,617.0,1922.0,414.0,102.0,56.06,50.12,27.81,63.0,57.0,23.0,3307.69,2438.0,2421.16,471.0,23.24,19.97,20.3,136.93,136.98,135.44,2037.68,152.63,135.35,486.53,67.03,1169.34,857.11,148.0,154.22,149.56,2137.0,731.0,1067.0,3935.0,192.0,131.0,24.0,460.0,66.0,946.0,1073.0,1945.0,2676.0,259.0,583.0,1705.0,1822.0,552.0,682.0,2308.0,451.0,109.0,68.41,54.27,29.95,94.0,64.0,34.0,4009.5,2868.0,2908.47,496.0,27.77,26.92,27.15,153.25,154.8,152.44
CHI,2021,CHI,CHI,Team Level,4on5,82,0.11,0.11,0.13,21019.0,51.68,4.82,2.55,6.97,1.48,16.66,37.5,4.74,4.82,4.74,60.0,10.0,5.0,75.0,2.0,1.0,1.0,7.0,0.0,12.0,48.0,58.0,68.0,8.0,16.0,162.0,75.0,48.0,56.0,51.0,13.0,6.0,1.7,1.55,1.57,0.0,1.0,1.0,75.0,70.0,70.0,52.0,0.57,0.23,0.23,5.17,5.17,5.14,333.61,40.11,29.15,70.74,11.04,204.75,107.22,37.7,40.11,37.7,342.0,121.0,170.0,633.0,48.0,33.0,8.0,56.0,8.0,178.0,140.0,294.0,415.0,14.0,28.0,184.0,37.0,13.0,42.0,335.0,72.0,56.0,8.58,8.82,22.7,12.0,8.0,28.0,633.0,463.0,463.0,6.0,7.36,9.16,8.93,38.54,38.54,36.96
CHI,2021,CHI,CHI,Team Level,5on4,82,0.89,0.86,0.83,24136.0,316.36,39.66,27.63,61.44,10.26,200.62,102.38,37.14,39.66,37.14,341.0,101.0,152.0,594.0,42.0,18.0,3.0,75.0,20.0,166.0,121.0,299.0,400.0,15.0,35.0,254.0,31.0,27.0,50.0,316.0,84.0,42.0,8.62,9.71,21.33,7.0,12.0,23.0,594.0,442.0,442.0,8.0,7.0,5.78,5.67,40.99,40.99,39.19,63.75,5.15,3.22,9.37,1.94,21.2,47.13,5.12,5.15,5.12,74.0,14.0,12.0,100.0,6.0,2.0,0.0,2.0,1.0,18.0,59.0,68.0,82.0,8.0,21.0,172.0,78.0,66.0,49.0,70.0,14.0,4.0,2.36,1.73,1.06,4.0,2.0,0.0,100.0,88.0,88.0,49.0,0.73,0.63,0.63,5.26,5.26,5.23
TOR,2021,TOR,TOR,Team Level,other,82,0.54,0.5,0.5,10626.0,150.91,35.25,11.11,25.64,4.84,75.49,51.66,32.91,35.25,32.91,146.0,58.0,48.0,252.0,34.0,14.0,6.0,18.0,2.0,68.0,68.0,112.0,170.0,4.0,8.0,128.0,25.0,27.0,33.0,88.0,65.0,51.0,4.03,8.28,22.94,5.0,5.0,24.0,252.0,204.0,204.0,21.0,3.22,4.4,4.4,34.08,34.08,32.5,148.79,29.92,11.17,26.44,4.76,80.9,50.8,27.47,29.92,27.47,156.0,48.0,53.0,257.0,26.0,13.0,1.0,31.0,3.0,74.0,57.0,130.0,178.0,5.0,10.0,111.0,56.0,25.0,27.0,109.0,57.0,38.0,4.62,7.04,18.27,4.0,8.0,14.0,257.0,204.0,204.0,16.0,3.25,4.51,4.61,28.57,28.57,27.23
TOR,2021,TOR,TOR,Team Level,all,82,0.56,0.54,0.54,298110.0,2842.65,294.76,207.29,627.1,91.77,1563.1,1119.99,281.84,297.35,284.32,2835.0,1069.0,1187.0,5091.0,312.0,207.0,41.0,614.0,96.0,1254.0,1421.0,2523.0,3592.0,273.0,592.0,2636.0,1746.0,736.0,867.0,2690.0,922.0,292.0,81.98,112.88,99.9,104.0,105.0,103.0,5163.9,3904.0,3948.96,519.0,45.89,48.5,48.5,292.15,294.61,286.85,2445.06,230.21,171.2,554.83,79.24,1351.96,993.56,221.11,229.63,220.54,2512.0,869.0,972.0,4353.0,252.0,172.0,39.0,633.0,89.0,999.0,1236.0,2260.0,3129.0,283.0,604.0,2152.0,2326.0,668.0,910.0,2463.0,711.0,207.0,74.05,85.82,70.34,77.0,98.0,77.0,4301.29,3381.0,3350.32,587.0,37.78,40.09,40.09,227.89,226.96,222.48
TOR,2021,TOR,TOR,Team Level,5on5,82,0.55,0.54,0.53,245195.0,2233.71,203.45,155.93,516.26,72.14,1232.24,890.99,196.36,206.04,198.83,2233.0,838.0,1004.0,4075.0,208.0,151.0,24.0,512.0,69.0,984.0,1147.0,2025.0,2863.0,246.0,538.0,2094.0,1621.0,629.0,733.0,2182.0,721.0,168.0,68.46,88.6,46.39,87.0,77.0,44.0,4147.9,3071.0,3115.96,440.0,32.43,33.79,33.79,202.09,204.55,200.83,1958.81,165.47,131.21,458.77,63.37,1080.88,811.31,160.19,164.89,159.63,1993.0,718.0,822.0,3533.0,182.0,123.0,32.0,524.0,72.0,799.0,1011.0,1811.0,2529.0,253.0,544.0,1646.0,2175.0,570.0,764.0,2026.0,552.0,133.0,61.26,66.09,38.12,62.0,74.0,46.0,3481.29,2711.0,2680.32,520.0,27.19,27.96,27.87,164.79,163.86,161.52
TOR,2021,TOR,TOR,Team Level,4on5,82,0.27,0.22,0.24,21979.0,93.98,10.69,5.21,12.6,2.85,28.84,63.83,10.53,10.69,10.53,96.0,28.0,12.0,136.0,12.0,3.0,0.0,8.0,2.0,18.0,81.0,84.0,112.0,4.0,8.0,186.0,71.0,67.0,57.0,75.0,34.0,15.0,2.32,4.21,4.15,3.0,4.0,5.0,136.0,124.0,124.0,54.0,1.19,0.78,0.78,11.1,11.1,10.99,279.29,29.29,25.75,60.8,9.1,171.69,90.36,28.18,29.29,28.18,294.0,93.0,87.0,474.0,41.0,32.0,6.0,71.0,14.0,110.0,119.0,253.0,346.0,12.0,24.0,226.0,44.0,26.0,71.0,271.0,87.0,29.0,6.36,10.82,12.11,9.0,16.0,16.0,474.0,387.0,387.0,7.0,6.64,6.55,6.55,29.38,29.38,28.69
TOR,2021,TOR,TOR,Team Level,5on4,82,0.89,0.88,0.86,20310.0,364.05,45.37,35.05,72.6,11.94,226.54,113.51,42.05,45.37,42.05,360.0,145.0,123.0,628.0,58.0,39.0,11.0,76.0,23.0,184.0,125.0,302.0,447.0,19.0,38.0,228.0,29.0,13.0,44.0,345.0,102.0,58.0,7.16,11.79,26.42,9.0,19.0,30.0,628.0,505.0,505.0,4.0,9.06,9.55,9.55,44.88,44.88,42.52,58.18,5.52,3.07,8.83,2.01,18.49,41.09,5.26,5.52,5.26,69.0,10.0,10.0,89.0,3.0,4.0,0.0,7.0,0.0,16.0,49.0,66.0,76.0,13.0,26.0,169.0,51.0,47.0,48.0,57.0,15.0,7.0,1.81,1.87,1.85,2.0,0.0,1.0,89.0,79.0,79.0,44.0,0.71,1.07,1.07,5.15,5.15,5.04
MIN,2021,MIN,MIN,Team Level,other,82,0.53,0.55,0.55,14303.0,199.39,42.08,14.3,36.19,6.6,112.22,68.67,40.08,42.08,40.08,216.0,65.0,89.0,370.0,51.0,12.0,4.0,41.0,8.0,86.0,83.0,165.0,230.0,8.0,16.0,163.0,56.0,27.0,20.0,162.0,61.0,58.0,6.46,7.53,28.08,15.0,9.0,27.0,370.0,281.0,281.0,7.0,4.33,4.76,4.76,41.58,41.58,40.09,161.65,38.08,11.07,29.02,5.57,85.49,58.82,35.98,38.08,35.98,157.0,72.0,71.0,300.0,34.0,9.0,2.0,27.0,6.0,80.0,73.0,123.0,195.0,10.0,20.0,188.0,41.0,31.0,34.0,127.0,48.0,54.0,5.12,6.19,26.76,8.0,4.0,22.0,300.0,229.0,229.0,18.0,3.1,2.59,2.59,38.53,38.53,36.69
MIN,2021,MIN,MIN,Team Level,all,82,0.51,0.51,0.51,299798.0,2583.85,253.83,181.41,578.72,83.49,1448.71,1041.92,244.35,256.02,246.47,2669.0,920.0,1142.0,4731.0,305.0,192.0,42.0,603.0,84.0,1165.0,1240.0,2364.0,3284.0,337.0,792.0,2294.0,1846.0,490.0,571.0,2655.0,696.0,238.0,80.79,84.67,88.38,112.0,101.0,92.0,4795.52,3589.0,3623.54,274.0,40.59,43.36,43.44,250.92,252.96,246.75,2517.28,243.25,173.7,574.21,81.32,1417.99,1024.61,230.85,242.43,230.06,2577.0,939.0,1115.0,4631.0,249.0,169.0,37.0,596.0,94.0,1062.0,1346.0,2328.0,3267.0,341.0,790.0,2521.0,1827.0,497.0,586.0,2642.0,634.0,240.0,74.32,77.15,91.79,71.0,79.0,99.0,4593.12,3516.0,3499.62,338.0,38.5,40.41,40.41,241.27,240.14,233.01
MIN,2021,MIN,MIN,Team Level,5on5,82,0.53,0.51,0.51,236479.0,1983.55,161.91,133.82,461.89,63.77,1102.96,823.65,157.25,164.1,159.38,2037.0,711.0,881.0,3629.0,207.0,148.0,30.0,477.0,60.0,888.0,968.0,1830.0,2541.0,301.0,715.0,1696.0,1691.0,401.0,466.0,2084.0,537.0,127.0,62.66,64.81,34.43,89.0,78.0,40.0,3693.52,2748.0,2782.54,237.0,27.64,30.2,30.27,159.27,161.32,158.7,1881.93,141.79,123.63,451.86,60.43,1062.15,783.16,137.59,140.96,136.8,1916.0,707.0,859.0,3482.0,150.0,112.0,19.0,480.0,69.0,760.0,1052.0,1766.0,2473.0,299.0,703.0,1864.0,1668.0,401.0,475.0,2060.0,459.0,104.0,56.54,56.3,28.94,55.0,63.0,32.0,3444.12,2623.0,2606.62,287.0,25.41,23.2,23.3,143.88,142.76,140.51
MIN,2021,MIN,MIN,Team Level,4on5,82,0.07,0.1,0.12,24967.0,54.41,4.22,2.74,7.75,1.69,18.28,40.32,4.18,4.22,4.18,56.0,19.0,10.0,85.0,2.0,0.0,0.0,6.0,1.0,19.0,47.0,54.0,73.0,7.0,14.0,202.0,63.0,44.0,25.0,57.0,17.0,1.0,1.64,2.16,0.41,0.0,2.0,0.0,85.0,75.0,75.0,21.0,0.64,0.0,0.0,4.86,4.86,4.79,400.82,56.75,35.37,83.31,13.21,247.04,130.32,50.73,56.75,50.73,419.0,147.0,169.0,735.0,60.0,48.0,16.0,80.0,16.0,201.0,161.0,359.0,506.0,14.0,28.0,244.0,27.0,14.0,48.0,386.0,108.0,72.0,10.82,12.56,33.35,6.0,11.0,43.0,735.0,566.0,566.0,5.0,9.16,14.63,14.53,51.37,51.37,48.45
MIN,2021,MIN,MIN,Team Level,5on4,82,0.87,0.85,0.83,24049.0,346.5,45.63,30.53,72.89,11.41,215.25,109.29,42.83,45.63,42.83,360.0,125.0,162.0,647.0,45.0,32.0,8.0,79.0,15.0,172.0,142.0,315.0,440.0,21.0,47.0,233.0,36.0,18.0,60.0,352.0,81.0,52.0,10.01,10.16,25.46,8.0,12.0,25.0,647.0,485.0,485.0,9.0,7.99,8.4,8.4,45.22,45.22,43.17,72.88,6.64,3.62,10.01,2.1,23.31,52.31,6.55,6.64,6.55,85.0,13.0,16.0,114.0,5.0,0.0,0.0,9.0,3.0,21.0,60.0,80.0,93.0,18.0,39.0,225.0,91.0,51.0,29.0,69.0,19.0,10.0,1.82,2.09,2.73,2.0,1.0,2.0,114.0,98.0,98.0,28.0,0.84,0.0,0.0,7.48,7.48,7.37
ARI,2021,ARI,ARI,Team Level,other,82,0.5,0.49,0.49,9832.0,132.22,28.55,9.66,23.88,4.34,67.22,47.34,26.29,28.55,26.29,133.0,48.0,45.0,226.0,22.0,15.0,3.0,23.0,3.0,57.0,61.0,111.0,159.0,9.0,18.0,105.0,43.0,20.0,16.0,107.0,36.0,38.0,4.21,4.42,19.92,3.0,5.0,14.0,226.0,181.0,181.0,6.0,2.73,4.99,4.99,26.29,26.29,24.9,137.37,28.92,9.33,24.78,4.56,69.23,50.17,26.47,28.92,26.47,131.0,56.0,50.0,237.0,22.0,12.0,0.0,32.0,6.0,68.0,47.0,109.0,165.0,7.0,14.0,129.0,26.0,16.0,23.0,95.0,50.0,42.0,4.03,6.61,18.28,6.0,4.0,12.0,237.0,187.0,187.0,8.0,2.74,3.21,3.21,28.44,28.44,26.23
ARI,2021,ARI,ARI,Team Level,all,82,0.42,0.43,0.43,298166.0,2120.77,196.75,147.35,487.51,69.84,1197.86,869.68,189.42,195.02,187.77,2121.0,848.0,936.0,3905.0,206.0,175.0,23.0,447.0,62.0,911.0,1168.0,1915.0,2763.0,315.0,718.0,2105.0,1847.0,548.0,796.0,2231.0,552.0,186.0,64.89,67.67,64.2,71.0,74.0,61.0,3802.69,2969.0,2910.03,428.0,32.09,35.46,35.46,193.37,191.67,187.5,2860.13,275.46,202.51,653.44,92.54,1602.2,1152.85,262.36,280.54,267.21,2910.0,1069.0,1149.0,5128.0,309.0,242.0,47.0,711.0,101.0,1258.0,1358.0,2601.0,3670.0,256.0,606.0,2349.0,1830.0,592.0,772.0,2924.0,774.0,281.0,85.86,93.79,95.81,114.0,95.0,100.0,5281.66,3979.0,4073.46,360.0,44.66,50.43,50.43,269.69,274.21,266.09
ARI,2021,ARI,ARI,Team Level,5on5,82,0.42,0.44,0.43,244696.0,1711.05,138.34,113.95,406.81,55.89,967.95,710.07,134.31,136.6,132.67,1696.0,697.0,787.0,3180.0,157.0,132.0,18.0,370.0,55.0,719.0,960.0,1539.0,2236.0,281.0,650.0,1635.0,1721.0,471.0,693.0,1833.0,448.0,112.0,53.0,54.98,30.36,61.0,65.0,31.0,3077.69,2393.0,2334.03,389.0,23.43,25.75,26.01,135.76,134.07,132.07,2235.85,188.46,150.35,533.0,72.47,1247.45,919.27,181.59,193.53,186.43,2283.0,828.0,935.0,4046.0,221.0,190.0,40.0,585.0,81.0,949.0,1085.0,2062.0,2890.0,229.0,552.0,1812.0,1717.0,508.0,671.0,2340.0,600.0,171.0,69.24,72.05,47.16,92.0,77.0,52.0,4199.66,3111.0,3205.46,327.0,31.06,40.35,40.35,179.15,183.67,180.67
ARI,2021,ARI,ARI,Team Level,4on5,82,0.08,0.1,0.11,23895.0,53.04,4.58,2.93,7.73,1.65,18.14,37.97,4.52,4.58,4.52,56.0,17.0,12.0,85.0,3.0,0.0,0.0,7.0,0.0,16.0,47.0,53.0,70.0,9.0,18.0,186.0,59.0,43.0,28.0,54.0,15.0,4.0,1.44,1.88,1.25,1.0,1.0,1.0,85.0,73.0,73.0,24.0,0.67,0.0,0.0,5.24,5.24,5.17,426.31,52.25,39.72,86.98,13.7,266.13,140.21,48.56,52.25,48.56,429.0,170.0,155.0,754.0,62.0,39.0,7.0,86.0,11.0,225.0,176.0,367.0,537.0,14.0,28.0,247.0,25.0,16.0,55.0,432.0,104.0,63.0,11.02,12.27,28.96,14.0,13.0,35.0,754.0,599.0,599.0,4.0,10.16,6.55,6.55,55.86,55.86,52.96
ARI,2021,ARI,ARI,Team Level,5on4,82,0.81,0.82,0.8,19743.0,224.47,25.29,20.81,49.09,7.95,144.56,74.3,24.3,25.29,24.3,236.0,86.0,92.0,414.0,24.0,28.0,2.0,47.0,4.0,119.0,100.0,212.0,298.0,16.0,32.0,179.0,24.0,14.0,59.0,237.0,53.0,32.0,6.25,6.38,12.65,6.0,3.0,15.0,414.0,322.0,322.0,9.0,5.26,4.73,4.47,26.07,26.07,25.36,60.6,5.85,3.09,8.67,1.81,19.39,43.19,5.74,5.85,5.74,67.0,15.0,9.0,91.0,4.0,1.0,0.0,8.0,3.0,16.0,50.0,63.0,78.0,6.0,12.0,161.0,62.0,52.0,23.0,57.0,20.0,5.0,1.57,2.86,1.42,2.0,1.0,1.0,91.0,82.0,82.0,21.0,0.71,0.32,0.32,6.24,6.24,6.22
SEA,2021,SEA,SEA,Team Level,other,82,0.4,0.55,0.55,10831.0,126.49,23.71,9.82,22.96,4.68,79.48,40.34,22.56,23.71,22.56,124.0,57.0,70.0,251.0,24.0,8.0,0.0,21.0,3.0,76.0,49.0,100.0,157.0,7.0,14.0,121.0,35.0,20.0,23.0,111.0,38.0,32.0,4.09,4.63,15.0,5.0,4.0,15.0,251.0,181.0,181.0,10.0,2.92,1.71,1.71,24.93,24.93,23.89,104.92,35.6,6.73,16.19,3.16,52.73,31.58,33.64,35.6,33.64,102.0,44.0,57.0,203.0,39.0,8.0,4.0,19.0,2.0,42.0,36.0,63.0,107.0,3.0,6.0,114.0,26.0,23.0,18.0,68.0,26.0,52.0,2.4,3.04,30.16,5.0,5.0,29.0,203.0,146.0,146.0,13.0,1.93,3.49,3.49,34.05,34.05,33.16
SEA,2021,SEA,SEA,Team Level,all,82,0.47,0.51,0.5,296989.0,2359.98,213.61,166.92,544.07,78.25,1360.34,953.81,206.77,212.9,206.08,2381.0,936.0,1111.0,4428.0,213.0,167.0,28.0,556.0,80.0,1015.0,1286.0,2168.0,3104.0,267.0,616.0,2154.0,1771.0,582.0,633.0,2502.0,612.0,203.0,71.45,74.69,67.48,83.0,66.0,64.0,4382.35,3317.0,3293.0,344.0,36.71,34.91,34.92,215.41,214.55,210.33,2373.82,243.14,164.55,541.57,78.24,1310.7,954.79,234.43,246.09,237.27,2367.0,926.0,1031.0,4324.0,284.0,198.0,45.0,571.0,84.0,956.0,1200.0,2083.0,3009.0,262.0,608.0,2365.0,1888.0,523.0,669.0,2402.0,647.0,244.0,69.1,79.11,94.93,84.0,95.0,105.0,4404.59,3293.0,3348.23,362.0,36.16,49.4,49.4,229.9,232.75,228.33
SEA,2021,SEA,SEA,Team Level,5on5,82,0.48,0.51,0.5,245104.0,1871.75,147.82,126.8,444.55,61.34,1077.16,778.32,144.28,147.11,143.58,1884.0,752.0,903.0,3539.0,152.0,121.0,18.0,458.0,67.0,780.0,1058.0,1732.0,2484.0,241.0,557.0,1685.0,1622.0,506.0,547.0,2037.0,488.0,111.0,58.7,59.72,29.4,70.0,59.0,23.0,3493.35,2636.0,2612.0,312.0,26.08,23.79,24.02,149.88,149.02,146.87,1891.98,162.5,125.83,451.0,62.45,1041.05,779.16,157.34,165.45,160.19,1880.0,742.0,833.0,3455.0,189.0,152.0,26.0,484.0,68.0,745.0,984.0,1691.0,2433.0,230.0,541.0,1844.0,1775.0,442.0,579.0,1968.0,511.0,143.0,57.84,62.71,41.97,67.0,75.0,47.0,3535.59,2622.0,2677.23,318.0,26.06,32.97,33.0,155.56,158.41,156.01
SEA,2021,SEA,SEA,Team Level,4on5,82,0.15,0.12,0.14,19982.0,54.91,6.91,2.95,7.4,1.6,16.49,36.65,6.51,6.91,6.51,62.0,10.0,10.0,82.0,8.0,5.0,3.0,3.0,1.0,10.0,45.0,54.0,64.0,8.0,23.0,164.0,78.0,40.0,18.0,43.0,16.0,13.0,1.31,2.03,3.58,4.0,0.0,4.0,82.0,72.0,72.0,16.0,0.68,1.33,1.33,6.26,6.26,6.21,321.56,40.27,29.28,67.16,11.07,199.62,103.6,38.71,40.27,38.71,325.0,126.0,131.0,582.0,51.0,37.0,15.0,59.0,13.0,161.0,130.0,274.0,400.0,14.0,31.0,223.0,21.0,16.0,45.0,314.0,93.0,44.0,7.65,11.15,21.46,10.0,13.0,28.0,582.0,451.0,451.0,5.0,7.56,12.83,12.79,35.04,35.04,33.92
SEA,2021,SEA,SEA,Team Level,5on4,82,0.88,0.87,0.85,21072.0,306.83,35.17,27.35,69.15,10.63,187.22,98.49,33.42,35.17,33.42,311.0,117.0,128.0,556.0,29.0,33.0,7.0,74.0,9.0,149.0,134.0,282.0,399.0,11.0,22.0,184.0,36.0,16.0,45.0,311.0,70.0,47.0,7.35,8.32,19.5,4.0,3.0,22.0,556.0,428.0,428.0,6.0,7.03,8.09,7.86,34.34,34.34,33.36,55.36,4.76,2.7,7.22,1.56,17.3,40.46,4.74,4.76,4.74,60.0,14.0,10.0,84.0,5.0,1.0,0.0,9.0,1.0,8.0,50.0,55.0,69.0,15.0,30.0,184.0,66.0,42.0,27.0,52.0,17.0,5.0,1.21,2.21,1.34,2.0,2.0,1.0,84.0,74.0,74.0,26.0,0.62,0.12,0.12,5.25,5.25,5.24
