team,season,name,team,position,situation,games_played,xGoalsPercentage,corsiPercentage,fenwickPercentage,iceTime,xOnGoalFor,xGoalsFor,xReboundsFor,xFreezeFor,xPlayStoppedFor,xPlayContinuedInZoneFor,xPlayContinuedOutsideZoneFor,flurryAdjustedxGoalsFor,scoreVenueAdjustedxGoalsFor,flurryScoreVenueAdjustedxGoalsFor,shotsOnGoalFor,missedShotsFor,blockedShotAttemptsFor,shotAttemptsFor,goalsFor,reboundsFor,reboundGoalsFor,freezeFor,playStoppedFor,playContinuedInZoneFor,playContinuedOutsideZoneFor,savedShotsOnGoalFor,savedUnblockedShotAttemptsFor,penaltiesFor,penalityMinutesFor,faceOffsWonFor,hitsFor,takeawaysFor,giveawaysFor,lowDangerShotsFor,mediumDangerShotsFor,highDangerShotsFor,lowDangerxGoalsFor,mediumDangerxGoalsFor,highDangerxGoalsFor,lowDangerGoalsFor,mediumDangerGoalsFor,highDangerGoalsFor,scoreAdjustedShotsAttemptsFor,unblockedShotAttemptsFor,scoreAdjustedUnblockedShotAttemptsFor,dZoneGiveawaysFor,xGoalsFromxReboundsOfShotsFor,xGoalsFromActualReboundsOfShotsFor,reboundxGoalsFor,totalShotCreditFor,scoreAdjustedTotalShotCreditFor,scoreFlurryAdjustedTotalShotCreditFor,xOnGoalAgainst,xGoalsAgainst,xReboundsAgainst,xFreezeAgainst,xPlayStoppedAgainst,xPlayContinuedInZoneAgainst,xPlayContinuedOutsideZoneAgainst,flurryAdjustedxGoalsAgainst,scoreVenueAdjustedxGoalsAgainst,flurryScoreVenueAdjustedxGoalsAgainst,shotsOnGoalAgainst,missedShotsAgainst,blockedShotAttemptsAgainst,shotAttemptsAgainst,goalsAgainst,reboundsAgainst,reboundGoalsAgainst,freezeAgainst,playStoppedAgainst,playContinuedInZoneAgainst,playContinuedOutsideZoneAgainst,savedShotsOnGoalAgainst,savedUnblockedShotAttemptsAgainst,penaltiesAgainst,penalityMinutesAgainst,faceOffsWonAgainst,hitsAgainst,takeawaysAgainst,giveawaysAgainst,lowDangerShotsAgainst,mediumDangerShotsAgainst,highDangerShotsAgainst,lowDangerxGoalsAgainst,mediumDangerxGoalsAgainst,highDangerxGoalsAgainst,lowDangerGoalsAgainst,mediumDangerGoalsAgainst,highDangerGoalsAgainst,scoreAdjustedShotsAttemptsAgainst,unblockedShotAttemptsAgainst,scoreAdjustedUnblockedShotAttemptsAgainst,dZoneGiveawaysAgainst,xGoalsFromxReboundsOfShotsAgainst,xGoalsFromActualReboundsOfShotsAgainst,reboundxGoalsAgainst,totalShotCreditAgainst,scoreAdjustedTotalShotCreditAgainst,scoreFlurryAdjustedTotalShotCreditAgainst
NYR,2023,NYR,NYR,Team Level,other,82,0.59,0.57,0.57,11238.0,179.46,45.97,12.86,32.03,6.49,98.05,58.6,42.14,45.97,42.14,158.0,96.0,94.0,348.0,49.0,20.0,6.0,20.0,3.0,104.0,58.0,109.0,205.0,2.0,7.0,130.0,29.0,28.0,22.0,127.0,60.0,67.0,4.69,7.45,33.83,7.0,10.0,32.0,348.0,254.0,254.0,8.0,3.7,4.83,4.83,44.84,44.84,41.79,141.28,31.46,9.81,26.06,4.62,72.77,47.28,30.03,31.46,30.03,128.0,64.0,71.0,263.0,22.0,14.0,1.0,17.0,2.0,67.0,70.0,106.0,170.0,5.0,13.0,130.0,33.0,17.0,26.0,112.0,34.0,46.0,4.84,3.9,22.71,5.0,1.0,16.0,263.0,192.0,192.0,10.0,2.81,4.43,4.43,29.84,29.84,29.15
NYR,2023,NYR,NYR,Team Level,all,82,0.52,0.51,0.52,298478.0,2719.29,267.6,184.93,657.11,92.09,1503.48,1078.8,254.2,268.54,255.12,2582.0,1202.0,1382.0,5166.0,278.0,255.0,41.0,492.0,16.0,1404.0,1339.0,2304.0,3506.0,283.0,639.0,2380.0,1981.0,563.0,588.0,2845.0,647.0,292.0,82.38,78.91,106.3,102.0,90.0,86.0,5181.96,3784.0,3797.81,316.0,41.33,51.89,51.99,256.94,257.75,248.7,2568.98,249.94,172.62,633.54,87.81,1377.13,1009.94,237.65,249.47,237.23,2419.0,1112.0,1372.0,4903.0,226.0,293.0,28.0,412.0,17.0,1243.0,1340.0,2193.0,3305.0,297.0,668.0,2174.0,1683.0,485.0,551.0,2632.0,620.0,279.0,74.27,77.71,97.96,75.0,87.0,64.0,4872.69,3531.0,3515.76,285.0,38.29,57.55,57.62,230.61,230.43,224.52
NYR,2023,NYR,NYR,Team Level,5on5,82,0.49,0.5,0.5,242468.0,2063.53,162.67,132.56,527.27,69.22,1133.41,839.87,157.08,163.61,158.0,1974.0,891.0,1101.0,3966.0,166.0,190.0,23.0,411.0,11.0,1022.0,1065.0,1808.0,2699.0,256.0,582.0,1821.0,1869.0,445.0,493.0,2254.0,458.0,153.0,64.86,55.14,42.68,86.0,61.0,19.0,3981.96,2865.0,2878.81,280.0,27.47,35.89,36.3,153.85,154.67,151.91,2048.61,167.47,131.6,526.74,70.42,1097.85,824.92,160.99,167.0,160.57,1931.0,888.0,1132.0,3951.0,165.0,234.0,26.0,336.0,13.0,986.0,1085.0,1766.0,2654.0,260.0,593.0,1669.0,1579.0,410.0,447.0,2176.0,478.0,165.0,60.04,61.24,46.19,68.0,69.0,28.0,3920.69,2819.0,2803.76,250.0,27.28,43.53,44.14,150.61,150.43,147.99
NYR,2023,NYR,NYR,Team Level,4on5,82,0.15,0.17,0.19,22916.0,80.56,8.53,4.5,12.0,2.59,25.9,54.48,8.37,8.53,8.37,72.0,36.0,13.0,121.0,7.0,7.0,1.0,4.0,1.0,20.0,69.0,65.0,101.0,10.0,20.0,174.0,61.0,73.0,25.0,70.0,26.0,12.0,1.97,3.2,3.36,1.0,5.0,1.0,121.0,108.0,108.0,20.0,1.03,1.2,1.2,8.35,8.35,8.3,325.82,47.11,28.58,72.76,10.94,188.04,98.57,42.77,47.11,42.77,298.0,148.0,155.0,601.0,36.0,44.0,1.0,56.0,2.0,177.0,131.0,262.0,410.0,23.0,44.0,223.0,25.0,15.0,56.0,290.0,90.0,66.0,8.08,10.38,28.65,1.0,15.0,20.0,601.0,446.0,446.0,4.0,7.6,9.44,8.91,45.8,45.8,43.06
NYR,2023,NYR,NYR,Team Level,5on4,82,0.93,0.89,0.88,21856.0,395.75,50.43,35.01,85.81,13.78,246.11,125.87,46.61,50.43,46.61,378.0,179.0,174.0,731.0,56.0,38.0,11.0,57.0,1.0,258.0,147.0,322.0,501.0,15.0,30.0,255.0,22.0,17.0,48.0,394.0,103.0,60.0,10.87,13.11,26.44,8.0,14.0,34.0,731.0,557.0,557.0,8.0,9.13,9.96,9.67,49.88,49.88,46.69,53.29,3.91,2.63,7.99,1.84,18.46,39.17,3.87,3.91,3.87,62.0,12.0,14.0,88.0,3.0,1.0,0.0,3.0,0.0,13.0,54.0,59.0,71.0,9.0,18.0,152.0,46.0,43.0,22.0,54.0,18.0,2.0,1.31,2.19,0.41,1.0,2.0,0.0,88.0,74.0,74.0,21.0,0.6,0.15,0.15,4.36,4.36,4.32
TBL,2023,TBL,TBL,Team Level,other,82,0.48,0.5,0.49,11158.0,152.12,39.92,10.93,25.76,5.05,81.56,46.79,35.3,39.92,35.3,146.0,64.0,80.0,290.0,43.0,16.0,3.0,23.0,0.0,69.0,59.0,103.0,167.0,7.0,17.0,139.0,35.0,23.0,20.0,93.0,58.0,59.0,3.9,7.31,28.72,5.0,10.0,28.0,290.0,210.0,210.0,5.0,3.24,6.18,6.18,36.98,36.98,34.33,161.49,44.04,11.96,28.32,5.54,81.71,50.44,40.67,44.04,40.67,155.0,67.0,63.0,285.0,37.0,16.0,2.0,28.0,3.0,71.0,67.0,118.0,185.0,6.0,15.0,127.0,28.0,28.0,17.0,99.0,51.0,72.0,4.02,6.58,33.44,4.0,8.0,25.0,285.0,222.0,222.0,8.0,3.49,5.39,5.39,42.14,42.14,39.66
TBL,2023,TBL,TBL,Team Level,all,82,0.51,0.51,0.51,297761.0,2559.93,269.37,177.28,600.43,85.39,1383.75,1000.77,254.7,270.02,255.34,2402.0,1115.0,1428.0,4945.0,288.0,246.0,40.0,478.0,8.0,1241.0,1256.0,2114.0,3229.0,303.0,703.0,2331.0,1982.0,528.0,607.0,2517.0,702.0,298.0,73.8,87.81,107.76,90.0,108.0,90.0,4969.52,3517.0,3529.91,294.0,39.84,54.9,54.93,254.29,254.83,247.55,2474.16,260.06,170.12,590.31,83.81,1329.85,967.84,246.24,260.79,246.87,2430.0,972.0,1360.0,4762.0,267.0,272.0,29.0,441.0,14.0,1170.0,1238.0,2163.0,3135.0,312.0,720.0,2173.0,2053.0,602.0,531.0,2468.0,626.0,308.0,72.91,77.61,109.53,103.0,89.0,75.0,4757.9,3402.0,3408.26,279.0,37.92,58.02,58.02,239.96,240.42,232.65
TBL,2023,TBL,TBL,Team Level,5on5,82,0.5,0.51,0.5,242162.0,1946.64,166.07,129.12,481.28,64.85,1054.59,785.08,159.98,166.73,160.62,1814.0,867.0,1175.0,3856.0,172.0,180.0,25.0,376.0,7.0,958.0,988.0,1642.0,2509.0,270.0,620.0,1794.0,1859.0,433.0,514.0,2020.0,502.0,159.0,58.81,63.54,43.74,76.0,77.0,19.0,3880.52,2681.0,2693.91,266.0,26.87,36.0,36.03,156.9,157.45,154.66,1931.43,167.8,125.59,484.94,65.94,1035.3,776.44,161.02,168.53,161.64,1894.0,762.0,1119.0,3775.0,190.0,219.0,25.0,357.0,7.0,901.0,982.0,1704.0,2466.0,286.0,662.0,1660.0,1945.0,502.0,452.0,2013.0,463.0,180.0,58.02,57.49,52.28,88.0,72.0,30.0,3770.9,2656.0,2662.26,243.0,26.13,44.69,44.82,149.1,149.55,146.99
TBL,2023,TBL,TBL,Team Level,4on5,82,0.15,0.15,0.18,22610.0,74.59,7.88,4.28,11.75,2.7,24.73,49.66,7.6,7.88,7.6,78.0,23.0,10.0,111.0,5.0,6.0,0.0,5.0,0.0,22.0,63.0,73.0,96.0,11.0,30.0,192.0,71.0,59.0,23.0,67.0,24.0,10.0,2.13,3.07,2.67,2.0,2.0,1.0,111.0,101.0,101.0,19.0,0.98,1.39,1.39,7.46,7.46,7.36,322.42,43.12,29.61,68.43,10.56,193.63,99.67,39.51,43.12,39.51,319.0,126.0,166.0,611.0,35.0,35.0,2.0,56.0,4.0,183.0,132.0,284.0,410.0,12.0,24.0,197.0,31.0,13.0,37.0,298.0,96.0,51.0,9.02,11.58,22.52,9.0,8.0,18.0,611.0,445.0,445.0,5.0,7.63,7.65,7.52,43.23,43.23,40.55
TBL,2023,TBL,TBL,Team Level,5on4,82,0.92,0.88,0.87,21831.0,386.57,55.5,32.95,81.63,12.8,222.87,119.25,51.83,55.5,51.83,364.0,161.0,163.0,688.0,68.0,44.0,12.0,74.0,1.0,192.0,146.0,296.0,457.0,15.0,36.0,206.0,17.0,13.0,50.0,337.0,118.0,70.0,8.96,13.89,32.64,7.0,19.0,42.0,688.0,525.0,525.0,4.0,8.77,11.33,11.33,52.94,52.94,51.21,58.79,5.11,2.95,8.63,1.79,19.22,41.3,5.04,5.11,5.04,62.0,17.0,12.0,91.0,5.0,2.0,0.0,0.0,0.0,15.0,57.0,57.0,74.0,8.0,19.0,189.0,49.0,59.0,25.0,58.0,16.0,5.0,1.85,1.96,1.29,2.0,1.0,2.0,91.0,79.0,79.0,23.0,0.67,0.29,0.29,5.49,5.49,5.45
OTT,2023,OTT,OTT,Team Level,other,82,0.6,0.57,0.58,10393.0,178.5,37.21,13.01,36.38,6.61,88.87,56.92,33.53,37.21,33.53,175.0,64.0,76.0,315.0,33.0,34.0,5.0,25.0,2.0,83.0,62.0,142.0,206.0,7.0,14.0,155.0,31.0,20.0,25.0,136.0,36.0,67.0,5.24,4.35,27.62,7.0,6.0,20.0,315.0,239.0,239.0,9.0,4.0,9.72,9.65,31.56,31.56,30.21,127.43,25.14,8.76,24.16,4.4,68.5,44.03,23.3,25.14,23.3,122.0,53.0,67.0,242.0,26.0,13.0,2.0,26.0,1.0,55.0,54.0,96.0,149.0,11.0,20.0,125.0,34.0,19.0,18.0,99.0,42.0,34.0,3.58,4.93,16.63,7.0,6.0,13.0,242.0,175.0,175.0,7.0,2.58,5.22,5.22,22.5,22.5,21.79
OTT,2023,OTT,OTT,Team Level,all,82,0.51,0.51,0.52,298497.0,2744.85,251.67,180.59,674.82,93.54,1472.6,1086.85,239.76,251.57,239.71,2602.0,1159.0,1427.0,5188.0,250.0,298.0,29.0,518.0,13.0,1361.0,1321.0,2352.0,3511.0,322.0,711.0,2376.0,1994.0,597.0,797.0,2855.0,615.0,291.0,76.17,77.04,98.46,89.0,98.0,63.0,5159.11,3761.0,3744.29,467.0,40.67,59.43,60.4,231.86,231.8,226.36,2508.59,246.55,165.98,615.15,84.64,1326.52,992.21,232.57,247.9,233.92,2432.0,1000.0,1460.0,4892.0,281.0,288.0,35.0,487.0,11.0,1163.0,1202.0,2151.0,3151.0,350.0,782.0,2284.0,2062.0,585.0,711.0,2546.0,583.0,303.0,71.82,72.59,102.15,110.0,94.0,77.0,4945.68,3432.0,3460.55,413.0,36.97,59.66,59.78,223.73,225.15,218.08
OTT,2023,OTT,OTT,Team Level,5on5,82,0.49,0.5,0.51,238667.0,2074.74,161.24,125.79,535.1,70.05,1099.8,847.09,155.64,161.15,155.58,1951.0,889.0,1143.0,3983.0,163.0,214.0,19.0,406.0,8.0,1017.0,1032.0,1788.0,2677.0,285.0,639.0,1740.0,1867.0,507.0,650.0,2222.0,455.0,163.0,58.09,57.41,45.74,72.0,73.0,18.0,3954.11,2840.0,2823.29,422.0,26.12,40.45,40.97,146.32,146.27,143.81,1984.17,166.67,125.24,509.67,67.28,1043.17,802.03,158.99,168.03,160.32,1913.0,802.0,1201.0,3916.0,193.0,229.0,26.0,389.0,9.0,921.0,974.0,1720.0,2522.0,310.0,701.0,1773.0,1899.0,478.0,590.0,2082.0,448.0,185.0,58.82,56.59,51.28,91.0,75.0,27.0,3969.68,2715.0,2743.55,356.0,26.06,44.81,44.94,147.8,149.22,146.25
OTT,2023,OTT,OTT,Team Level,4on5,82,0.11,0.14,0.17,21779.0,68.7,5.75,3.38,10.99,2.28,22.32,48.27,5.61,5.75,5.61,77.0,16.0,7.0,100.0,6.0,5.0,1.0,6.0,0.0,14.0,62.0,71.0,87.0,11.0,22.0,214.0,58.0,54.0,34.0,69.0,19.0,5.0,1.87,2.5,1.39,0.0,5.0,1.0,100.0,93.0,93.0,32.0,0.77,1.2,1.2,5.32,5.32,5.26,333.29,48.95,28.91,71.71,11.02,194.41,101.98,44.66,48.95,44.66,327.0,130.0,181.0,638.0,57.0,41.0,6.0,67.0,1.0,173.0,118.0,270.0,400.0,18.0,39.0,192.0,34.0,13.0,56.0,301.0,83.0,73.0,8.13,9.93,30.9,12.0,11.0,34.0,638.0,457.0,457.0,3.0,7.6,8.68,8.68,47.88,47.88,44.52
OTT,2023,OTT,OTT,Team Level,5on4,82,0.89,0.89,0.87,27658.0,422.91,47.47,38.41,92.36,14.6,261.61,134.57,45.0,47.47,45.0,399.0,190.0,201.0,790.0,48.0,45.0,4.0,81.0,3.0,247.0,165.0,351.0,541.0,19.0,36.0,267.0,38.0,16.0,88.0,428.0,105.0,56.0,10.98,12.77,23.72,10.0,14.0,24.0,790.0,589.0,589.0,4.0,9.77,8.06,8.59,48.65,48.65,47.09,63.7,5.78,3.07,9.62,1.93,20.45,44.16,5.63,5.78,5.63,70.0,15.0,11.0,96.0,5.0,5.0,1.0,5.0,0.0,14.0,56.0,65.0,80.0,11.0,22.0,194.0,95.0,75.0,47.0,64.0,10.0,11.0,1.3,1.13,3.35,0.0,2.0,3.0,96.0,85.0,85.0,47.0,0.72,0.95,0.95,5.54,5.54,5.52
CHI,2023,CHI,CHI,Team Level,other,82,0.38,0.46,0.45,9862.0,105.16,20.82,8.14,20.03,3.66,60.17,32.18,19.71,20.82,19.71,110.0,35.0,58.0,203.0,25.0,10.0,2.0,16.0,0.0,63.0,31.0,85.0,120.0,2.0,4.0,105.0,28.0,22.0,22.0,82.0,36.0,27.0,3.07,4.39,13.37,6.0,7.0,12.0,203.0,145.0,145.0,8.0,2.41,3.1,3.1,20.14,20.14,19.3,128.7,34.55,8.72,22.27,4.11,65.76,40.6,32.14,34.55,32.14,121.0,55.0,60.0,236.0,27.0,12.0,1.0,25.0,0.0,62.0,50.0,94.0,149.0,4.0,8.0,112.0,21.0,21.0,20.0,79.0,49.0,48.0,3.29,6.38,24.88,3.0,6.0,18.0,236.0,176.0,176.0,9.0,2.53,4.51,4.51,32.57,32.57,30.95
CHI,2023,CHI,CHI,Team Level,all,82,0.43,0.45,0.44,296998.0,2214.66,206.24,148.88,543.56,74.36,1198.17,874.78,196.95,204.17,194.95,2153.0,893.0,1210.0,4256.0,178.0,237.0,29.0,468.0,7.0,1014.0,1142.0,1975.0,2868.0,279.0,641.0,2029.0,1871.0,714.0,747.0,2319.0,495.0,232.0,63.48,61.72,81.04,60.0,57.0,61.0,4156.75,3046.0,2992.27,424.0,33.19,51.15,51.2,188.24,186.26,182.12,2752.86,274.4,188.63,655.49,92.72,1505.07,1093.69,262.29,278.54,266.24,2683.0,1127.0,1455.0,5265.0,289.0,273.0,35.0,482.0,15.0,1328.0,1423.0,2394.0,3521.0,281.0,644.0,2357.0,1542.0,546.0,618.0,2796.0,717.0,297.0,83.07,88.86,102.48,108.0,108.0,73.0,5412.09,3810.0,3893.33,303.0,41.47,59.38,59.38,256.5,260.32,253.23
CHI,2023,CHI,CHI,Team Level,5on5,82,0.43,0.44,0.43,242696.0,1740.4,141.71,108.85,445.21,58.17,933.75,705.29,136.3,139.65,134.29,1691.0,702.0,994.0,3387.0,118.0,176.0,22.0,393.0,7.0,771.0,928.0,1573.0,2275.0,252.0,581.0,1575.0,1772.0,596.0,632.0,1875.0,373.0,145.0,51.39,47.43,42.89,47.0,45.0,26.0,3287.75,2393.0,2339.27,377.0,22.59,38.55,38.59,125.71,123.74,121.91,2256.12,191.19,147.62,560.59,76.27,1235.45,918.87,183.97,195.32,187.92,2188.0,942.0,1230.0,4360.0,202.0,222.0,24.0,402.0,14.0,1103.0,1187.0,1986.0,2928.0,247.0,570.0,1830.0,1459.0,470.0,521.0,2395.0,547.0,188.0,70.84,67.76,52.59,98.0,79.0,25.0,4507.09,3130.0,3213.33,256.0,30.65,44.77,44.77,177.07,180.89,177.24
CHI,2023,CHI,CHI,Team Level,4on5,82,0.11,0.13,0.16,22007.0,60.24,5.59,3.04,9.19,1.82,19.19,41.17,5.54,5.59,5.54,63.0,17.0,9.0,89.0,2.0,2.0,0.0,5.0,0.0,15.0,56.0,61.0,78.0,11.0,28.0,164.0,47.0,63.0,38.0,52.0,19.0,9.0,1.26,2.26,2.07,1.0,0.0,1.0,89.0,80.0,80.0,32.0,0.7,0.27,0.27,6.02,6.02,5.97,315.24,43.66,29.37,64.8,10.58,186.04,97.54,41.3,43.66,41.3,320.0,112.0,149.0,581.0,53.0,39.0,10.0,51.0,1.0,153.0,135.0,267.0,379.0,22.0,50.0,234.0,11.0,17.0,47.0,269.0,108.0,55.0,7.45,13.03,23.18,4.0,21.0,28.0,581.0,432.0,432.0,9.0,7.62,10.09,10.09,41.19,41.19,39.51
CHI,2023,CHI,CHI,Team Level,5on4,82,0.88,0.87,0.86,22433.0,308.87,38.11,28.86,69.12,10.71,185.05,96.16,35.42,38.11,35.42,289.0,139.0,149.0,577.0,33.0,49.0,5.0,54.0,0.0,165.0,127.0,256.0,395.0,14.0,28.0,185.0,24.0,33.0,55.0,310.0,67.0,51.0,7.76,7.64,22.71,6.0,5.0,22.0,577.0,428.0,428.0,7.0,7.49,9.24,9.24,36.36,36.36,34.94,52.8,5.0,2.93,7.83,1.76,17.82,36.67,4.88,5.0,4.88,54.0,18.0,16.0,88.0,7.0,0.0,0.0,4.0,0.0,10.0,51.0,47.0,65.0,8.0,16.0,181.0,51.0,38.0,30.0,53.0,13.0,6.0,1.49,1.68,1.83,3.0,2.0,2.0,88.0,72.0,72.0,29.0,0.67,0.0,0.0,5.67,5.67,5.54
SEA,2023,SEA,SEA,Team Level,other,82,0.48,0.47,0.45,9239.0,122.07,25.46,8.32,22.98,4.21,63.36,42.67,23.19,25.46,23.19,113.0,54.0,78.0,245.0,17.0,7.0,1.0,16.0,0.0,63.0,64.0,96.0,150.0,9.0,21.0,108.0,26.0,24.0,22.0,97.0,30.0,40.0,3.64,3.14,18.68,3.0,2.0,12.0,245.0,167.0,167.0,12.0,2.42,3.2,3.2,24.68,24.68,23.32,142.42,28.06,10.3,26.87,5.11,84.2,48.47,25.75,28.06,25.75,137.0,66.0,75.0,278.0,37.0,10.0,3.0,28.0,2.0,73.0,53.0,100.0,166.0,7.0,19.0,129.0,29.0,26.0,14.0,122.0,42.0,39.0,4.56,5.22,18.28,6.0,10.0,21.0,278.0,203.0,203.0,4.0,3.02,2.84,2.84,28.23,28.23,26.38
SEA,2023,SEA,SEA,Team Level,all,82,0.51,0.51,0.5,299637.0,2510.3,231.6,168.8,618.09,84.94,1386.71,995.86,221.57,233.04,222.98,2348.0,1138.0,1553.0,5039.0,214.0,233.0,24.0,486.0,9.0,1262.0,1282.0,2134.0,3272.0,260.0,597.0,2153.0,1828.0,686.0,420.0,2659.0,575.0,252.0,75.54,71.18,84.88,96.0,58.0,60.0,5052.65,3486.0,3495.44,191.0,37.26,47.9,47.9,220.96,222.14,216.08,2534.42,224.66,170.14,624.84,86.86,1416.11,1020.38,215.03,225.41,215.81,2391.0,1152.0,1301.0,4844.0,232.0,255.0,31.0,568.0,11.0,1204.0,1273.0,2159.0,3311.0,276.0,614.0,2378.0,1768.0,717.0,541.0,2727.0,577.0,239.0,73.91,70.29,80.45,83.0,78.0,71.0,4857.33,3543.0,3558.32,257.0,37.75,49.03,49.03,213.38,214.28,208.54
SEA,2023,SEA,SEA,Team Level,5on5,82,0.51,0.51,0.5,245324.0,1987.96,157.93,126.41,512.3,67.27,1095.04,807.06,153.38,159.36,154.79,1875.0,891.0,1271.0,4037.0,144.0,184.0,16.0,420.0,7.0,978.0,1033.0,1731.0,2622.0,226.0,524.0,1671.0,1707.0,596.0,351.0,2166.0,451.0,149.0,60.92,56.69,40.32,76.0,46.0,22.0,4050.65,2766.0,2775.44,159.0,26.17,34.76,34.76,149.34,150.53,148.32,2001.92,151.93,126.65,515.91,68.44,1105.47,828.6,147.08,152.68,147.86,1887.0,910.0,1033.0,3830.0,146.0,201.0,20.0,470.0,8.0,945.0,1027.0,1741.0,2651.0,245.0,547.0,1854.0,1647.0,603.0,463.0,2221.0,438.0,138.0,59.54,53.39,38.99,66.0,53.0,27.0,3843.33,2797.0,2812.32,242.0,26.21,36.5,36.63,141.5,142.4,140.02
SEA,2023,SEA,SEA,Team Level,4on5,82,0.11,0.11,0.14,21231.0,54.47,4.84,2.91,8.14,1.95,18.25,38.91,4.69,4.84,4.69,61.0,14.0,3.0,78.0,5.0,5.0,1.0,2.0,2.0,12.0,49.0,56.0,70.0,9.0,20.0,152.0,74.0,48.0,18.0,56.0,13.0,6.0,1.68,1.47,1.69,1.0,2.0,2.0,78.0,75.0,75.0,15.0,0.66,1.04,1.04,4.46,4.46,4.41,337.18,39.9,30.26,73.38,11.48,208.21,106.77,37.51,39.9,37.51,309.0,161.0,180.0,650.0,40.0,40.0,6.0,67.0,1.0,177.0,145.0,269.0,430.0,15.0,30.0,205.0,17.0,26.0,52.0,334.0,81.0,55.0,8.76,9.73,21.41,8.0,11.0,21.0,650.0,470.0,470.0,1.0,7.85,8.89,8.76,38.99,38.99,37.5
SEA,2023,SEA,SEA,Team Level,5on4,82,0.9,0.89,0.87,23843.0,345.8,43.38,31.16,74.66,11.51,210.07,107.22,40.32,43.38,40.32,299.0,179.0,201.0,679.0,48.0,37.0,6.0,48.0,0.0,209.0,136.0,251.0,430.0,16.0,32.0,222.0,21.0,18.0,29.0,340.0,81.0,57.0,9.31,9.89,24.18,16.0,8.0,24.0,679.0,478.0,478.0,5.0,8.01,8.92,8.92,42.48,42.48,40.02,52.9,4.78,2.93,8.68,1.84,18.22,36.55,4.69,4.78,4.69,58.0,15.0,13.0,86.0,9.0,4.0,2.0,3.0,0.0,9.0,48.0,49.0,64.0,9.0,18.0,190.0,75.0,62.0,12.0,50.0,16.0,7.0,1.06,1.95,1.77,3.0,4.0,2.0,86.0,73.0,73.0,10.0,0.67,0.8,0.8,4.65,4.65,4.63
NSH,2023,NSH,NSH,Team Level,other,82,0.5,0.53,0.53,11136.0,160.24,36.36,11.67,30.59,5.66,84.25,49.47,33.7,36.36,33.7,153.0,65.0,74.0,292.0,37.0,18.0,2.0,21.0,2.0,86.0,54.0,116.0,181.0,6.0,15.0,130.0,41.0,24.0,24.0,112.0,48.0,58.0,4.14,5.59,26.64,5.0,5.0,27.0,292.0,218.0,218.0,12.0,3.45,5.44,5.24,34.57,34.57,33.22,139.18,36.94,9.94,24.16,4.74,72.24,41.99,34.21,36.94,34.21,136.0,54.0,66.0,256.0,38.0,17.0,4.0,14.0,4.0,68.0,49.0,98.0,152.0,9.0,21.0,119.0,46.0,16.0,20.0,85.0,48.0,57.0,3.37,5.97,27.61,7.0,7.0,24.0,256.0,190.0,190.0,7.0,2.84,7.24,7.24,32.55,32.55,30.99
NSH,2023,NSH,NSH,Team Level,all,82,0.52,0.52,0.52,297142.0,2753.53,273.29,193.0,668.22,94.12,1487.53,1066.84,260.11,275.79,262.45,2642.0,1141.0,1424.0,5207.0,266.0,287.0,41.0,546.0,10.0,1346.0,1328.0,2376.0,3517.0,299.0,706.0,2349.0,2149.0,651.0,762.0,2769.0,701.0,313.0,78.52,87.84,106.93,89.0,76.0,101.0,5261.56,3783.0,3821.94,421.0,43.13,61.18,61.23,255.18,257.17,250.86,2539.52,250.29,170.93,615.33,87.56,1348.45,998.44,238.57,250.82,239.08,2507.0,964.0,1342.0,4813.0,248.0,271.0,27.0,483.0,10.0,1219.0,1240.0,2259.0,3223.0,313.0,727.0,2316.0,1962.0,592.0,820.0,2549.0,630.0,292.0,71.15,78.91,100.24,85.0,81.0,82.0,4804.68,3471.0,3464.73,473.0,38.03,55.61,55.7,232.63,233.27,227.39
NSH,2023,NSH,NSH,Team Level,5on5,82,0.53,0.51,0.52,237162.0,2133.49,184.22,140.57,543.78,72.67,1141.68,851.09,176.83,186.71,179.16,2037.0,897.0,1126.0,4060.0,168.0,215.0,29.0,454.0,6.0,1022.0,1069.0,1869.0,2766.0,264.0,635.0,1820.0,1997.0,555.0,633.0,2215.0,529.0,190.0,62.44,67.52,54.25,69.0,58.0,41.0,4114.56,2934.0,2972.94,372.0,29.28,42.95,43.48,170.01,171.99,168.85,1991.81,163.77,126.86,506.15,68.73,1059.46,804.03,158.18,164.3,158.68,1960.0,769.0,1101.0,3830.0,156.0,196.0,17.0,405.0,5.0,970.0,997.0,1804.0,2573.0,283.0,660.0,1752.0,1793.0,500.0,711.0,2074.0,490.0,165.0,56.86,61.68,45.23,69.0,60.0,27.0,3821.68,2729.0,2722.73,432.0,26.37,37.04,37.44,152.7,153.35,151.04
NSH,2023,NSH,NSH,Team Level,4on5,82,0.13,0.13,0.14,23706.0,58.1,6.45,3.16,8.87,1.91,17.76,38.84,6.26,6.45,6.26,59.0,18.0,13.0,90.0,6.0,7.0,1.0,1.0,1.0,14.0,48.0,53.0,71.0,11.0,20.0,165.0,89.0,59.0,34.0,47.0,23.0,7.0,1.4,2.63,2.42,2.0,3.0,1.0,90.0,77.0,77.0,30.0,0.73,1.77,1.77,5.4,5.4,5.36,339.83,42.99,31.02,74.8,12.03,196.08,105.08,39.68,42.99,39.68,334.0,128.0,168.0,630.0,50.0,54.0,6.0,55.0,1.0,171.0,131.0,284.0,412.0,11.0,24.0,231.0,27.0,20.0,58.0,322.0,81.0,59.0,9.17,9.67,24.15,9.0,12.0,29.0,630.0,462.0,462.0,5.0,8.09,10.41,10.11,40.97,40.97,38.99
NSH,2023,NSH,NSH,Team Level,5on4,82,0.88,0.89,0.86,25138.0,401.71,46.27,37.61,84.97,13.89,243.83,127.43,43.32,46.27,43.32,393.0,161.0,211.0,765.0,55.0,47.0,9.0,70.0,1.0,224.0,157.0,338.0,499.0,18.0,36.0,234.0,22.0,13.0,71.0,395.0,101.0,58.0,10.55,12.1,23.61,13.0,10.0,32.0,765.0,554.0,554.0,7.0,9.68,11.02,10.74,45.21,45.21,43.42,68.69,6.6,3.1,10.22,2.07,20.67,47.35,6.51,6.6,6.51,77.0,13.0,7.0,97.0,4.0,4.0,0.0,9.0,0.0,10.0,63.0,73.0,86.0,10.0,22.0,214.0,96.0,56.0,31.0,68.0,11.0,11.0,1.75,1.6,3.25,0.0,2.0,2.0,97.0,90.0,90.0,29.0,0.73,0.92,0.92,6.4,6.4,6.38
CBJ,2023,CBJ,CBJ,Team Level,other,82,0.44,0.5,0.49,10370.0,156.15,29.3,11.25,29.75,5.35,85.24,53.1,27.37,29.3,27.37,152.0,62.0,83.0,297.0,26.0,20.0,3.0,26.0,2.0,74.0,66.0,126.0,188.0,4.0,8.0,129.0,20.0,21.0,15.0,122.0,53.0,39.0,4.69,6.21,18.4,4.0,7.0,15.0,297.0,214.0,214.0,6.0,3.23,5.85,5.85,26.68,26.68,25.47,163.41,37.88,11.99,28.63,5.59,88.78,50.13,33.56,37.88,33.56,152.0,71.0,73.0,296.0,43.0,17.0,5.0,25.0,1.0,81.0,56.0,109.0,180.0,5.0,10.0,125.0,36.0,24.0,13.0,113.0,55.0,55.0,4.55,6.58,26.75,9.0,7.0,27.0,296.0,223.0,223.0,9.0,3.48,6.32,6.32,35.05,35.05,32.3
CBJ,2023,CBJ,CBJ,Team Level,all,82,0.45,0.48,0.47,298718.0,2592.56,237.61,174.27,634.04,89.3,1410.33,1032.44,225.45,237.57,225.5,2458.0,1120.0,1474.0,5052.0,234.0,286.0,26.0,554.0,13.0,1250.0,1241.0,2224.0,3344.0,281.0,616.0,2184.0,1577.0,517.0,463.0,2711.0,606.0,261.0,77.7,74.86,85.04,87.0,86.0,61.0,5040.21,3578.0,3575.16,255.0,38.56,52.28,52.28,223.88,224.15,217.31,2897.53,289.47,200.41,691.46,99.0,1581.01,1130.66,273.13,290.7,274.33,2822.0,1170.0,1523.0,5515.0,298.0,320.0,35.0,541.0,9.0,1428.0,1396.0,2524.0,3694.0,255.0,574.0,2441.0,1388.0,506.0,499.0,2932.0,727.0,333.0,86.23,90.13,113.11,115.0,104.0,79.0,5548.24,3992.0,4012.01,250.0,44.5,67.49,67.54,266.42,267.66,258.35
CBJ,2023,CBJ,CBJ,Team Level,5on5,82,0.45,0.48,0.47,245136.0,2046.23,165.03,131.44,520.69,70.78,1101.59,836.46,158.15,164.99,158.21,1938.0,888.0,1183.0,4009.0,175.0,230.0,19.0,443.0,10.0,976.0,992.0,1763.0,2651.0,253.0,560.0,1720.0,1506.0,424.0,393.0,2203.0,458.0,165.0,62.73,57.01,45.29,78.0,67.0,30.0,3997.21,2826.0,2823.16,231.0,27.24,39.43,39.55,152.72,152.99,149.85,2272.59,201.06,149.63,565.82,77.45,1227.16,910.87,192.54,202.29,193.74,2220.0,912.0,1254.0,4386.0,196.0,265.0,25.0,451.0,8.0,1099.0,1113.0,2024.0,2936.0,237.0,538.0,1910.0,1290.0,425.0,439.0,2353.0,561.0,218.0,70.08,70.44,60.54,90.0,78.0,28.0,4419.24,3132.0,3152.02,221.0,31.09,53.72,53.77,178.38,179.61,175.7
CBJ,2023,CBJ,CBJ,Team Level,4on5,82,0.1,0.1,0.12,21729.0,52.53,4.8,2.68,8.53,1.72,17.64,36.63,4.67,4.8,4.67,57.0,15.0,14.0,86.0,4.0,4.0,2.0,7.0,0.0,13.0,44.0,53.0,68.0,7.0,14.0,150.0,34.0,60.0,14.0,55.0,9.0,8.0,1.4,1.15,2.24,2.0,0.0,2.0,86.0,72.0,72.0,14.0,0.61,0.76,0.64,4.77,4.77,4.71,400.3,45.1,35.47,87.4,13.89,244.27,126.86,41.7,45.1,41.7,380.0,173.0,191.0,744.0,53.0,37.0,5.0,63.0,0.0,230.0,170.0,327.0,500.0,9.0,18.0,218.0,10.0,9.0,30.0,404.0,96.0,53.0,9.86,11.38,23.86,13.0,18.0,22.0,744.0,553.0,553.0,6.0,9.16,7.18,7.18,47.08,47.08,44.48
CBJ,2023,CBJ,CBJ,Team Level,5on4,82,0.88,0.88,0.85,21483.0,337.64,38.47,28.9,75.07,11.46,205.86,106.25,35.25,38.47,35.25,311.0,155.0,194.0,660.0,29.0,32.0,2.0,78.0,1.0,187.0,139.0,282.0,437.0,17.0,34.0,185.0,17.0,12.0,41.0,331.0,86.0,49.0,8.88,10.48,19.11,3.0,12.0,14.0,660.0,466.0,466.0,4.0,7.48,6.24,6.24,39.7,39.7,37.27,61.22,5.43,3.33,9.6,2.06,20.78,42.8,5.33,5.43,5.33,70.0,14.0,5.0,89.0,6.0,1.0,0.0,2.0,0.0,18.0,57.0,64.0,78.0,4.0,8.0,188.0,52.0,48.0,17.0,62.0,15.0,7.0,1.73,1.72,1.98,3.0,1.0,2.0,89.0,84.0,84.0,14.0,0.76,0.27,0.27,5.92,5.92,5.87
VAN,2023,VAN,VAN,Team Level,other,82,0.46,0.44,0.42,10783.0,123.02,33.76,8.86,21.46,4.19,65.42,40.31,32.16,33.76,32.16,113.0,61.0,66.0,240.0,31.0,10.0,4.0,18.0,4.0,64.0,47.0,82.0,143.0,11.0,20.0,120.0,36.0,18.0,13.0,82.0,37.0,55.0,3.19,4.7,25.87,3.0,5.0,23.0,240.0,174.0,174.0,9.0,2.52,4.11,4.11,32.17,32.17,31.19,177.78,39.1,13.68,32.25,6.32,97.59,51.05,34.53,39.1,34.53,163.0,77.0,67.0,307.0,32.0,27.0,4.0,28.0,1.0,91.0,61.0,131.0,208.0,6.0,10.0,124.0,36.0,16.0,15.0,124.0,57.0,59.0,4.83,7.53,26.75,6.0,7.0,19.0,307.0,240.0,240.0,6.0,4.15,10.04,10.04,33.21,33.21,30.86
VAN,2023,VAN,VAN,Team Level,all,82,0.52,0.51,0.51,297885.0,2512.36,259.89,179.21,603.77,85.4,1374.69,974.03,248.62,262.62,251.28,2328.0,1149.0,1360.0,4837.0,279.0,272.0,43.0,475.0,11.0,1191.0,1249.0,2049.0,3198.0,295.0,656.0,2336.0,2176.0,499.0,492.0,2533.0,620.0,324.0,72.72,77.35,109.83,104.0,84.0,91.0,4928.7,3477.0,3535.84,320.0,39.99,57.97,57.97,241.92,244.83,239.0,2442.16,241.63,168.2,590.31,83.84,1318.85,953.18,228.4,240.15,226.98,2344.0,1012.0,1250.0,4606.0,221.0,278.0,28.0,463.0,7.0,1205.0,1182.0,2123.0,3135.0,300.0,663.0,2145.0,1883.0,389.0,535.0,2473.0,587.0,296.0,67.45,74.02,100.16,78.0,70.0,73.0,4532.96,3356.0,3316.56,286.0,37.97,60.85,60.95,218.65,217.19,210.56
VAN,2023,VAN,VAN,Team Level,5on5,82,0.52,0.51,0.51,238102.0,1926.14,168.13,128.22,486.91,65.19,1052.22,767.32,161.31,170.86,163.98,1765.0,903.0,1085.0,3753.0,187.0,197.0,29.0,391.0,6.0,892.0,995.0,1578.0,2481.0,261.0,584.0,1764.0,2026.0,404.0,417.0,2020.0,456.0,192.0,57.4,57.26,53.47,84.0,68.0,35.0,3844.7,2668.0,2726.84,280.0,26.63,41.79,42.0,152.76,155.67,153.01,1843.21,153.65,118.59,471.32,63.67,990.85,747.92,147.84,152.17,146.41,1753.0,793.0,998.0,3544.0,138.0,204.0,17.0,368.0,4.0,895.0,937.0,1615.0,2408.0,264.0,584.0,1636.0,1752.0,320.0,447.0,1952.0,419.0,175.0,51.83,53.02,48.8,62.0,48.0,28.0,3470.96,2546.0,2506.56,247.0,24.67,40.42,40.56,137.76,136.29,133.93
VAN,2023,VAN,VAN,Team Level,4on5,82,0.13,0.12,0.14,24561.0,62.07,6.39,2.9,9.21,1.96,19.24,42.3,6.17,6.39,6.17,70.0,12.0,9.0,91.0,7.0,5.0,2.0,3.0,0.0,16.0,51.0,63.0,75.0,15.0,30.0,211.0,77.0,60.0,26.0,60.0,10.0,12.0,1.56,1.21,3.62,2.0,1.0,4.0,91.0,82.0,82.0,26.0,0.66,1.66,1.66,5.39,5.39,5.37,357.79,42.79,32.7,77.14,11.72,209.63,110.01,40.21,42.79,40.21,359.0,125.0,179.0,663.0,44.0,44.0,6.0,63.0,2.0,199.0,132.0,315.0,440.0,18.0,36.0,227.0,29.0,13.0,49.0,338.0,91.0,55.0,9.37,10.98,22.44,8.0,13.0,23.0,663.0,484.0,484.0,11.0,8.43,9.91,9.86,41.36,41.36,39.7
VAN,2023,VAN,VAN,Team Level,5on4,82,0.89,0.89,0.87,24439.0,401.13,51.61,39.22,86.19,14.07,237.81,124.1,48.97,51.61,48.97,380.0,173.0,200.0,753.0,54.0,60.0,8.0,63.0,1.0,219.0,156.0,326.0,499.0,8.0,22.0,241.0,37.0,17.0,36.0,371.0,117.0,65.0,10.56,14.19,26.87,15.0,10.0,29.0,753.0,553.0,553.0,5.0,10.18,10.41,10.2,51.6,51.6,49.44,63.38,6.09,3.21,9.6,2.12,20.77,44.21,5.83,6.09,5.83,69.0,17.0,6.0,92.0,7.0,3.0,1.0,4.0,0.0,20.0,52.0,62.0,79.0,12.0,33.0,158.0,66.0,40.0,24.0,59.0,20.0,7.0,1.43,2.49,2.17,2.0,2.0,3.0,92.0,86.0,86.0,22.0,0.73,0.49,0.49,6.33,6.33,6.08
MIN,2023,MIN,MIN,Team Level,other,82,0.53,0.5,0.5,10389.0,147.59,31.34,10.64,26.51,5.13,81.25,46.13,29.08,31.34,29.08,138.0,63.0,75.0,276.0,33.0,9.0,1.0,26.0,0.0,75.0,58.0,105.0,168.0,8.0,19.0,125.0,36.0,22.0,18.0,104.0,53.0,44.0,3.72,7.16,20.45,5.0,9.0,19.0,276.0,201.0,201.0,7.0,3.24,3.34,3.34,31.24,31.24,29.44,146.38,27.6,10.75,27.43,5.01,82.04,50.18,25.81,27.6,25.81,140.0,63.0,68.0,271.0,26.0,14.0,3.0,23.0,2.0,84.0,54.0,114.0,177.0,7.0,17.0,119.0,35.0,17.0,22.0,116.0,50.0,37.0,4.37,6.15,17.07,4.0,7.0,15.0,271.0,203.0,203.0,7.0,3.12,4.18,4.18,26.54,26.54,25.25
MIN,2023,MIN,MIN,Team Level,all,82,0.52,0.5,0.51,299052.0,2624.6,258.04,184.87,612.07,87.5,1435.56,1024.95,242.66,258.51,243.08,2472.0,1131.0,1401.0,5004.0,248.0,250.0,24.0,500.0,13.0,1315.0,1277.0,2224.0,3355.0,330.0,776.0,2192.0,1598.0,497.0,526.0,2653.0,675.0,275.0,73.97,84.01,100.04,73.0,100.0,75.0,5008.08,3603.0,3610.73,244.0,42.12,53.05,53.05,247.11,247.29,237.64,2545.12,238.66,175.8,602.98,84.29,1410.27,1001.0,229.22,239.94,230.5,2437.0,1076.0,1421.0,4934.0,260.0,189.0,21.0,499.0,18.0,1233.0,1314.0,2177.0,3253.0,331.0,780.0,2441.0,1606.0,478.0,518.0,2667.0,595.0,251.0,76.44,74.11,88.11,105.0,76.0,79.0,4962.9,3513.0,3533.73,278.0,39.33,40.88,40.88,237.12,238.48,232.36
MIN,2023,MIN,MIN,Team Level,5on5,82,0.51,0.5,0.5,237710.0,1906.54,153.57,122.85,463.21,62.82,1039.94,788.6,148.89,154.04,149.3,1789.0,842.0,1084.0,3715.0,159.0,154.0,16.0,374.0,10.0,946.0,988.0,1630.0,2472.0,296.0,699.0,1607.0,1472.0,418.0,432.0,2014.0,490.0,127.0,56.75,60.94,35.88,60.0,77.0,22.0,3719.08,2631.0,2638.73,212.0,25.38,31.01,31.54,147.41,147.59,145.07,1912.79,147.92,122.56,476.95,63.14,1051.55,779.89,143.74,149.19,145.02,1818.0,824.0,1124.0,3766.0,163.0,124.0,10.0,408.0,11.0,914.0,1022.0,1655.0,2479.0,288.0,683.0,1864.0,1463.0,392.0,435.0,2097.0,407.0,138.0,58.94,50.55,38.44,86.0,50.0,27.0,3794.9,2642.0,2662.73,242.0,25.34,26.09,26.66,146.6,147.97,145.65
MIN,2023,MIN,MIN,Team Level,4on5,82,0.07,0.09,0.1,24858.0,51.58,4.21,2.48,7.81,1.54,15.27,35.67,4.07,4.21,4.07,56.0,11.0,10.0,77.0,3.0,1.0,0.0,5.0,0.0,18.0,40.0,53.0,64.0,8.0,19.0,194.0,65.0,44.0,24.0,52.0,8.0,7.0,1.27,0.98,1.96,2.0,1.0,0.0,77.0,67.0,67.0,23.0,0.58,0.07,0.07,4.73,4.73,4.56,432.97,57.28,39.74,90.72,14.44,260.14,135.66,53.92,57.28,53.92,424.0,174.0,212.0,810.0,62.0,49.0,7.0,66.0,4.0,230.0,187.0,362.0,536.0,19.0,43.0,244.0,27.0,21.0,37.0,406.0,125.0,67.0,11.79,15.4,30.09,12.0,16.0,34.0,810.0,598.0,598.0,6.0,10.25,10.0,9.43,58.09,58.09,55.6
MIN,2023,MIN,MIN,Team Level,5on4,82,0.92,0.92,0.91,26095.0,518.89,68.92,48.89,114.54,18.0,299.1,154.55,60.63,68.92,60.63,489.0,215.0,232.0,936.0,53.0,86.0,7.0,95.0,3.0,276.0,191.0,436.0,651.0,18.0,39.0,266.0,25.0,13.0,52.0,483.0,124.0,97.0,12.22,14.94,41.76,6.0,13.0,34.0,936.0,704.0,704.0,2.0,12.91,18.63,18.1,63.73,63.73,58.56,52.97,5.87,2.75,7.87,1.7,16.54,35.27,5.75,5.87,5.75,55.0,15.0,17.0,87.0,9.0,2.0,1.0,2.0,1.0,5.0,51.0,46.0,61.0,17.0,37.0,214.0,81.0,48.0,24.0,48.0,13.0,9.0,1.35,2.01,2.51,3.0,3.0,3.0,87.0,70.0,70.0,23.0,0.62,0.6,0.6,5.89,5.89,5.87
NYI,2023,NYI,NYI,Team Level,other,82,0.39,0.43,0.44,9542.0,135.99,27.16,9.26,25.27,4.61,69.85,48.83,25.57,27.16,25.57,130.0,55.0,52.0,237.0,25.0,13.0,1.0,23.0,1.0,56.0,67.0,105.0,160.0,12.0,24.0,129.0,30.0,17.0,21.0,110.0,40.0,35.0,4.42,4.9,17.85,9.0,7.0,9.0,237.0,185.0,185.0,11.0,2.57,3.8,4.42,25.31,25.31,24.44,170.07,41.98,12.13,30.53,5.87,88.05,53.43,37.55,41.98,37.55,172.0,60.0,84.0,316.0,44.0,23.0,5.0,22.0,0.0,76.0,67.0,128.0,188.0,4.0,8.0,119.0,29.0,17.0,28.0,119.0,48.0,65.0,4.3,5.91,31.77,5.0,5.0,34.0,316.0,232.0,232.0,12.0,3.61,7.92,7.27,38.32,38.32,35.72
NYI,2023,NYI,NYI,Team Level,all,82,0.48,0.47,0.48,298986.0,2576.93,239.91,172.22,635.42,88.31,1377.44,1011.69,228.26,241.24,229.55,2470.0,1055.0,1296.0,4821.0,245.0,283.0,34.0,464.0,9.0,1205.0,1319.0,2225.0,3280.0,247.0,536.0,2391.0,2062.0,527.0,699.0,2638.0,599.0,288.0,69.03,74.95,95.94,102.0,83.0,60.0,4846.92,3525.0,3545.77,334.0,38.08,60.69,60.73,217.26,218.44,213.05,2795.94,264.71,186.24,685.58,94.34,1506.99,1109.13,251.73,264.01,251.06,2687.0,1160.0,1673.0,5520.0,258.0,296.0,31.0,482.0,5.0,1424.0,1382.0,2429.0,3589.0,254.0,556.0,2273.0,1692.0,542.0,691.0,2936.0,600.0,311.0,78.99,74.78,110.94,91.0,79.0,88.0,5499.95,3847.0,3831.74,353.0,41.3,60.65,61.05,244.96,244.38,237.49
NYI,2023,NYI,NYI,Team Level,5on5,82,0.5,0.47,0.48,247856.0,2080.8,172.08,132.16,534.91,71.68,1105.23,833.93,164.59,173.4,165.87,1985.0,865.0,1066.0,3916.0,166.0,237.0,24.0,389.0,7.0,970.0,1081.0,1819.0,2684.0,208.0,452.0,1871.0,1959.0,461.0,584.0,2169.0,482.0,199.0,55.98,60.78,55.32,78.0,59.0,29.0,3941.92,2850.0,2870.77,285.0,27.52,48.58,48.27,151.32,152.5,149.76,2214.59,172.26,139.98,568.45,74.72,1193.45,902.13,166.22,171.56,165.56,2104.0,947.0,1380.0,4431.0,158.0,225.0,20.0,396.0,4.0,1132.0,1136.0,1946.0,2893.0,226.0,494.0,1795.0,1578.0,452.0,605.0,2424.0,449.0,178.0,64.84,56.32,51.11,75.0,59.0,24.0,4410.95,3051.0,3035.74,315.0,28.93,43.68,44.43,156.77,156.18,153.57
NYI,2023,NYI,NYI,Team Level,4on5,82,0.09,0.08,0.1,19957.0,43.15,4.38,2.1,5.78,1.22,12.65,28.87,4.32,4.38,4.32,45.0,10.0,6.0,61.0,10.0,1.0,0.0,2.0,0.0,6.0,36.0,35.0,45.0,6.0,12.0,178.0,50.0,37.0,33.0,38.0,12.0,5.0,1.22,1.71,1.45,6.0,3.0,1.0,61.0,55.0,55.0,29.0,0.48,0.21,0.21,4.65,4.65,4.59,343.81,44.81,31.02,75.5,11.5,203.91,107.25,42.69,44.81,42.69,342.0,132.0,194.0,668.0,54.0,41.0,5.0,56.0,1.0,196.0,126.0,288.0,420.0,15.0,30.0,183.0,19.0,15.0,36.0,323.0,90.0,61.0,8.02,10.8,25.99,10.0,14.0,30.0,668.0,474.0,474.0,5.0,8.03,7.43,8.03,44.83,44.83,43.22
NYI,2023,NYI,NYI,Team Level,5on4,82,0.87,0.85,0.83,21631.0,316.99,36.3,28.7,69.46,10.8,189.7,100.04,33.79,36.3,33.79,310.0,125.0,172.0,607.0,44.0,32.0,9.0,50.0,1.0,173.0,135.0,266.0,391.0,21.0,48.0,213.0,23.0,12.0,61.0,321.0,65.0,49.0,7.41,7.56,21.32,9.0,14.0,21.0,607.0,435.0,435.0,9.0,7.5,8.1,7.82,35.98,35.98,34.25,67.48,5.65,3.12,11.09,2.25,21.57,46.31,5.27,5.65,5.27,69.0,21.0,15.0,105.0,2.0,7.0,1.0,8.0,0.0,20.0,53.0,67.0,88.0,9.0,24.0,176.0,66.0,58.0,22.0,70.0,13.0,7.0,1.83,1.76,2.07,1.0,1.0,0.0,105.0,90.0,90.0,21.0,0.72,1.63,1.32,5.05,5.05,4.98
PIT,2023,PIT,PIT,Team Level,other,82,0.57,0.54,0.53,10389.0,154.08,40.35,11.11,27.55,5.47,84.08,50.45,37.13,40.35,37.13,142.0,77.0,93.0,312.0,33.0,13.0,5.0,16.0,1.0,87.0,69.0,109.0,186.0,4.0,8.0,130.0,29.0,24.0,17.0,107.0,55.0,57.0,4.17,6.82,29.36,3.0,5.0,25.0,312.0,219.0,219.0,6.0,3.24,4.55,4.55,39.05,39.05,36.56,140.05,31.02,9.61,26.28,4.77,74.77,49.55,29.7,31.02,29.7,120.0,76.0,67.0,263.0,22.0,9.0,0.0,17.0,2.0,78.0,68.0,98.0,174.0,10.0,20.0,118.0,40.0,25.0,16.0,109.0,44.0,43.0,4.53,5.52,20.97,4.0,7.0,11.0,263.0,196.0,196.0,12.0,2.77,2.01,1.96,31.83,31.83,30.6
PIT,2023,PIT,PIT,Team Level,all,82,0.53,0.52,0.51,298289.0,2795.76,286.1,193.62,679.94,96.21,1497.05,1089.15,269.06,286.83,269.83,2685.0,1158.0,1518.0,5361.0,253.0,317.0,30.0,481.0,12.0,1384.0,1396.0,2432.0,3590.0,265.0,567.0,2621.0,1631.0,706.0,672.0,2789.0,709.0,345.0,79.07,88.26,118.77,106.0,72.0,75.0,5376.86,3843.0,3855.26,306.0,43.33,63.4,63.47,265.96,267.01,257.41,2695.8,255.97,181.23,649.92,90.76,1448.69,1075.43,244.48,256.91,245.42,2480.0,1222.0,1341.0,5043.0,248.0,268.0,39.0,495.0,14.0,1310.0,1367.0,2232.0,3454.0,277.0,594.0,2176.0,1749.0,611.0,595.0,2783.0,644.0,275.0,80.76,80.82,94.39,79.0,92.0,77.0,5043.3,3702.0,3704.82,308.0,40.02,53.85,53.9,242.09,243.07,236.01
PIT,2023,PIT,PIT,Team Level,5on5,82,0.52,0.51,0.51,240451.0,2186.18,187.65,142.34,556.63,74.79,1166.76,875.9,179.76,188.38,180.53,2093.0,912.0,1194.0,4199.0,179.0,237.0,24.0,388.0,9.0,1078.0,1114.0,1914.0,2826.0,238.0,515.0,2020.0,1495.0,600.0,554.0,2269.0,531.0,205.0,63.68,66.1,57.87,94.0,55.0,30.0,4214.86,3005.0,3017.26,268.0,29.64,46.73,47.11,170.18,171.23,167.93,2129.49,176.75,137.58,535.17,71.89,1140.72,858.89,169.99,177.7,170.94,1960.0,961.0,1073.0,3994.0,172.0,226.0,31.0,405.0,11.0,1025.0,1082.0,1788.0,2749.0,244.0,528.0,1685.0,1616.0,501.0,498.0,2251.0,495.0,175.0,64.09,62.28,50.38,65.0,70.0,37.0,3994.3,2921.0,2923.82,270.0,28.55,44.37,44.7,160.59,161.57,158.77
PIT,2023,PIT,PIT,Team Level,4on5,82,0.15,0.12,0.15,22936.0,62.97,7.04,3.18,9.65,2.04,19.0,40.09,6.46,7.04,6.46,68.0,13.0,8.0,89.0,4.0,8.0,0.0,4.0,0.0,18.0,47.0,64.0,77.0,4.0,8.0,205.0,71.0,55.0,27.0,53.0,16.0,12.0,1.39,2.18,3.47,1.0,1.0,2.0,89.0,81.0,81.0,23.0,0.72,2.16,2.16,5.61,5.61,5.54,339.71,39.67,29.31,75.37,11.25,203.6,106.81,36.45,39.67,36.45,313.0,153.0,188.0,654.0,42.0,27.0,5.0,72.0,1.0,178.0,146.0,271.0,424.0,12.0,24.0,199.0,26.0,15.0,56.0,336.0,85.0,45.0,9.36,10.64,19.67,6.0,13.0,23.0,654.0,466.0,466.0,4.0,7.64,5.97,5.69,41.6,41.6,38.6
PIT,2023,PIT,PIT,Team Level,5on4,82,0.86,0.85,0.82,24513.0,392.51,51.07,37.01,86.11,13.92,227.21,122.71,45.72,51.07,45.72,382.0,156.0,223.0,761.0,37.0,59.0,1.0,73.0,2.0,201.0,166.0,345.0,501.0,19.0,36.0,266.0,36.0,27.0,74.0,360.0,107.0,71.0,9.83,13.16,28.08,8.0,11.0,18.0,761.0,538.0,538.0,9.0,9.73,9.96,9.65,51.13,51.13,47.38,86.54,8.54,4.74,13.11,2.84,29.59,60.19,8.33,8.54,8.33,87.0,32.0,13.0,132.0,12.0,6.0,3.0,1.0,0.0,29.0,71.0,75.0,107.0,11.0,22.0,174.0,67.0,70.0,25.0,87.0,20.0,12.0,2.78,2.38,3.37,4.0,2.0,6.0,132.0,119.0,119.0,22.0,1.08,1.5,1.55,8.06,8.06,8.04
COL,2023,COL,COL,Team Level,other,82,0.55,0.5,0.51,9368.0,141.05,38.03,9.33,23.16,4.55,73.28,49.65,35.78,38.03,35.78,137.0,61.0,55.0,253.0,37.0,7.0,0.0,28.0,0.0,65.0,61.0,100.0,161.0,7.0,17.0,120.0,16.0,24.0,18.0,96.0,45.0,57.0,4.02,5.75,28.26,6.0,4.0,27.0,253.0,198.0,198.0,9.0,2.87,2.38,2.38,38.52,38.52,36.64,141.55,31.72,10.89,26.34,4.92,74.29,43.83,29.39,31.72,29.39,136.0,56.0,65.0,257.0,29.0,20.0,3.0,21.0,1.0,73.0,48.0,107.0,163.0,9.0,18.0,145.0,21.0,21.0,20.0,94.0,48.0,50.0,3.07,6.16,22.5,5.0,5.0,19.0,257.0,192.0,192.0,9.0,3.1,5.15,5.15,29.68,29.68,28.02
COL,2023,COL,COL,Team Level,all,82,0.52,0.53,0.52,298164.0,2784.9,291.01,192.55,656.53,91.61,1503.33,1090.97,275.23,292.15,276.4,2707.0,1119.0,1506.0,5332.0,302.0,243.0,33.0,557.0,7.0,1371.0,1346.0,2405.0,3524.0,287.0,615.0,2297.0,1672.0,647.0,603.0,2713.0,809.0,304.0,80.44,99.63,110.93,107.0,111.0,84.0,5380.23,3826.0,3851.91,295.0,42.97,57.05,57.05,276.93,278.13,269.6,2586.85,270.27,180.08,614.75,85.96,1361.47,989.55,252.85,270.42,252.85,2446.0,1057.0,1309.0,4812.0,252.0,286.0,35.0,476.0,12.0,1192.0,1285.0,2194.0,3251.0,307.0,661.0,2494.0,1629.0,632.0,493.0,2528.0,642.0,333.0,70.42,80.82,119.03,78.0,85.0,89.0,4792.03,3503.0,3495.63,269.0,40.46,65.65,65.65,245.01,244.83,237.3
COL,2023,COL,COL,Team Level,5on5,82,0.52,0.53,0.52,238086.0,2145.25,186.58,140.39,536.29,71.47,1152.3,858.97,179.41,187.72,180.59,2074.0,872.0,1255.0,4201.0,196.0,186.0,22.0,438.0,6.0,1071.0,1049.0,1878.0,2750.0,256.0,547.0,1759.0,1556.0,536.0,501.0,2172.0,602.0,172.0,63.98,74.25,48.35,87.0,85.0,24.0,4249.23,2946.0,2971.9,255.0,29.2,38.68,38.69,177.08,178.28,175.18,1991.49,171.15,129.68,495.78,66.01,1053.63,788.8,163.06,171.31,163.07,1867.0,839.0,1068.0,3774.0,168.0,198.0,26.0,379.0,9.0,932.0,1020.0,1699.0,2538.0,264.0,575.0,1897.0,1535.0,527.0,419.0,2039.0,485.0,182.0,56.63,61.43,53.09,70.0,64.0,34.0,3754.03,2706.0,2698.63,240.0,27.03,43.18,43.44,154.69,154.51,151.51
COL,2023,COL,COL,Team Level,4on5,82,0.11,0.13,0.15,24634.0,67.81,7.17,3.54,9.54,2.0,21.39,47.36,7.05,7.17,7.05,71.0,20.0,11.0,102.0,6.0,7.0,0.0,6.0,0.0,9.0,63.0,65.0,85.0,10.0,23.0,177.0,76.0,68.0,26.0,65.0,17.0,9.0,2.33,2.05,2.79,1.0,3.0,2.0,102.0,91.0,91.0,24.0,0.81,1.53,1.53,6.45,6.45,6.43,380.05,58.08,35.37,81.76,12.34,211.29,111.16,51.5,58.08,51.5,367.0,143.0,164.0,674.0,49.0,56.0,6.0,71.0,1.0,174.0,159.0,318.0,461.0,23.0,46.0,253.0,15.0,21.0,35.0,335.0,91.0,84.0,8.97,10.84,38.26,3.0,14.0,32.0,674.0,510.0,510.0,5.0,9.38,14.73,14.47,52.98,52.98,50.23
COL,2023,COL,COL,Team Level,5on4,82,0.86,0.88,0.86,26076.0,430.79,59.23,39.28,87.57,13.58,256.35,135.0,52.99,59.23,52.99,425.0,166.0,185.0,776.0,63.0,43.0,11.0,85.0,1.0,226.0,173.0,362.0,528.0,14.0,28.0,241.0,24.0,19.0,58.0,380.0,145.0,66.0,10.11,17.58,31.54,13.0,19.0,31.0,776.0,591.0,591.0,7.0,10.09,14.45,14.44,54.88,54.88,51.34,73.78,9.3,4.14,10.86,2.69,22.25,45.76,8.89,9.3,8.89,76.0,19.0,12.0,107.0,6.0,12.0,0.0,5.0,1.0,13.0,58.0,70.0,89.0,11.0,22.0,199.0,58.0,63.0,19.0,60.0,18.0,17.0,1.75,2.38,5.18,0.0,2.0,4.0,107.0,95.0,95.0,15.0,0.95,2.59,2.59,7.65,7.65,7.53
WPG,2023,WPG,WPG,Team Level,other,82,0.54,0.42,0.45,8614.0,109.42,35.09,7.38,18.3,3.69,53.44,33.09,33.9,35.09,33.9,111.0,40.0,45.0,196.0,35.0,8.0,3.0,14.0,1.0,46.0,47.0,76.0,116.0,4.0,8.0,89.0,31.0,22.0,22.0,63.0,39.0,49.0,2.75,4.87,27.48,3.0,5.0,27.0,196.0,151.0,151.0,18.0,2.14,2.45,2.45,34.79,34.79,33.89,135.23,29.66,11.05,25.22,4.93,77.32,36.83,26.05,29.66,26.05,130.0,55.0,87.0,272.0,24.0,19.0,3.0,20.0,1.0,75.0,46.0,106.0,161.0,2.0,4.0,92.0,34.0,13.0,22.0,96.0,37.0,52.0,3.51,4.88,21.27,5.0,1.0,18.0,272.0,185.0,185.0,14.0,3.24,6.23,6.23,26.67,26.67,24.74
WPG,2023,WPG,WPG,Team Level,all,82,0.5,0.5,0.51,297069.0,2579.34,247.1,173.13,622.72,87.03,1410.7,1052.33,237.75,249.19,239.8,2489.0,1104.0,1310.0,4903.0,259.0,257.0,37.0,555.0,9.0,1181.0,1332.0,2230.0,3334.0,263.0,611.0,2169.0,1851.0,524.0,555.0,2702.0,636.0,255.0,73.52,80.33,93.25,88.0,88.0,83.0,4955.66,3593.0,3633.65,404.0,38.04,53.04,53.09,232.07,234.18,228.84,2541.16,242.81,172.9,628.64,86.54,1382.71,996.4,229.07,242.19,228.53,2429.0,1081.0,1336.0,4846.0,198.0,290.0,29.0,494.0,3.0,1241.0,1284.0,2231.0,3312.0,282.0,648.0,2389.0,1926.0,459.0,685.0,2630.0,595.0,285.0,71.01,74.61,97.2,64.0,57.0,77.0,4803.4,3510.0,3483.66,498.0,38.67,62.75,62.75,218.73,218.08,211.7
WPG,2023,WPG,WPG,Team Level,5on5,82,0.51,0.51,0.51,242687.0,2092.94,170.67,133.68,526.41,70.9,1145.77,876.57,164.53,172.77,166.59,2010.0,914.0,1079.0,4003.0,179.0,211.0,31.0,456.0,7.0,964.0,1107.0,1831.0,2745.0,244.0,573.0,1718.0,1720.0,439.0,466.0,2257.0,506.0,161.0,61.05,64.16,45.47,78.0,68.0,33.0,4055.66,2924.0,2964.65,350.0,27.71,43.05,43.23,155.17,157.29,154.43,2002.04,161.65,127.48,518.55,67.98,1079.47,809.86,153.88,161.03,153.34,1913.0,852.0,1065.0,3830.0,121.0,227.0,16.0,406.0,2.0,964.0,1045.0,1792.0,2644.0,262.0,610.0,1859.0,1799.0,374.0,574.0,2150.0,450.0,165.0,58.02,56.17,47.46,55.0,39.0,27.0,3787.4,2765.0,2738.66,423.0,26.5,45.57,45.57,142.58,141.93,139.13
WPG,2023,WPG,WPG,Team Level,4on5,82,0.1,0.11,0.13,21475.0,57.3,4.98,2.59,8.43,1.78,17.58,40.64,4.92,4.98,4.92,58.0,18.0,5.0,81.0,2.0,1.0,0.0,8.0,0.0,9.0,56.0,56.0,74.0,5.0,10.0,150.0,71.0,46.0,35.0,58.0,11.0,7.0,1.48,1.51,2.0,0.0,1.0,1.0,81.0,76.0,76.0,34.0,0.6,0.36,0.36,5.22,5.22,5.2,349.7,47.04,31.83,76.99,12.05,209.37,111.71,44.69,47.04,44.69,333.0,156.0,175.0,664.0,48.0,44.0,10.0,63.0,0.0,191.0,143.0,285.0,441.0,12.0,24.0,214.0,28.0,14.0,30.0,334.0,91.0,64.0,8.21,11.45,27.37,3.0,13.0,32.0,664.0,489.0,489.0,4.0,8.33,10.94,10.94,44.43,44.43,42.8
WPG,2023,WPG,WPG,Team Level,5on4,82,0.89,0.89,0.86,24293.0,319.69,36.34,29.48,69.58,10.66,193.91,102.02,34.4,36.34,34.4,310.0,132.0,181.0,623.0,43.0,37.0,3.0,77.0,1.0,162.0,122.0,267.0,399.0,10.0,20.0,212.0,29.0,17.0,32.0,324.0,80.0,38.0,8.24,9.79,18.32,7.0,14.0,22.0,623.0,442.0,442.0,2.0,7.58,7.19,7.06,36.88,36.88,35.32,54.19,4.47,2.54,7.88,1.57,16.55,38.0,4.46,4.47,4.46,53.0,18.0,9.0,80.0,5.0,0.0,0.0,5.0,0.0,11.0,50.0,48.0,66.0,6.0,10.0,224.0,65.0,58.0,59.0,50.0,17.0,4.0,1.26,2.11,1.1,1.0,4.0,0.0,80.0,71.0,71.0,57.0,0.59,0.0,0.0,5.05,5.05,5.04
DET,2023,DET,DET,Team Level,other,82,0.52,0.53,0.51,11068.0,159.23,36.13,10.87,28.49,5.38,80.86,53.28,33.55,36.13,33.55,148.0,67.0,83.0,298.0,39.0,15.0,5.0,22.0,0.0,68.0,71.0,109.0,176.0,9.0,16.0,141.0,32.0,24.0,15.0,110.0,52.0,53.0,4.3,6.28,25.55,5.0,10.0,24.0,298.0,215.0,215.0,7.0,3.24,5.44,5.44,33.93,33.93,32.25,150.08,33.27,9.6,28.17,5.03,72.53,57.4,31.46,33.27,31.46,136.0,70.0,63.0,269.0,26.0,11.0,1.0,21.0,1.0,83.0,64.0,110.0,180.0,12.0,22.0,121.0,27.0,27.0,28.0,101.0,58.0,47.0,4.15,7.08,22.04,4.0,7.0,15.0,269.0,206.0,206.0,13.0,2.82,2.78,2.78,33.3,33.3,31.71
DET,2023,DET,DET,Team Level,all,82,0.47,0.47,0.47,298826.0,2477.56,242.89,164.7,592.9,82.99,1333.33,973.19,230.54,243.19,230.83,2375.0,1015.0,1291.0,4681.0,275.0,228.0,42.0,448.0,9.0,1163.0,1267.0,2100.0,3115.0,301.0,642.0,2386.0,1682.0,457.0,591.0,2547.0,575.0,268.0,72.38,70.32,100.19,97.0,93.0,85.0,4659.48,3390.0,3380.06,321.0,37.09,51.61,51.83,228.14,228.63,221.64,2800.45,272.6,186.99,687.39,95.04,1515.24,1109.73,258.81,273.6,259.8,2657.0,1210.0,1470.0,5337.0,273.0,279.0,36.0,544.0,12.0,1432.0,1327.0,2384.0,3594.0,338.0,710.0,2331.0,1644.0,510.0,587.0,2881.0,698.0,288.0,82.35,87.06,103.19,100.0,104.0,69.0,5368.43,3867.0,3890.95,302.0,41.77,56.52,56.52,257.85,258.83,250.21
DET,2023,DET,DET,Team Level,5on5,82,0.46,0.46,0.46,240094.0,1848.82,145.98,115.55,466.74,62.54,993.15,755.05,140.05,146.29,140.32,1761.0,778.0,1017.0,3556.0,179.0,171.0,27.0,350.0,8.0,845.0,986.0,1582.0,2360.0,262.0,563.0,1814.0,1529.0,394.0,500.0,1998.0,402.0,139.0,56.16,50.09,39.73,87.0,63.0,29.0,3534.47,2539.0,2529.06,286.0,23.9,34.37,34.97,134.91,135.4,133.38,2154.64,171.86,136.7,557.3,73.35,1179.76,870.01,165.44,172.85,166.43,2041.0,948.0,1187.0,4176.0,190.0,206.0,27.0,435.0,10.0,1095.0,1053.0,1851.0,2799.0,291.0,620.0,1789.0,1522.0,422.0,508.0,2332.0,506.0,151.0,65.46,63.44,42.95,78.0,85.0,27.0,4207.43,2989.0,3012.95,276.0,28.34,38.81,39.09,161.1,162.08,159.17
DET,2023,DET,DET,Team Level,4on5,82,0.09,0.1,0.12,22458.0,58.84,6.13,3.15,9.16,1.96,19.03,38.58,5.83,6.13,5.83,66.0,12.0,8.0,86.0,5.0,3.0,1.0,6.0,0.0,19.0,45.0,61.0,73.0,14.0,28.0,175.0,93.0,30.0,25.0,55.0,11.0,12.0,1.21,1.43,3.48,1.0,3.0,1.0,86.0,78.0,78.0,25.0,0.73,1.01,1.01,5.84,5.84,5.73,411.76,60.04,36.82,89.56,14.22,238.14,123.22,54.59,60.04,54.59,388.0,174.0,205.0,767.0,47.0,56.0,8.0,80.0,1.0,238.0,140.0,341.0,515.0,22.0,42.0,228.0,28.0,11.0,34.0,365.0,116.0,81.0,10.43,14.27,35.35,12.0,9.0,26.0,767.0,562.0,562.0,0.0,9.72,13.61,13.33,56.42,56.42,52.34
DET,2023,DET,DET,Team Level,5on4,82,0.88,0.86,0.84,25206.0,410.68,54.65,35.13,88.52,13.12,240.31,126.28,51.12,54.65,51.12,400.0,158.0,183.0,741.0,52.0,39.0,9.0,70.0,1.0,231.0,165.0,348.0,506.0,16.0,35.0,256.0,28.0,9.0,51.0,384.0,110.0,64.0,10.71,12.52,31.42,4.0,17.0,31.0,741.0,558.0,558.0,3.0,9.23,10.79,10.41,53.46,53.46,50.27,83.95,7.44,3.86,12.36,2.42,24.82,59.1,7.32,7.44,7.32,92.0,18.0,15.0,125.0,10.0,6.0,0.0,8.0,0.0,16.0,70.0,82.0,100.0,13.0,26.0,193.0,67.0,50.0,17.0,83.0,18.0,9.0,2.31,2.27,2.85,6.0,3.0,1.0,125.0,110.0,110.0,13.0,0.9,1.31,1.31,7.02,7.02,7.0
CAR,2023,CAR,CAR,Team Level,other,82,0.54,0.56,0.54,9364.0,133.3,33.1,8.99,24.54,4.6,71.24,43.53,31.42,33.1,31.42,122.0,64.0,82.0,268.0,38.0,11.0,3.0,19.0,0.0,73.0,45.0,84.0,148.0,7.0,14.0,135.0,18.0,28.0,18.0,90.0,43.0,53.0,3.88,4.72,24.49,7.0,6.0,25.0,268.0,186.0,186.0,6.0,2.6,3.28,3.28,32.41,32.41,31.46,115.56,28.77,7.4,20.08,3.71,57.08,42.95,26.24,28.77,26.24,107.0,53.0,48.0,208.0,23.0,8.0,3.0,13.0,0.0,55.0,61.0,84.0,137.0,3.0,6.0,98.0,34.0,23.0,21.0,74.0,41.0,45.0,2.52,4.73,21.52,2.0,6.0,15.0,208.0,160.0,160.0,3.0,2.14,3.33,3.33,27.58,27.58,25.88
CAR,2023,CAR,CAR,Team Level,all,82,0.56,0.59,0.58,298362.0,3003.31,285.86,196.43,761.79,104.08,1629.83,1180.0,270.79,287.62,272.44,2735.0,1423.0,1663.0,5821.0,277.0,312.0,35.0,617.0,11.0,1574.0,1367.0,2458.0,3881.0,283.0,601.0,2551.0,1383.0,621.0,680.0,3129.0,715.0,314.0,87.38,87.83,110.64,91.0,87.0,99.0,5889.97,4158.0,4194.99,313.0,43.44,56.71,56.74,272.56,274.05,266.64,2183.27,220.48,145.04,538.72,73.68,1144.27,854.81,209.31,219.39,208.28,2101.0,876.0,1022.0,3999.0,211.0,237.0,29.0,401.0,5.0,986.0,1137.0,1890.0,2766.0,284.0,605.0,2302.0,1743.0,557.0,699.0,2161.0,559.0,257.0,60.36,70.2,89.92,79.0,70.0,62.0,3957.2,2977.0,2954.5,373.0,32.23,51.4,51.4,201.31,200.37,195.39
CAR,2023,CAR,CAR,Team Level,5on5,82,0.56,0.6,0.59,241736.0,2406.96,187.57,151.14,639.31,83.81,1314.35,966.84,179.48,189.33,181.14,2149.0,1194.0,1368.0,4711.0,169.0,251.0,22.0,509.0,11.0,1285.0,1118.0,1980.0,3174.0,253.0,536.0,1975.0,1284.0,501.0,570.0,2627.0,541.0,175.0,72.03,66.85,48.69,76.0,57.0,36.0,4779.97,3343.0,3379.98,269.0,31.36,39.78,40.16,178.77,180.25,176.21,1733.12,147.58,109.77,446.65,58.88,916.45,689.66,141.16,146.5,140.13,1668.0,701.0,829.0,3198.0,146.0,186.0,18.0,342.0,5.0,780.0,910.0,1522.0,2223.0,250.0,526.0,1801.0,1631.0,472.0,589.0,1796.0,420.0,153.0,50.19,53.03,44.36,70.0,52.0,24.0,3156.2,2369.0,2346.5,348.0,22.84,36.93,36.97,133.45,132.51,130.19
CAR,2023,CAR,CAR,Team Level,4on5,82,0.16,0.21,0.24,24791.0,83.92,7.32,4.17,13.13,2.79,27.38,58.2,7.26,7.32,7.26,91.0,22.0,18.0,131.0,9.0,3.0,1.0,6.0,0.0,23.0,72.0,82.0,104.0,6.0,17.0,203.0,53.0,71.0,36.0,82.0,23.0,8.0,2.48,2.75,2.08,2.0,6.0,1.0,131.0,113.0,113.0,33.0,0.94,0.33,0.33,7.93,7.93,7.88,273.96,38.83,24.72,62.47,9.19,151.17,80.62,36.66,38.83,36.66,259.0,108.0,137.0,504.0,35.0,41.0,7.0,44.0,0.0,131.0,116.0,224.0,332.0,19.0,43.0,218.0,25.0,28.0,64.0,233.0,81.0,53.0,6.09,10.22,22.53,6.0,7.0,22.0,504.0,367.0,367.0,2.0,6.55,10.84,10.81,34.58,34.58,33.64
CAR,2023,CAR,CAR,Team Level,5on4,82,0.92,0.89,0.86,22471.0,379.12,57.86,32.13,84.82,12.88,216.87,111.43,52.63,57.86,52.63,373.0,143.0,195.0,711.0,61.0,47.0,9.0,83.0,0.0,193.0,132.0,312.0,455.0,17.0,34.0,238.0,28.0,21.0,56.0,330.0,108.0,78.0,8.99,13.5,35.37,6.0,18.0,37.0,711.0,516.0,516.0,5.0,8.54,13.31,12.96,53.44,53.44,51.09,60.63,5.29,3.15,9.52,1.9,19.56,41.57,5.26,5.29,5.26,67.0,14.0,8.0,89.0,7.0,2.0,1.0,2.0,0.0,20.0,50.0,60.0,74.0,12.0,30.0,185.0,53.0,34.0,25.0,58.0,17.0,6.0,1.56,2.22,1.51,1.0,5.0,1.0,89.0,81.0,81.0,20.0,0.71,0.3,0.3,5.71,5.71,5.68
NJD,2023,NJD,NJD,Team Level,other,82,0.44,0.52,0.5,11851.0,160.22,38.49,11.83,28.72,5.53,85.25,48.18,34.82,38.49,34.82,162.0,56.0,84.0,302.0,38.0,25.0,4.0,24.0,1.0,69.0,61.0,124.0,180.0,6.0,12.0,128.0,22.0,23.0,27.0,98.0,59.0,61.0,4.21,7.31,26.97,9.0,7.0,22.0,302.0,218.0,218.0,12.0,3.42,8.32,8.32,33.58,33.58,31.33,157.17,48.5,10.56,25.94,5.16,79.14,48.69,45.29,48.5,45.29,151.0,67.0,66.0,284.0,44.0,16.0,3.0,23.0,0.0,72.0,63.0,107.0,174.0,10.0,23.0,122.0,27.0,25.0,21.0,94.0,44.0,80.0,3.83,5.56,39.11,5.0,4.0,35.0,284.0,218.0,218.0,7.0,3.04,5.36,5.36,46.19,46.19,43.29
NJD,2023,NJD,NJD,Team Level,all,82,0.5,0.52,0.51,296958.0,2628.02,274.6,179.92,639.14,90.21,1405.88,1006.38,259.09,275.46,259.95,2516.0,1082.0,1534.0,5132.0,264.0,321.0,38.0,493.0,12.0,1186.0,1322.0,2252.0,3334.0,283.0,627.0,2461.0,1667.0,563.0,644.0,2598.0,648.0,352.0,74.39,82.3,117.92,92.0,82.0,90.0,5137.69,3598.0,3603.33,310.0,40.18,73.52,73.58,241.13,242.0,234.94,2567.06,269.61,174.63,606.8,86.74,1374.01,1011.21,256.31,271.18,257.78,2458.0,1065.0,1229.0,4752.0,281.0,290.0,36.0,451.0,14.0,1189.0,1298.0,2177.0,3242.0,282.0,639.0,2136.0,1868.0,582.0,585.0,2522.0,673.0,328.0,70.22,83.64,115.75,89.0,85.0,107.0,4774.95,3523.0,3541.51,268.0,38.71,59.39,59.39,248.93,250.17,242.09
NJD,2023,NJD,NJD,Team Level,5on5,82,0.52,0.52,0.51,239134.0,2074.36,186.49,135.36,529.35,71.69,1103.6,814.64,177.9,187.35,178.75,1953.0,890.0,1195.0,4038.0,177.0,252.0,27.0,395.0,9.0,927.0,1083.0,1776.0,2666.0,254.0,563.0,1906.0,1556.0,483.0,540.0,2135.0,485.0,223.0,59.65,62.17,64.68,72.0,67.0,38.0,4043.69,2843.0,2848.33,279.0,28.23,54.15,54.45,160.21,161.08,158.31,2007.13,173.39,129.34,500.24,68.08,1070.85,813.11,166.26,174.95,167.73,1924.0,831.0,983.0,3738.0,185.0,233.0,27.0,387.0,11.0,907.0,1032.0,1739.0,2570.0,242.0,550.0,1653.0,1721.0,482.0,490.0,2047.0,518.0,190.0,56.14,64.86,52.4,72.0,67.0,46.0,3760.95,2755.0,2773.51,234.0,26.87,46.48,46.76,153.5,154.73,151.95
NJD,2023,NJD,NJD,Team Level,4on5,82,0.1,0.12,0.14,23054.0,57.55,4.33,2.68,8.44,1.82,19.08,41.65,4.27,4.33,4.27,62.0,16.0,12.0,90.0,3.0,2.0,0.0,7.0,0.0,16.0,50.0,59.0,75.0,8.0,16.0,206.0,67.0,43.0,18.0,65.0,7.0,6.0,1.74,0.82,1.77,1.0,1.0,1.0,90.0,78.0,78.0,15.0,0.61,0.61,0.61,4.32,4.32,4.31,334.74,39.9,31.09,71.05,11.4,203.32,104.23,37.07,39.9,37.07,317.0,144.0,174.0,635.0,44.0,39.0,5.0,35.0,2.0,193.0,148.0,273.0,417.0,21.0,42.0,174.0,29.0,15.0,49.0,324.0,90.0,47.0,8.14,10.48,21.28,10.0,9.0,25.0,635.0,461.0,461.0,5.0,7.97,7.2,6.93,40.94,40.94,38.65
NJD,2023,NJD,NJD,Team Level,5on4,82,0.85,0.88,0.84,22919.0,335.9,45.3,30.06,72.62,11.18,197.93,101.91,42.11,45.3,42.11,339.0,120.0,243.0,702.0,46.0,42.0,7.0,67.0,2.0,174.0,128.0,293.0,413.0,15.0,36.0,221.0,22.0,14.0,59.0,300.0,97.0,62.0,8.79,12.0,24.5,10.0,7.0,29.0,702.0,459.0,459.0,4.0,7.92,10.43,10.2,43.0,43.0,40.98,68.02,7.82,3.65,9.56,2.1,20.7,45.17,7.69,7.82,7.69,66.0,23.0,6.0,95.0,8.0,2.0,1.0,6.0,1.0,17.0,55.0,58.0,81.0,9.0,24.0,187.0,91.0,60.0,25.0,57.0,21.0,11.0,2.1,2.75,2.97,2.0,5.0,1.0,95.0,89.0,89.0,22.0,0.83,0.34,0.34,8.31,8.31,8.2
WSH,2023,WSH,WSH,Team Level,other,82,0.5,0.45,0.47,8634.0,131.38,30.5,9.09,25.39,4.74,67.0,44.29,27.01,30.5,27.01,117.0,64.0,50.0,231.0,27.0,18.0,3.0,16.0,2.0,64.0,54.0,90.0,154.0,2.0,4.0,120.0,34.0,24.0,13.0,96.0,42.0,43.0,3.7,5.06,21.73,5.0,3.0,19.0,231.0,181.0,181.0,5.0,2.67,6.54,6.54,26.64,26.64,24.07,146.12,30.93,10.52,27.82,5.17,78.55,49.01,28.49,30.93,28.49,135.0,67.0,79.0,281.0,24.0,13.0,1.0,24.0,3.0,84.0,54.0,111.0,178.0,7.0,18.0,116.0,26.0,39.0,16.0,108.0,54.0,40.0,4.1,6.46,20.38,7.0,6.0,11.0,281.0,202.0,202.0,7.0,3.03,3.37,3.37,30.6,30.6,28.57
WSH,2023,WSH,WSH,Team Level,all,82,0.47,0.47,0.46,299481.0,2328.04,236.54,160.18,577.5,81.97,1253.74,909.08,222.18,235.95,221.64,2172.0,1047.0,1353.0,4572.0,216.0,294.0,32.0,382.0,17.0,1151.0,1159.0,1956.0,3003.0,259.0,560.0,2126.0,1879.0,628.0,700.0,2347.0,620.0,252.0,67.49,77.93,91.12,76.0,76.0,64.0,4542.9,3219.0,3206.46,399.0,35.83,62.89,62.98,209.38,208.9,201.65,2693.13,262.5,180.55,658.43,91.11,1455.01,1066.4,249.16,264.12,250.73,2503.0,1211.0,1542.0,5256.0,252.0,251.0,24.0,521.0,9.0,1305.0,1376.0,2251.0,3462.0,259.0,560.0,2431.0,1855.0,683.0,652.0,2774.0,639.0,301.0,78.45,80.82,103.23,93.0,96.0,63.0,5300.84,3714.0,3738.96,364.0,40.23,52.24,52.27,250.45,251.92,243.87
WSH,2023,WSH,WSH,Team Level,5on5,82,0.47,0.47,0.46,246250.0,1820.27,159.46,118.6,466.65,63.77,982.45,733.06,151.84,158.88,151.31,1689.0,835.0,1123.0,3647.0,143.0,216.0,24.0,310.0,12.0,920.0,923.0,1546.0,2381.0,231.0,504.0,1632.0,1765.0,544.0,611.0,1889.0,477.0,158.0,53.77,60.05,45.64,60.0,58.0,25.0,3617.9,2524.0,2511.46,358.0,24.69,43.06,43.58,140.56,140.08,137.12,2119.94,176.72,134.19,539.58,71.33,1139.55,862.62,171.02,178.34,172.61,1961.0,963.0,1243.0,4167.0,175.0,191.0,21.0,434.0,5.0,1010.0,1109.0,1786.0,2749.0,235.0,508.0,1902.0,1752.0,567.0,560.0,2256.0,479.0,189.0,63.23,61.42,52.07,76.0,75.0,24.0,4211.84,2924.0,2948.96,318.0,27.8,39.5,39.54,164.99,166.45,163.69
WSH,2023,WSH,WSH,Team Level,4on5,82,0.07,0.08,0.11,22307.0,44.13,3.5,2.36,7.19,1.61,15.6,31.74,3.48,3.5,3.48,49.0,13.0,4.0,66.0,3.0,4.0,1.0,4.0,0.0,8.0,43.0,46.0,59.0,10.0,20.0,153.0,40.0,44.0,29.0,45.0,13.0,4.0,1.01,1.53,0.96,1.0,1.0,1.0,66.0,62.0,62.0,28.0,0.54,0.49,0.18,3.85,3.85,3.84,368.81,49.79,32.72,81.74,12.61,216.88,114.27,44.67,49.79,44.67,345.0,163.0,204.0,712.0,49.0,44.0,2.0,58.0,1.0,195.0,161.0,296.0,459.0,12.0,24.0,221.0,24.0,22.0,41.0,354.0,87.0,67.0,9.64,10.55,29.6,8.0,13.0,28.0,712.0,508.0,508.0,7.0,8.69,9.0,9.0,49.48,49.48,46.28
WSH,2023,WSH,WSH,Team Level,5on4,82,0.9,0.87,0.85,22290.0,332.27,43.07,30.14,78.27,11.86,188.68,99.98,39.85,43.07,39.85,317.0,135.0,176.0,628.0,43.0,56.0,4.0,52.0,3.0,159.0,139.0,274.0,409.0,16.0,32.0,221.0,40.0,16.0,47.0,317.0,88.0,47.0,8.99,11.28,22.79,10.0,14.0,19.0,628.0,452.0,452.0,8.0,7.93,12.8,12.67,38.33,38.33,36.63,58.26,5.06,3.12,9.29,2.01,20.02,40.51,4.98,5.06,4.98,62.0,18.0,16.0,96.0,4.0,3.0,0.0,5.0,0.0,16.0,52.0,58.0,76.0,5.0,10.0,192.0,53.0,55.0,35.0,56.0,19.0,5.0,1.47,2.4,1.18,2.0,2.0,0.0,96.0,80.0,80.0,32.0,0.71,0.37,0.37,5.39,5.39,5.32
ANA,2023,ANA,ANA,Team Level,other,82,0.43,0.47,0.48,13719.0,171.06,32.4,12.55,32.32,5.79,94.13,54.8,29.51,32.4,29.51,157.0,75.0,74.0,306.0,28.0,22.0,4.0,23.0,2.0,93.0,64.0,129.0,204.0,7.0,14.0,121.0,42.0,20.0,25.0,133.0,51.0,48.0,5.52,6.15,20.73,6.0,8.0,14.0,306.0,232.0,232.0,10.0,3.57,6.67,6.51,29.46,29.46,27.69,188.44,43.67,13.28,35.64,6.68,95.97,60.76,38.58,43.67,38.58,174.0,82.0,89.0,345.0,31.0,27.0,4.0,35.0,3.0,95.0,65.0,143.0,225.0,5.0,10.0,170.0,43.0,29.0,34.0,131.0,60.0,65.0,5.23,7.34,31.1,6.0,7.0,18.0,345.0,256.0,256.0,13.0,3.85,9.2,9.2,38.32,38.32,35.07
ANA,2023,ANA,ANA,Team Level,all,82,0.44,0.45,0.45,297099.0,2296.39,219.06,149.97,548.91,77.22,1234.67,926.17,208.71,217.74,207.45,2194.0,962.0,1175.0,4331.0,203.0,209.0,28.0,466.0,9.0,1083.0,1186.0,1991.0,2953.0,407.0,914.0,2115.0,1914.0,502.0,579.0,2364.0,535.0,257.0,66.37,66.66,86.03,70.0,60.0,73.0,4269.29,3156.0,3118.32,285.0,33.42,47.49,47.49,204.98,203.72,198.0,2799.24,281.69,193.7,664.79,94.3,1533.29,1089.3,266.21,284.82,269.24,2666.0,1192.0,1452.0,5310.0,293.0,281.0,40.0,541.0,12.0,1402.0,1329.0,2373.0,3565.0,325.0,741.0,2419.0,1588.0,526.0,657.0,2808.0,759.0,291.0,81.13,94.93,105.63,98.0,112.0,83.0,5412.35,3858.0,3921.8,306.0,43.73,60.45,60.45,264.92,267.83,258.66
ANA,2023,ANA,ANA,Team Level,5on5,82,0.47,0.46,0.46,232464.0,1764.91,144.61,108.54,442.59,59.43,939.86,727.97,139.07,143.3,137.81,1667.0,756.0,921.0,3344.0,127.0,162.0,19.0,366.0,6.0,808.0,954.0,1540.0,2296.0,363.0,816.0,1549.0,1781.0,417.0,477.0,1879.0,394.0,150.0,51.52,50.07,43.03,56.0,44.0,27.0,3282.29,2423.0,2385.32,231.0,22.49,36.6,36.93,130.16,128.91,126.52,2018.11,164.61,130.51,505.15,67.64,1095.75,826.41,158.61,167.73,161.63,1920.0,871.0,1074.0,3865.0,174.0,189.0,24.0,397.0,7.0,1010.0,1014.0,1746.0,2617.0,288.0,661.0,1752.0,1455.0,427.0,530.0,2134.0,513.0,144.0,60.97,64.58,39.07,71.0,78.0,25.0,3967.35,2791.0,2854.8,267.0,27.08,36.11,36.45,155.18,158.1,155.13
ANA,2023,ANA,ANA,Team Level,4on5,82,0.09,0.1,0.11,29061.0,72.36,6.79,3.6,11.12,2.31,22.93,50.25,6.67,6.79,6.67,81.0,16.0,16.0,113.0,10.0,4.0,1.0,7.0,0.0,19.0,57.0,71.0,87.0,10.0,25.0,254.0,68.0,53.0,37.0,73.0,11.0,13.0,1.9,1.27,3.62,4.0,2.0,4.0,113.0,97.0,97.0,35.0,0.84,0.65,0.65,6.98,6.98,6.89,543.51,67.67,47.29,117.1,18.44,326.74,169.76,63.35,67.67,63.35,519.0,228.0,276.0,1023.0,84.0,62.0,12.0,107.0,2.0,282.0,210.0,435.0,663.0,20.0,43.0,300.0,29.0,21.0,70.0,505.0,168.0,74.0,13.84,20.57,33.25,19.0,27.0,38.0,1023.0,747.0,747.0,4.0,12.19,14.48,14.14,65.72,65.72,62.78
ANA,2023,ANA,ANA,Team Level,5on4,82,0.86,0.88,0.86,21855.0,288.07,35.26,25.27,62.87,9.69,177.76,93.14,33.45,35.26,33.45,289.0,115.0,164.0,568.0,38.0,21.0,4.0,70.0,1.0,163.0,111.0,251.0,366.0,27.0,59.0,191.0,23.0,12.0,40.0,279.0,79.0,46.0,7.43,9.18,18.65,4.0,6.0,28.0,568.0,404.0,404.0,9.0,6.53,3.58,3.42,38.37,38.37,36.9,49.18,5.76,2.61,6.9,1.53,14.83,32.37,5.68,5.76,5.68,53.0,11.0,13.0,77.0,4.0,3.0,0.0,2.0,0.0,15.0,40.0,49.0,60.0,12.0,27.0,197.0,61.0,49.0,23.0,38.0,18.0,8.0,1.09,2.45,2.22,2.0,0.0,2.0,77.0,64.0,64.0,22.0,0.59,0.66,0.66,5.69,5.69,5.67
BUF,2023,BUF,BUF,Team Level,other,82,0.52,0.56,0.56,10944.0,171.3,39.57,12.22,30.45,5.73,91.87,55.16,36.55,39.57,36.55,158.0,77.0,84.0,319.0,29.0,12.0,1.0,25.0,3.0,104.0,62.0,129.0,206.0,2.0,4.0,100.0,49.0,22.0,20.0,131.0,49.0,55.0,4.99,5.8,28.78,7.0,2.0,20.0,319.0,235.0,235.0,5.0,3.6,3.89,3.89,39.27,39.27,36.72,132.93,37.04,9.5,22.17,4.52,71.42,42.36,32.68,37.04,32.68,120.0,67.0,63.0,250.0,28.0,13.0,1.0,11.0,3.0,71.0,61.0,92.0,159.0,6.0,12.0,141.0,32.0,21.0,22.0,91.0,33.0,63.0,3.86,4.31,28.87,4.0,6.0,18.0,250.0,187.0,187.0,10.0,2.71,4.88,4.88,34.87,34.87,31.36
BUF,2023,BUF,BUF,Team Level,all,82,0.48,0.5,0.5,297505.0,2609.81,249.63,175.74,619.0,86.49,1419.81,1040.34,239.81,249.11,239.32,2535.0,1056.0,1335.0,4926.0,244.0,237.0,31.0,507.0,14.0,1300.0,1289.0,2291.0,3347.0,289.0,641.0,2054.0,1786.0,542.0,491.0,2688.0,641.0,262.0,80.1,78.14,91.38,112.0,72.0,60.0,4895.03,3591.0,3571.78,247.0,38.89,49.68,49.68,238.83,238.28,232.17,2601.98,268.49,181.43,622.78,87.32,1399.92,997.07,253.99,270.95,256.32,2402.0,1155.0,1294.0,4851.0,243.0,295.0,28.0,475.0,9.0,1241.0,1294.0,2159.0,3314.0,275.0,601.0,2508.0,2077.0,566.0,554.0,2545.0,699.0,313.0,74.45,88.7,105.33,89.0,76.0,78.0,4903.35,3557.0,3590.7,263.0,40.47,60.28,60.28,248.67,250.67,241.85
BUF,2023,BUF,BUF,Team Level,5on5,82,0.48,0.51,0.51,242845.0,2051.68,168.58,133.19,508.3,68.48,1112.69,836.76,163.53,168.07,163.04,1977.0,851.0,1096.0,3924.0,175.0,190.0,27.0,410.0,7.0,1003.0,1043.0,1802.0,2653.0,265.0,582.0,1600.0,1606.0,436.0,414.0,2183.0,478.0,167.0,63.76,58.74,46.08,92.0,59.0,24.0,3893.03,2828.0,2808.78,219.0,27.57,38.51,39.33,156.82,156.28,153.97,2023.19,181.85,132.84,505.68,67.75,1077.4,796.47,174.39,184.31,176.72,1844.0,918.0,1059.0,3821.0,159.0,234.0,21.0,391.0,4.0,949.0,1025.0,1685.0,2603.0,244.0,528.0,1907.0,1951.0,489.0,465.0,2020.0,555.0,187.0,58.52,71.15,52.18,71.0,56.0,32.0,3873.35,2762.0,2795.7,233.0,27.67,45.57,45.57,163.95,165.95,162.78
BUF,2023,BUF,BUF,Team Level,4on5,82,0.12,0.13,0.14,22731.0,62.6,5.67,3.33,9.61,1.89,20.02,42.48,5.57,5.67,5.57,71.0,12.0,19.0,102.0,6.0,5.0,0.0,8.0,0.0,19.0,45.0,65.0,77.0,10.0,29.0,167.0,109.0,62.0,16.0,58.0,19.0,6.0,1.99,2.27,1.4,3.0,3.0,0.0,102.0,83.0,83.0,15.0,0.75,1.03,1.03,5.4,5.4,5.36,383.74,43.02,35.45,85.16,12.95,230.5,116.94,40.45,43.02,40.45,376.0,148.0,165.0,689.0,47.0,45.0,6.0,70.0,1.0,208.0,153.0,329.0,477.0,17.0,43.0,260.0,33.0,15.0,54.0,380.0,90.0,54.0,10.56,10.52,21.94,12.0,9.0,26.0,689.0,524.0,524.0,9.0,9.27,9.0,9.0,43.29,43.29,41.17
BUF,2023,BUF,BUF,Team Level,5on4,82,0.84,0.86,0.84,20985.0,324.23,35.8,27.0,70.65,10.39,195.21,105.95,34.15,35.8,34.15,329.0,116.0,136.0,581.0,34.0,30.0,3.0,64.0,4.0,174.0,139.0,295.0,411.0,12.0,26.0,187.0,22.0,22.0,41.0,316.0,95.0,34.0,9.37,11.31,15.12,10.0,8.0,16.0,581.0,445.0,445.0,8.0,6.96,6.25,5.43,37.34,37.34,36.12,62.12,6.58,3.65,9.79,2.1,20.6,41.3,6.48,6.58,6.48,62.0,22.0,7.0,91.0,9.0,3.0,0.0,3.0,1.0,13.0,55.0,53.0,75.0,8.0,18.0,200.0,61.0,41.0,13.0,54.0,21.0,9.0,1.51,2.72,2.34,2.0,5.0,2.0,91.0,84.0,84.0,11.0,0.82,0.83,0.83,6.57,6.57,6.54
STL,2023,STL,STL,Team Level,other,82,0.55,0.56,0.57,10616.0,167.49,44.05,11.41,29.16,5.74,89.18,54.45,39.65,44.05,39.65,149.0,85.0,71.0,305.0,30.0,19.0,2.0,37.0,3.0,84.0,61.0,119.0,204.0,4.0,8.0,142.0,24.0,28.0,24.0,106.0,61.0,67.0,4.45,7.37,32.23,3.0,5.0,22.0,305.0,234.0,234.0,11.0,3.46,8.26,8.26,39.25,39.25,36.7,129.96,36.72,8.47,20.54,4.12,65.26,41.88,35.21,36.72,35.21,120.0,57.0,66.0,243.0,32.0,10.0,2.0,21.0,2.0,70.0,42.0,88.0,145.0,3.0,4.0,122.0,23.0,34.0,16.0,83.0,43.0,51.0,3.56,5.82,27.34,3.0,4.0,25.0,243.0,177.0,177.0,9.0,2.53,2.81,2.81,36.45,36.45,35.21
STL,2023,STL,STL,Team Level,all,82,0.47,0.47,0.47,298647.0,2449.8,238.92,163.65,584.77,81.86,1324.54,975.25,226.81,239.56,227.37,2370.0,999.0,1182.0,4551.0,234.0,228.0,26.0,511.0,10.0,1113.0,1273.0,2136.0,3135.0,251.0,550.0,2253.0,1653.0,726.0,621.0,2511.0,596.0,262.0,70.63,74.8,93.5,82.0,76.0,76.0,4544.72,3369.0,3371.47,348.0,36.86,51.45,51.52,224.27,224.75,218.56,2768.99,273.42,189.08,664.95,93.95,1493.91,1088.7,261.0,273.04,260.68,2637.0,1167.0,1346.0,5150.0,248.0,282.0,30.0,581.0,12.0,1318.0,1363.0,2389.0,3556.0,282.0,627.0,2262.0,1489.0,807.0,581.0,2753.0,763.0,288.0,76.14,95.38,101.9,77.0,92.0,79.0,5161.21,3804.0,3809.89,283.0,41.98,57.81,57.81,257.6,257.8,250.94
STL,2023,STL,STL,Team Level,5on5,82,0.44,0.45,0.46,243253.0,1859.26,149.75,116.34,466.14,61.87,999.02,761.88,144.28,150.38,144.84,1811.0,744.0,921.0,3476.0,151.0,173.0,18.0,396.0,6.0,827.0,1002.0,1660.0,2404.0,225.0,495.0,1697.0,1579.0,611.0,527.0,1977.0,438.0,140.0,54.46,55.56,39.73,67.0,58.0,26.0,3469.72,2555.0,2557.47,309.0,24.08,35.47,35.53,138.29,138.77,136.52,2216.42,188.3,143.64,555.85,75.64,1199.59,895.98,180.55,187.91,180.23,2124.0,935.0,1141.0,4200.0,167.0,228.0,20.0,494.0,10.0,1041.0,1119.0,1957.0,2892.0,254.0,572.0,1768.0,1370.0,660.0,504.0,2280.0,605.0,174.0,62.99,75.24,50.07,71.0,72.0,24.0,4211.21,3059.0,3064.89,251.0,29.88,46.34,46.34,171.83,172.03,168.89
STL,2023,STL,STL,Team Level,4on5,82,0.15,0.13,0.16,20942.0,67.15,7.03,3.58,10.34,2.2,22.3,45.55,6.93,7.03,6.93,71.0,20.0,4.0,95.0,11.0,3.0,0.0,7.0,0.0,12.0,58.0,60.0,80.0,4.0,8.0,177.0,35.0,64.0,29.0,60.0,22.0,9.0,1.62,2.81,2.59,3.0,4.0,4.0,95.0,91.0,91.0,27.0,0.82,0.61,0.61,7.23,7.23,7.2,357.22,41.2,33.59,78.69,12.16,209.42,108.94,38.23,41.2,38.23,327.0,157.0,132.0,616.0,44.0,41.0,7.0,63.0,0.0,195.0,141.0,283.0,440.0,10.0,20.0,195.0,19.0,23.0,39.0,336.0,95.0,53.0,7.97,11.63,21.59,3.0,15.0,26.0,616.0,484.0,484.0,4.0,8.79,7.74,7.74,42.27,42.27,39.88
STL,2023,STL,STL,Team Level,5on4,82,0.84,0.88,0.85,23836.0,355.91,38.1,32.32,79.12,12.06,214.04,113.37,35.95,38.1,35.95,339.0,150.0,186.0,675.0,42.0,33.0,6.0,71.0,1.0,190.0,152.0,297.0,447.0,18.0,39.0,237.0,15.0,23.0,41.0,368.0,75.0,46.0,10.08,9.07,18.95,9.0,9.0,24.0,675.0,489.0,489.0,1.0,8.51,7.11,7.11,39.5,39.5,38.13,65.39,7.2,3.38,9.88,2.02,19.63,41.91,7.0,7.2,7.0,66.0,18.0,7.0,91.0,5.0,3.0,1.0,3.0,0.0,12.0,61.0,61.0,79.0,15.0,31.0,177.0,77.0,90.0,22.0,54.0,20.0,10.0,1.61,2.69,2.9,0.0,1.0,4.0,91.0,84.0,84.0,19.0,0.78,0.91,0.91,7.07,7.07,6.96
PHI,2023,PHI,PHI,Team Level,other,82,0.43,0.47,0.48,11371.0,157.61,29.04,10.97,31.41,5.36,85.33,54.89,27.2,29.04,27.2,160.0,57.0,71.0,288.0,25.0,16.0,3.0,26.0,0.0,71.0,79.0,135.0,192.0,10.0,20.0,129.0,37.0,26.0,19.0,134.0,43.0,40.0,4.88,5.49,18.68,5.0,4.0,16.0,288.0,217.0,217.0,8.0,3.16,4.9,4.85,27.35,27.35,25.9,172.92,37.76,11.85,32.19,5.67,86.53,58.0,33.87,37.76,33.87,157.0,75.0,99.0,331.0,39.0,18.0,6.0,20.0,0.0,92.0,63.0,118.0,193.0,5.0,10.0,142.0,32.0,36.0,25.0,124.0,60.0,48.0,5.16,7.36,25.24,10.0,7.0,22.0,331.0,232.0,232.0,12.0,3.38,6.28,6.22,34.91,34.91,32.96
PHI,2023,PHI,PHI,Team Level,all,82,0.5,0.52,0.54,298612.0,2776.19,242.31,186.96,690.09,94.54,1509.15,1103.95,232.5,242.74,232.93,2708.0,1119.0,1425.0,5252.0,231.0,264.0,30.0,572.0,2.0,1305.0,1453.0,2477.0,3596.0,297.0,672.0,2321.0,2022.0,496.0,507.0,2942.0,624.0,261.0,79.76,78.21,84.34,95.0,78.0,58.0,5226.19,3827.0,3816.52,321.0,41.26,53.41,53.41,230.15,230.53,225.46,2384.73,238.06,160.64,579.79,80.95,1276.9,943.65,225.08,238.86,225.79,2225.0,1055.0,1637.0,4917.0,258.0,246.0,34.0,414.0,10.0,1155.0,1197.0,1967.0,3022.0,316.0,703.0,2351.0,1810.0,497.0,698.0,2430.0,580.0,270.0,67.41,74.05,96.6,106.0,81.0,71.0,4935.88,3280.0,3292.3,389.0,35.87,53.81,54.38,219.55,220.32,214.05
PHI,2023,PHI,PHI,Team Level,5on5,82,0.52,0.52,0.54,239293.0,2164.21,167.97,138.5,563.23,74.02,1169.7,866.59,162.17,168.4,162.6,2083.0,897.0,1129.0,4109.0,164.0,202.0,18.0,476.0,2.0,1009.0,1127.0,1919.0,2816.0,258.0,594.0,1797.0,1877.0,383.0,417.0,2335.0,486.0,159.0,61.28,61.02,45.68,76.0,62.0,26.0,4083.19,2980.0,2969.52,277.0,28.71,38.37,38.64,158.04,158.41,155.94,1839.33,155.6,117.83,468.43,62.35,984.88,740.89,149.9,156.4,150.62,1708.0,822.0,1323.0,3853.0,180.0,183.0,21.0,339.0,6.0,884.0,938.0,1528.0,2350.0,280.0,631.0,1816.0,1689.0,396.0,567.0,1922.0,446.0,162.0,52.45,57.58,45.57,85.0,68.0,27.0,3871.88,2530.0,2542.3,324.0,24.51,37.3,37.3,142.81,143.58,141.21
PHI,2023,PHI,PHI,Team Level,4on5,82,0.2,0.19,0.24,22749.0,98.12,9.71,5.14,14.93,3.05,31.37,67.8,9.59,9.71,9.59,112.0,20.0,12.0,144.0,16.0,5.0,2.0,6.0,0.0,26.0,79.0,96.0,116.0,8.0,16.0,175.0,74.0,61.0,36.0,95.0,22.0,15.0,2.94,2.86,3.9,6.0,6.0,4.0,144.0,132.0,132.0,33.0,1.18,1.26,1.31,9.57,9.57,9.53,305.07,38.59,27.28,68.89,10.67,182.85,96.72,35.27,38.59,35.27,280.0,145.0,207.0,632.0,35.0,41.0,7.0,51.0,4.0,164.0,130.0,245.0,390.0,22.0,44.0,217.0,24.0,19.0,64.0,312.0,62.0,51.0,7.67,7.5,23.41,9.0,5.0,21.0,632.0,425.0,425.0,12.0,7.13,9.45,10.08,35.64,35.64,33.72
PHI,2023,PHI,PHI,Team Level,5on4,82,0.85,0.88,0.84,25199.0,356.26,35.59,32.35,80.53,12.11,222.75,114.67,33.53,35.59,33.53,353.0,145.0,213.0,711.0,26.0,41.0,7.0,64.0,0.0,199.0,168.0,327.0,472.0,21.0,42.0,220.0,34.0,26.0,35.0,378.0,73.0,47.0,10.66,8.84,16.08,8.0,6.0,12.0,711.0,498.0,498.0,3.0,8.21,8.88,8.61,35.2,35.2,34.09,67.41,6.11,3.68,10.28,2.26,22.64,48.04,6.04,6.11,6.04,80.0,13.0,8.0,101.0,4.0,4.0,0.0,4.0,0.0,15.0,66.0,76.0,89.0,9.0,18.0,176.0,65.0,46.0,42.0,72.0,12.0,9.0,2.12,1.6,2.38,2.0,1.0,1.0,101.0,93.0,93.0,41.0,0.85,0.77,0.77,6.19,6.19,6.15
TOR,2023,TOR,TOR,Team Level,other,82,0.57,0.52,0.54,10389.0,206.42,45.4,15.57,37.26,6.91,107.02,62.84,36.21,45.4,36.21,186.0,89.0,79.0,354.0,41.0,29.0,2.0,32.0,3.0,100.0,70.0,145.0,234.0,6.0,12.0,150.0,34.0,22.0,30.0,137.0,65.0,73.0,5.6,8.11,31.68,12.0,9.0,20.0,354.0,275.0,275.0,11.0,4.61,10.91,10.91,39.11,39.11,33.36,169.53,33.92,11.92,31.7,5.89,89.49,57.09,31.4,33.92,31.4,162.0,68.0,92.0,322.0,34.0,14.0,1.0,34.0,0.0,84.0,64.0,128.0,196.0,8.0,16.0,130.0,41.0,35.0,29.0,125.0,59.0,46.0,5.32,7.06,21.54,7.0,9.0,18.0,322.0,230.0,230.0,14.0,3.46,5.06,5.06,32.31,32.31,30.51
TOR,2023,TOR,TOR,Team Level,all,82,0.52,0.51,0.51,299754.0,2802.52,291.39,193.64,674.1,94.01,1494.54,1063.33,269.9,293.1,271.56,2671.0,1140.0,1435.0,5246.0,298.0,279.0,21.0,521.0,14.0,1342.0,1357.0,2373.0,3513.0,300.0,673.0,2478.0,2276.0,625.0,787.0,2715.0,756.0,340.0,77.92,95.57,117.9,111.0,106.0,81.0,5301.85,3811.0,3844.49,428.0,43.62,62.88,62.88,272.13,273.83,260.8,2641.23,264.68,180.27,643.93,90.21,1423.62,1025.29,252.27,264.58,252.21,2446.0,1182.0,1447.0,5075.0,261.0,279.0,31.0,485.0,10.0,1330.0,1263.0,2185.0,3367.0,296.0,681.0,2159.0,2527.0,592.0,748.0,2669.0,637.0,322.0,76.03,78.34,110.3,95.0,85.0,81.0,5040.38,3628.0,3615.91,457.0,40.34,61.95,62.09,242.92,242.75,236.45
TOR,2023,TOR,TOR,Team Level,5on5,82,0.51,0.51,0.51,245453.0,2154.1,185.64,140.61,544.27,72.56,1153.2,846.71,177.89,187.36,179.55,2055.0,888.0,1159.0,4102.0,200.0,206.0,15.0,424.0,10.0,1020.0,1083.0,1855.0,2743.0,265.0,599.0,1914.0,2118.0,528.0,671.0,2192.0,563.0,188.0,61.52,71.81,52.31,86.0,80.0,34.0,4157.85,2943.0,2976.49,375.0,29.36,39.99,39.99,175.01,176.71,172.62,2027.65,177.4,133.02,520.02,69.6,1090.09,799.87,169.72,177.31,169.66,1854.0,936.0,1162.0,3952.0,170.0,225.0,26.0,366.0,7.0,1021.0,1001.0,1684.0,2620.0,260.0,601.0,1634.0,2355.0,468.0,641.0,2117.0,468.0,205.0,59.89,58.46,59.06,81.0,59.0,30.0,3917.37,2790.0,2777.91,412.0,27.72,47.41,47.68,157.44,157.26,154.42
TOR,2023,TOR,TOR,Team Level,4on5,82,0.13,0.12,0.15,22337.0,64.48,6.6,3.39,10.21,2.12,20.79,42.88,6.46,6.6,6.46,66.0,20.0,8.0,94.0,5.0,2.0,0.0,3.0,0.0,17.0,59.0,61.0,81.0,13.0,27.0,184.0,94.0,57.0,43.0,62.0,15.0,9.0,1.7,2.14,2.77,3.0,1.0,1.0,94.0,86.0,86.0,39.0,0.78,0.54,0.54,6.85,6.85,6.7,364.85,46.05,31.23,79.85,12.23,218.72,115.92,43.95,46.05,43.95,354.0,150.0,176.0,680.0,50.0,34.0,4.0,78.0,3.0,202.0,137.0,304.0,454.0,16.0,35.0,218.0,43.0,28.0,45.0,354.0,92.0,58.0,8.84,10.73,26.47,6.0,13.0,31.0,680.0,504.0,504.0,4.0,8.24,8.13,8.01,46.28,46.28,44.69
TOR,2023,TOR,TOR,Team Level,5on4,82,0.88,0.85,0.83,21575.0,377.51,53.74,34.07,82.35,12.42,213.52,110.91,49.34,53.74,49.34,364.0,143.0,189.0,696.0,52.0,42.0,4.0,62.0,1.0,205.0,145.0,312.0,455.0,16.0,35.0,230.0,30.0,18.0,43.0,324.0,113.0,70.0,9.09,13.51,31.14,10.0,16.0,26.0,696.0,507.0,507.0,3.0,8.86,11.44,11.44,51.15,51.15,48.12,79.21,7.31,4.11,12.36,2.49,25.32,52.42,7.2,7.31,7.2,76.0,28.0,17.0,121.0,7.0,6.0,0.0,7.0,0.0,23.0,61.0,69.0,97.0,12.0,29.0,177.0,88.0,61.0,33.0,73.0,18.0,13.0,1.99,2.09,3.24,1.0,4.0,2.0,121.0,104.0,104.0,27.0,0.92,1.35,1.35,6.89,6.89,6.84
ARI,2023,ARI,ARI,Team Level,other,82,0.46,0.46,0.47,11160.0,145.22,34.33,9.8,25.55,4.6,75.49,48.22,32.2,34.33,32.2,135.0,63.0,59.0,257.0,24.0,13.0,3.0,16.0,0.0,82.0,63.0,111.0,174.0,10.0,18.0,97.0,50.0,25.0,21.0,105.0,42.0,51.0,3.45,5.33,25.54,5.0,1.0,18.0,257.0,198.0,198.0,5.0,2.76,4.4,4.4,32.7,32.7,31.2,163.42,40.79,11.33,28.66,5.65,88.08,50.49,37.43,40.79,37.43,152.0,73.0,73.0,298.0,40.0,12.0,2.0,28.0,0.0,85.0,60.0,112.0,185.0,7.0,14.0,145.0,31.0,13.0,14.0,113.0,52.0,60.0,4.44,6.31,30.04,6.0,8.0,26.0,298.0,225.0,225.0,8.0,3.45,3.42,3.26,40.97,40.97,38.24
ARI,2023,ARI,ARI,Team Level,all,82,0.48,0.48,0.47,297842.0,2450.11,248.07,167.77,584.96,82.06,1326.72,959.43,237.38,247.68,237.03,2275.0,1094.0,1281.0,4650.0,254.0,254.0,28.0,464.0,9.0,1181.0,1207.0,2021.0,3115.0,329.0,754.0,2113.0,1848.0,474.0,669.0,2492.0,584.0,293.0,70.97,72.86,104.25,89.0,79.0,86.0,4628.24,3369.0,3353.85,336.0,37.16,48.72,48.81,236.43,236.2,229.96,2739.13,273.42,187.9,660.8,94.19,1488.64,1081.06,257.56,275.0,259.13,2600.0,1186.0,1344.0,5130.0,274.0,265.0,30.0,562.0,9.0,1302.0,1374.0,2326.0,3512.0,319.0,733.0,2574.0,2009.0,538.0,629.0,2812.0,666.0,308.0,80.73,81.53,111.17,109.0,76.0,89.0,5174.24,3786.0,3822.23,305.0,42.27,54.14,54.14,261.56,262.86,252.98
ARI,2023,ARI,ARI,Team Level,5on5,82,0.48,0.49,0.48,239325.0,1925.32,162.66,127.03,484.3,65.34,1041.26,769.41,156.69,162.26,156.34,1773.0,877.0,1074.0,3724.0,172.0,214.0,23.0,393.0,6.0,904.0,961.0,1601.0,2478.0,296.0,682.0,1638.0,1698.0,399.0,579.0,2028.0,444.0,178.0,57.35,55.69,49.62,77.0,62.0,33.0,3702.24,2650.0,2634.85,310.0,26.41,39.39,39.92,149.14,148.91,146.26,2086.59,173.26,135.14,529.79,71.52,1124.22,849.06,166.49,174.84,168.06,1970.0,913.0,1067.0,3950.0,172.0,203.0,22.0,435.0,8.0,980.0,1085.0,1798.0,2711.0,288.0,660.0,1948.0,1869.0,467.0,538.0,2221.0,489.0,173.0,63.55,60.04,49.69,89.0,52.0,31.0,3994.24,2883.0,2919.23,278.0,28.07,40.77,40.83,160.5,161.79,159.06
ARI,2023,ARI,ARI,Team Level,4on5,82,0.08,0.11,0.12,24363.0,58.06,4.91,3.1,9.15,1.96,19.88,41.0,4.9,4.91,4.9,61.0,19.0,13.0,93.0,7.0,0.0,0.0,2.0,0.0,15.0,56.0,54.0,73.0,12.0,29.0,194.0,74.0,40.0,16.0,60.0,14.0,6.0,1.39,2.0,1.52,2.0,2.0,3.0,93.0,80.0,80.0,15.0,0.71,0.0,0.0,5.62,5.62,5.62,425.43,54.24,38.38,92.64,14.99,255.16,135.6,48.55,54.24,48.55,408.0,183.0,195.0,786.0,55.0,47.0,6.0,92.0,1.0,227.0,169.0,353.0,536.0,14.0,36.0,270.0,31.0,10.0,57.0,410.0,110.0,71.0,10.64,13.3,30.3,11.0,13.0,31.0,786.0,591.0,591.0,3.0,10.07,9.45,9.55,54.76,54.76,50.35
ARI,2023,ARI,ARI,Team Level,5on4,82,0.9,0.86,0.84,22994.0,321.5,46.17,27.83,65.95,10.16,190.09,100.8,43.58,46.17,43.58,306.0,135.0,135.0,576.0,51.0,27.0,2.0,53.0,3.0,180.0,127.0,255.0,390.0,11.0,25.0,184.0,26.0,10.0,53.0,299.0,84.0,58.0,8.77,9.83,27.57,5.0,14.0,32.0,576.0,441.0,441.0,6.0,7.28,4.94,4.49,48.96,48.96,46.88,63.69,5.12,3.05,9.7,2.03,21.18,45.91,5.09,5.12,5.09,70.0,17.0,9.0,96.0,7.0,3.0,0.0,7.0,0.0,10.0,60.0,63.0,80.0,10.0,23.0,211.0,78.0,48.0,20.0,68.0,15.0,4.0,2.09,1.89,1.15,3.0,3.0,1.0,96.0,87.0,87.0,16.0,0.7,0.49,0.49,5.33,5.33,5.31
BOS,2023,BOS,BOS,Team Level,other,82,0.49,0.46,0.46,12066.0,163.05,33.03,11.01,30.58,5.68,79.87,59.83,31.4,33.03,31.4,174.0,46.0,72.0,292.0,32.0,13.0,1.0,31.0,3.0,68.0,73.0,142.0,188.0,10.0,25.0,176.0,56.0,34.0,37.0,112.0,64.0,44.0,4.36,8.11,20.56,6.0,10.0,16.0,292.0,220.0,220.0,15.0,3.06,4.27,3.64,32.45,32.45,31.22,193.36,34.55,15.04,38.45,6.96,106.29,61.7,32.11,34.55,32.11,177.0,86.0,77.0,340.0,40.0,25.0,7.0,32.0,3.0,84.0,79.0,137.0,223.0,10.0,21.0,149.0,47.0,27.0,28.0,147.0,67.0,49.0,5.82,7.95,20.79,7.0,10.0,23.0,340.0,263.0,263.0,11.0,4.33,7.17,7.17,31.71,31.71,30.43
BOS,2023,BOS,BOS,Team Level,all,82,0.5,0.47,0.48,300161.0,2475.73,255.98,174.56,576.9,83.71,1322.39,969.47,244.51,258.56,246.93,2399.0,984.0,1227.0,4610.0,263.0,264.0,35.0,430.0,14.0,1173.0,1239.0,2136.0,3120.0,320.0,708.0,2298.0,2257.0,516.0,698.0,2397.0,681.0,305.0,69.24,85.55,101.18,79.0,93.0,91.0,4684.95,3383.0,3430.48,314.0,38.94,57.78,57.78,237.14,239.2,233.61,2685.66,253.27,182.14,656.54,91.77,1439.72,1055.56,241.2,251.87,239.87,2505.0,1174.0,1418.0,5097.0,221.0,265.0,44.0,582.0,19.0,1332.0,1260.0,2284.0,3458.0,294.0,652.0,2344.0,2381.0,659.0,688.0,2753.0,624.0,302.0,76.87,78.65,97.75,68.0,65.0,88.0,5026.36,3679.0,3638.8,306.0,40.8,56.94,56.94,237.13,235.84,229.53
BOS,2023,BOS,BOS,Team Level,5on5,82,0.5,0.47,0.48,240700.0,1881.67,168.42,125.62,459.71,63.73,1007.91,754.61,161.85,171.01,164.28,1797.0,783.0,980.0,3560.0,176.0,211.0,31.0,328.0,10.0,880.0,975.0,1621.0,2404.0,275.0,612.0,1710.0,2066.0,410.0,564.0,1910.0,481.0,189.0,54.71,60.39,53.32,69.0,63.0,44.0,3634.95,2580.0,2627.48,273.0,26.12,45.38,45.38,149.17,151.22,149.0,2073.88,168.84,131.48,533.73,70.82,1109.41,836.71,162.06,167.44,160.72,1921.0,930.0,1158.0,4009.0,135.0,198.0,29.0,471.0,15.0,1046.0,986.0,1786.0,2716.0,258.0,572.0,1783.0,2212.0,548.0,561.0,2215.0,459.0,177.0,61.07,58.59,49.18,56.0,44.0,35.0,3938.36,2851.0,2810.8,260.0,27.35,39.5,40.04,156.15,154.86,151.9
BOS,2023,BOS,BOS,Team Level,4on5,82,0.15,0.14,0.17,24604.0,69.94,7.34,3.72,10.65,2.19,22.35,46.75,7.26,7.34,7.26,73.0,20.0,12.0,105.0,6.0,1.0,0.0,9.0,0.0,15.0,62.0,67.0,87.0,19.0,39.0,195.0,105.0,58.0,29.0,67.0,16.0,10.0,2.07,2.21,3.06,1.0,2.0,3.0,105.0,93.0,93.0,21.0,0.86,0.1,0.1,8.1,8.1,8.01,345.0,41.61,31.76,73.88,11.82,202.07,108.85,39.04,41.61,39.04,329.0,141.0,174.0,644.0,41.0,37.0,8.0,73.0,0.0,180.0,139.0,288.0,429.0,20.0,45.0,238.0,35.0,22.0,75.0,330.0,79.0,61.0,8.28,9.7,23.63,5.0,8.0,28.0,644.0,470.0,470.0,12.0,8.23,8.59,8.05,41.8,41.8,39.8
BOS,2023,BOS,BOS,Team Level,5on4,82,0.85,0.86,0.84,22791.0,361.08,47.18,34.22,75.95,12.11,212.26,108.28,44.0,47.18,44.0,355.0,135.0,163.0,653.0,49.0,39.0,3.0,62.0,1.0,210.0,129.0,306.0,441.0,16.0,32.0,217.0,30.0,14.0,68.0,308.0,120.0,62.0,8.1,14.84,24.25,3.0,18.0,28.0,653.0,490.0,490.0,5.0,8.9,8.03,8.66,47.43,47.43,45.38,73.43,8.26,3.86,10.48,2.16,21.94,48.3,7.99,8.26,7.99,78.0,17.0,9.0,104.0,5.0,5.0,0.0,6.0,1.0,22.0,56.0,73.0,90.0,6.0,14.0,174.0,87.0,62.0,24.0,61.0,19.0,15.0,1.7,2.41,4.15,0.0,3.0,2.0,104.0,95.0,95.0,23.0,0.9,1.68,1.68,7.47,7.47,7.4
EDM,2023,EDM,EDM,Team Level,other,82,0.55,0.53,0.54,10114.0,162.3,36.77,12.24,28.5,5.4,84.69,50.41,33.72,36.77,33.72,152.0,66.0,66.0,284.0,32.0,15.0,3.0,25.0,2.0,70.0,74.0,120.0,186.0,6.0,15.0,122.0,27.0,32.0,26.0,97.0,68.0,53.0,4.01,8.07,24.7,4.0,9.0,19.0,284.0,218.0,218.0,12.0,3.62,5.5,5.5,34.89,34.89,32.84,139.29,29.75,9.64,25.64,4.63,70.89,48.46,27.06,29.75,27.06,145.0,44.0,61.0,250.0,28.0,12.0,0.0,16.0,2.0,68.0,63.0,117.0,161.0,11.0,23.0,125.0,31.0,15.0,32.0,99.0,49.0,41.0,4.03,5.98,19.73,6.0,3.0,19.0,250.0,189.0,189.0,21.0,2.78,3.7,3.7,28.83,28.83,26.64
EDM,2023,EDM,EDM,Team Level,all,82,0.57,0.55,0.55,298146.0,2891.26,310.61,201.69,672.2,95.93,1511.5,1128.06,294.39,311.53,295.31,2768.0,1152.0,1455.0,5375.0,292.0,311.0,36.0,534.0,7.0,1441.0,1335.0,2476.0,3628.0,306.0,682.0,2514.0,1871.0,707.0,807.0,2727.0,817.0,376.0,81.48,102.54,126.59,85.0,120.0,87.0,5415.03,3920.0,3942.79,442.0,45.06,71.14,71.18,284.49,285.56,276.64,2381.68,230.52,157.77,576.11,80.2,1283.97,937.5,220.03,230.84,220.34,2307.0,960.0,1194.0,4461.0,236.0,216.0,29.0,475.0,13.0,1143.0,1184.0,2071.0,3031.0,279.0,625.0,2209.0,2169.0,670.0,737.0,2403.0,621.0,243.0,70.93,75.62,83.97,84.0,82.0,70.0,4448.63,3267.0,3266.37,421.0,34.95,47.11,47.22,218.24,218.6,212.43
EDM,2023,EDM,EDM,Team Level,5on5,82,0.58,0.55,0.55,243348.0,2291.62,217.14,151.92,559.8,76.23,1191.97,913.93,207.56,218.07,208.47,2194.0,917.0,1208.0,4319.0,194.0,251.0,28.0,441.0,4.0,1164.0,1057.0,2000.0,2917.0,267.0,601.0,1982.0,1753.0,586.0,692.0,2235.0,632.0,244.0,66.78,80.13,70.23,69.0,93.0,32.0,4359.03,3111.0,3133.79,391.0,31.74,55.58,55.62,193.27,194.33,190.14,1866.73,156.17,118.69,472.23,63.0,1000.0,748.97,150.93,156.49,151.23,1786.0,774.0,949.0,3509.0,153.0,175.0,22.0,388.0,11.0,893.0,940.0,1633.0,2407.0,240.0,546.0,1675.0,2029.0,567.0,620.0,1943.0,467.0,150.0,57.02,57.24,41.91,61.0,64.0,28.0,3496.63,2560.0,2559.37,370.0,24.63,34.74,34.87,145.93,146.29,143.71
EDM,2023,EDM,EDM,Team Level,4on5,82,0.17,0.17,0.19,23958.0,80.55,8.13,4.16,11.95,2.49,24.83,54.44,7.98,8.13,7.98,77.0,29.0,20.0,126.0,6.0,5.0,0.0,3.0,0.0,21.0,71.0,71.0,100.0,8.0,16.0,197.0,72.0,61.0,41.0,71.0,25.0,10.0,2.19,3.21,2.72,0.0,4.0,2.0,126.0,106.0,106.0,37.0,0.94,0.96,0.96,8.1,8.1,8.03,325.74,40.49,27.26,70.32,11.01,197.74,105.17,37.99,40.49,37.99,327.0,125.0,176.0,628.0,51.0,27.0,7.0,65.0,0.0,172.0,137.0,276.0,401.0,16.0,32.0,236.0,36.0,25.0,57.0,308.0,98.0,46.0,8.29,11.45,20.75,15.0,14.0,22.0,628.0,452.0,452.0,5.0,7.02,8.25,8.23,39.28,39.28,37.89
EDM,2023,EDM,EDM,Team Level,5on4,82,0.92,0.9,0.88,20726.0,356.79,48.56,33.38,71.96,11.81,210.01,109.28,45.14,48.56,45.14,345.0,140.0,161.0,646.0,60.0,40.0,5.0,65.0,1.0,186.0,133.0,285.0,425.0,25.0,50.0,213.0,19.0,28.0,48.0,324.0,92.0,69.0,8.5,11.13,28.93,12.0,14.0,34.0,646.0,485.0,485.0,2.0,8.76,9.1,9.1,48.23,48.23,45.62,49.93,4.12,2.18,7.91,1.55,15.34,34.9,4.06,4.12,4.06,49.0,17.0,8.0,74.0,4.0,2.0,0.0,6.0,0.0,10.0,44.0,45.0,62.0,12.0,24.0,173.0,73.0,63.0,28.0,53.0,7.0,6.0,1.59,0.94,1.59,2.0,1.0,1.0,74.0,66.0,66.0,25.0,0.51,0.42,0.42,4.2,4.2,4.19
FLA,2023,FLA,FLA,Team Level,other,82,0.59,0.56,0.57,13119.0,200.1,43.38,13.89,37.46,6.84,104.69,66.74,40.06,43.38,40.06,189.0,84.0,97.0,370.0,44.0,20.0,4.0,28.0,1.0,105.0,75.0,145.0,229.0,15.0,28.0,158.0,58.0,33.0,25.0,160.0,48.0,65.0,6.53,6.67,30.17,6.0,9.0,29.0,370.0,273.0,273.0,12.0,3.88,4.43,4.43,42.83,42.83,39.72,150.7,30.02,10.9,29.85,5.69,79.75,52.78,27.33,30.02,27.33,144.0,65.0,82.0,291.0,28.0,19.0,2.0,16.0,0.0,80.0,66.0,116.0,181.0,8.0,16.0,145.0,40.0,37.0,25.0,117.0,44.0,48.0,4.37,5.22,20.43,5.0,5.0,18.0,291.0,209.0,209.0,8.0,3.15,5.32,5.32,27.86,27.86,26.09
FLA,2023,FLA,FLA,Team Level,all,82,0.57,0.56,0.55,298230.0,2881.69,304.96,197.85,692.9,97.55,1547.2,1113.55,281.47,306.77,283.17,2766.0,1188.0,1670.0,5624.0,265.0,317.0,38.0,586.0,11.0,1462.0,1313.0,2501.0,3689.0,389.0,856.0,2426.0,2341.0,564.0,681.0,2928.0,665.0,361.0,81.63,83.92,139.4,86.0,85.0,94.0,5681.89,3954.0,3991.4,367.0,44.85,68.39,68.39,281.41,282.83,266.38,2370.99,230.76,159.44,578.28,82.07,1276.74,945.72,219.96,229.72,219.0,2280.0,993.0,1126.0,4399.0,198.0,249.0,31.0,448.0,7.0,1140.0,1231.0,2082.0,3075.0,360.0,810.0,2306.0,2198.0,462.0,754.0,2414.0,579.0,280.0,66.43,71.3,93.03,62.0,56.0,80.0,4351.8,3273.0,3245.7,393.0,35.76,52.98,53.08,213.44,212.73,206.61
FLA,2023,FLA,FLA,Team Level,5on5,82,0.54,0.56,0.54,231763.0,2100.56,171.44,135.58,538.65,71.95,1139.12,841.25,163.65,173.26,165.35,2022.0,876.0,1319.0,4217.0,155.0,230.0,25.0,463.0,10.0,1068.0,972.0,1867.0,2743.0,341.0,759.0,1802.0,2120.0,441.0,556.0,2249.0,481.0,168.0,61.94,60.8,48.71,72.0,60.0,23.0,4274.89,2898.0,2935.4,311.0,28.14,46.7,46.7,152.88,154.3,151.06,1807.24,146.12,114.56,463.36,62.05,973.33,736.57,140.86,145.08,139.9,1703.0,793.0,861.0,3357.0,120.0,182.0,20.0,365.0,6.0,866.0,957.0,1583.0,2376.0,318.0,723.0,1726.0,2036.0,363.0,590.0,1924.0,418.0,154.0,51.63,51.93,42.57,51.0,41.0,28.0,3309.8,2496.0,2468.7,344.0,23.76,36.26,36.37,133.51,132.79,130.41
FLA,2023,FLA,FLA,Team Level,4on5,82,0.13,0.17,0.19,28153.0,83.0,6.92,3.94,12.75,2.56,26.68,58.15,6.8,6.92,6.8,85.0,26.0,24.0,135.0,7.0,4.0,0.0,4.0,0.0,16.0,80.0,78.0,104.0,14.0,28.0,208.0,134.0,77.0,41.0,86.0,14.0,11.0,2.15,1.75,3.02,2.0,2.0,3.0,135.0,111.0,111.0,35.0,0.91,0.87,0.87,6.96,6.96,6.92,346.36,48.35,30.18,75.18,12.02,201.35,108.95,45.55,48.35,45.55,360.0,116.0,176.0,652.0,43.0,46.0,9.0,63.0,1.0,173.0,150.0,317.0,433.0,24.0,48.0,239.0,39.0,17.0,101.0,305.0,105.0,66.0,8.77,12.55,27.02,3.0,8.0,32.0,652.0,476.0,476.0,5.0,7.99,11.15,11.14,45.2,45.2,43.29
FLA,2023,FLA,FLA,Team Level,5on4,82,0.93,0.9,0.88,25195.0,498.02,83.21,44.44,104.04,16.2,276.72,147.41,70.97,83.21,70.97,470.0,202.0,230.0,902.0,59.0,63.0,9.0,91.0,0.0,273.0,186.0,411.0,613.0,19.0,41.0,258.0,29.0,13.0,59.0,433.0,122.0,117.0,11.0,14.69,57.5,6.0,14.0,39.0,902.0,672.0,672.0,9.0,11.92,16.39,16.39,78.75,78.75,68.69,66.69,6.27,3.81,9.9,2.31,22.31,47.42,6.21,6.27,6.21,73.0,19.0,7.0,99.0,7.0,2.0,0.0,4.0,0.0,21.0,58.0,66.0,85.0,10.0,23.0,196.0,83.0,45.0,38.0,68.0,12.0,12.0,1.67,1.59,3.01,3.0,2.0,2.0,99.0,92.0,92.0,36.0,0.87,0.26,0.26,6.88,6.88,6.82
SJS,2023,SJS,SJS,Team Level,other,82,0.37,0.41,0.4,10007.0,111.89,22.51,8.08,20.8,3.7,58.41,36.51,20.29,22.51,20.29,98.0,52.0,67.0,217.0,19.0,11.0,4.0,14.0,0.0,64.0,42.0,79.0,131.0,7.0,14.0,119.0,28.0,15.0,14.0,78.0,35.0,37.0,3.05,4.43,15.03,5.0,2.0,12.0,217.0,150.0,150.0,6.0,2.41,4.07,4.07,20.85,20.85,19.23,159.29,38.65,11.78,27.4,5.31,85.74,52.12,34.8,38.65,34.8,149.0,72.0,90.0,311.0,38.0,16.0,6.0,32.0,1.0,69.0,65.0,111.0,183.0,9.0,18.0,132.0,34.0,19.0,18.0,110.0,48.0,63.0,4.58,5.86,28.21,7.0,5.0,26.0,311.0,221.0,221.0,7.0,3.47,4.89,4.89,37.22,37.22,34.31
SJS,2023,SJS,SJS,Team Level,all,82,0.4,0.43,0.42,298209.0,2226.33,205.42,151.06,551.84,77.17,1211.14,878.4,196.33,203.12,194.09,2069.0,1006.0,1295.0,4370.0,180.0,241.0,20.0,416.0,3.0,1068.0,1167.0,1889.0,2895.0,297.0,668.0,2300.0,1873.0,544.0,451.0,2303.0,539.0,233.0,63.29,67.86,74.26,73.0,65.0,42.0,4283.67,3075.0,3031.56,254.0,33.39,46.37,46.37,192.44,190.52,185.09,3019.24,313.38,213.19,710.14,101.74,1669.67,1182.88,294.46,318.48,299.28,2881.0,1310.0,1635.0,5826.0,326.0,336.0,50.0,622.0,7.0,1528.0,1372.0,2555.0,3865.0,257.0,576.0,2391.0,1454.0,603.0,609.0,3058.0,765.0,368.0,91.35,94.05,127.98,124.0,108.0,94.0,5989.34,4191.0,4276.72,263.0,47.51,73.94,73.98,286.91,291.37,280.81
SJS,2023,SJS,SJS,Team Level,5on5,82,0.41,0.44,0.43,244637.0,1807.8,147.1,117.17,466.79,62.61,980.87,724.46,142.14,144.79,139.9,1686.0,813.0,1076.0,3575.0,119.0,198.0,12.0,355.0,3.0,860.0,964.0,1567.0,2380.0,267.0,608.0,1806.0,1793.0,462.0,393.0,1936.0,416.0,147.0,52.86,52.99,41.24,57.0,49.0,13.0,3488.67,2499.0,2455.56,227.0,24.29,36.28,36.34,135.05,133.14,130.71,2353.65,208.68,157.76,580.39,79.46,1296.46,948.25,198.69,213.78,203.53,2248.0,1023.0,1313.0,4584.0,226.0,267.0,33.0,498.0,6.0,1200.0,1074.0,2022.0,3045.0,231.0,524.0,1867.0,1360.0,523.0,530.0,2475.0,575.0,221.0,74.0,70.97,63.71,108.0,86.0,32.0,4747.34,3271.0,3356.72,237.0,32.79,56.15,56.19,185.27,189.74,185.78
SJS,2023,SJS,SJS,Team Level,4on5,82,0.06,0.08,0.1,23991.0,49.53,3.58,2.49,7.55,1.58,16.72,36.09,3.57,3.58,3.57,54.0,14.0,7.0,75.0,3.0,0.0,0.0,4.0,0.0,18.0,43.0,51.0,65.0,8.0,16.0,200.0,36.0,47.0,17.0,55.0,9.0,4.0,1.36,1.18,1.04,3.0,0.0,0.0,75.0,68.0,68.0,16.0,0.56,0.0,0.0,4.14,4.14,4.13,432.66,59.02,39.97,90.95,14.59,263.38,131.09,54.14,59.02,54.14,404.0,195.0,217.0,816.0,56.0,46.0,9.0,86.0,0.0,249.0,162.0,348.0,543.0,14.0,28.0,235.0,12.0,15.0,38.0,397.0,128.0,74.0,10.47,15.37,33.18,7.0,14.0,35.0,816.0,599.0,599.0,2.0,10.41,11.39,11.39,58.04,58.04,54.42
SJS,2023,SJS,SJS,Team Level,5on4,82,0.82,0.81,0.78,19574.0,257.11,32.24,23.31,56.69,9.28,155.14,81.34,30.32,32.24,30.32,231.0,127.0,145.0,503.0,39.0,32.0,4.0,43.0,0.0,126.0,118.0,192.0,319.0,15.0,30.0,175.0,16.0,20.0,27.0,234.0,79.0,45.0,6.02,9.26,16.95,8.0,14.0,17.0,503.0,358.0,358.0,5.0,6.12,6.03,5.96,32.4,32.4,31.02,73.63,7.04,3.66,11.41,2.38,24.1,51.41,6.83,7.04,6.83,80.0,20.0,15.0,115.0,6.0,7.0,2.0,6.0,0.0,10.0,71.0,74.0,94.0,3.0,6.0,157.0,48.0,46.0,23.0,76.0,14.0,10.0,2.29,1.86,2.89,2.0,3.0,1.0,115.0,100.0,100.0,17.0,0.84,1.51,1.51,6.38,6.38,6.28
DAL,2023,DAL,DAL,Team Level,other,82,0.58,0.5,0.49,9731.0,150.15,39.26,11.08,26.07,5.09,79.62,45.89,35.95,39.26,35.95,129.0,78.0,79.0,286.0,33.0,19.0,3.0,19.0,2.0,73.0,61.0,96.0,174.0,6.0,12.0,125.0,25.0,15.0,21.0,91.0,52.0,64.0,3.57,6.18,29.51,7.0,7.0,19.0,286.0,207.0,207.0,12.0,3.21,6.96,6.96,35.51,35.51,33.34,154.24,28.04,11.31,30.32,5.71,87.21,49.41,26.65,28.04,26.65,145.0,67.0,77.0,289.0,27.0,18.0,5.0,18.0,0.0,87.0,62.0,118.0,185.0,4.0,8.0,119.0,32.0,23.0,24.0,119.0,52.0,41.0,4.69,6.32,17.04,4.0,6.0,17.0,289.0,212.0,212.0,10.0,3.3,4.92,4.92,26.42,26.42,25.3
DAL,2023,DAL,DAL,Team Level,all,82,0.56,0.53,0.53,298927.0,2747.89,283.36,187.38,665.34,94.97,1490.41,1076.53,270.27,285.31,272.17,2588.0,1210.0,1503.0,5301.0,294.0,293.0,41.0,493.0,15.0,1349.0,1354.0,2294.0,3504.0,248.0,528.0,2617.0,1458.0,560.0,668.0,2761.0,719.0,318.0,81.83,88.81,112.73,110.0,88.0,96.0,5358.06,3798.0,3831.11,281.0,41.79,63.98,64.04,261.1,263.12,256.05,2489.5,226.51,161.85,607.91,83.12,1341.5,992.1,218.1,226.2,217.81,2350.0,1063.0,1327.0,4740.0,232.0,208.0,33.0,540.0,8.0,1160.0,1265.0,2118.0,3181.0,248.0,532.0,2228.0,2172.0,595.0,611.0,2567.0,606.0,240.0,70.13,75.25,81.13,79.0,85.0,68.0,4697.33,3413.0,3393.38,285.0,36.03,45.32,45.32,217.23,216.92,211.85
DAL,2023,DAL,DAL,Team Level,5on5,82,0.54,0.53,0.53,245647.0,2181.55,181.52,140.75,556.0,75.68,1189.77,884.28,174.68,183.48,176.58,2049.0,979.0,1238.0,4266.0,194.0,212.0,23.0,423.0,11.0,1094.0,1094.0,1855.0,2834.0,209.0,448.0,2089.0,1342.0,474.0,585.0,2324.0,536.0,168.0,69.36,66.59,45.59,96.0,63.0,35.0,4323.06,3028.0,3061.11,250.0,29.27,41.13,41.2,169.6,171.62,168.6,1950.98,153.17,118.55,502.11,65.07,1039.19,794.9,148.36,152.85,148.04,1813.0,860.0,1085.0,3758.0,161.0,163.0,21.0,448.0,5.0,889.0,1007.0,1652.0,2512.0,223.0,482.0,1738.0,2049.0,500.0,511.0,2085.0,437.0,151.0,55.16,54.89,43.11,65.0,65.0,31.0,3715.33,2673.0,2653.38,251.0,24.61,31.72,31.72,146.05,145.74,143.51
DAL,2023,DAL,DAL,Team Level,4on5,82,0.17,0.14,0.16,21736.0,66.64,8.32,3.37,9.2,1.91,19.4,42.79,8.15,8.32,8.15,70.0,15.0,14.0,99.0,10.0,6.0,1.0,1.0,0.0,13.0,55.0,60.0,75.0,11.0,22.0,177.0,65.0,56.0,16.0,51.0,21.0,13.0,1.59,2.98,3.76,1.0,5.0,4.0,99.0,85.0,85.0,14.0,0.78,1.55,1.55,7.55,7.55,7.46,321.15,40.3,28.88,66.13,10.41,194.96,102.32,38.15,40.3,38.15,323.0,120.0,154.0,597.0,40.0,26.0,7.0,70.0,3.0,167.0,137.0,283.0,403.0,11.0,22.0,204.0,31.0,14.0,57.0,300.0,99.0,44.0,8.6,11.87,19.82,8.0,12.0,20.0,597.0,443.0,443.0,10.0,7.41,8.53,8.53,39.17,39.17,37.52
DAL,2023,DAL,DAL,Team Level,5on4,82,0.92,0.87,0.85,21813.0,349.53,54.25,32.19,74.06,12.31,201.63,103.56,51.49,54.25,51.49,340.0,138.0,172.0,650.0,57.0,56.0,14.0,50.0,2.0,169.0,144.0,283.0,421.0,22.0,46.0,226.0,26.0,15.0,46.0,295.0,110.0,73.0,7.32,13.05,33.87,6.0,13.0,38.0,650.0,478.0,478.0,5.0,8.53,14.34,14.34,48.45,48.45,46.66,63.13,5.01,3.1,9.35,1.93,20.15,45.46,4.96,5.01,4.96,69.0,16.0,11.0,96.0,4.0,1.0,0.0,4.0,0.0,17.0,59.0,65.0,81.0,10.0,20.0,167.0,60.0,58.0,19.0,63.0,18.0,4.0,1.68,2.17,1.17,2.0,2.0,0.0,96.0,85.0,85.0,14.0,0.72,0.14,0.14,5.59,5.59,5.53
MTL,2023,MTL,MTL,Team Level,other,82,0.43,0.44,0.44,10150.0,152.17,26.03,10.97,28.92,5.14,79.44,53.5,24.89,26.03,24.89,140.0,64.0,59.0,263.0,23.0,15.0,1.0,19.0,1.0,71.0,75.0,117.0,181.0,12.0,22.0,146.0,30.0,27.0,25.0,108.0,59.0,37.0,4.74,7.21,14.08,5.0,5.0,13.0,263.0,204.0,204.0,17.0,3.07,4.44,4.44,24.66,24.66,24.0,191.22,34.44,13.37,36.5,6.25,101.2,68.25,32.62,34.44,32.62,188.0,72.0,75.0,335.0,45.0,19.0,3.0,30.0,1.0,90.0,75.0,143.0,215.0,14.0,28.0,118.0,34.0,33.0,21.0,155.0,56.0,49.0,6.01,6.59,21.84,11.0,13.0,21.0,335.0,260.0,260.0,11.0,3.86,6.8,7.23,31.07,31.07,30.3
MTL,2023,MTL,MTL,Team Level,all,82,0.45,0.45,0.45,300787.0,2380.73,229.11,161.76,578.35,80.37,1283.95,942.45,219.13,229.35,219.33,2269.0,1007.0,1257.0,4533.0,232.0,234.0,31.0,452.0,14.0,1159.0,1185.0,2037.0,3044.0,336.0,755.0,2332.0,1805.0,463.0,788.0,2404.0,613.0,259.0,69.63,76.16,83.33,89.0,75.0,68.0,4518.7,3276.0,3269.09,554.0,35.95,51.7,51.7,213.36,213.4,208.53,2854.09,280.77,199.95,689.51,96.64,1551.41,1112.72,266.35,281.61,267.2,2738.0,1193.0,1605.0,5536.0,281.0,311.0,36.0,578.0,13.0,1401.0,1347.0,2457.0,3650.0,312.0,706.0,2200.0,1791.0,592.0,854.0,2933.0,677.0,321.0,83.61,85.9,111.26,101.0,99.0,81.0,5562.88,3931.0,3950.57,610.0,44.72,67.85,67.99,257.49,258.35,251.48
MTL,2023,MTL,MTL,Team Level,5on5,82,0.47,0.46,0.46,241548.0,1854.52,157.87,118.51,473.04,62.79,990.28,751.51,151.5,158.11,151.7,1748.0,806.0,1032.0,3586.0,160.0,185.0,24.0,366.0,10.0,910.0,923.0,1588.0,2394.0,292.0,658.0,1753.0,1703.0,381.0,671.0,1940.0,453.0,161.0,54.72,56.27,46.88,72.0,60.0,28.0,3571.7,2554.0,2547.09,479.0,24.68,40.31,40.38,142.18,142.22,139.72,2152.03,181.55,140.45,549.15,73.6,1170.03,865.22,174.02,182.4,174.87,2037.0,943.0,1296.0,4276.0,166.0,225.0,22.0,473.0,12.0,1049.0,1055.0,1871.0,2814.0,261.0,595.0,1673.0,1653.0,487.0,726.0,2289.0,501.0,190.0,65.21,64.09,52.24,77.0,69.0,20.0,4302.88,2980.0,2999.57,537.0,29.15,44.51,44.72,165.98,166.83,163.57
MTL,2023,MTL,MTL,Team Level,4on5,82,0.08,0.09,0.11,25587.0,51.74,5.06,2.9,7.97,1.8,17.6,35.68,5.03,5.06,5.03,63.0,8.0,14.0,85.0,7.0,0.0,0.0,5.0,1.0,5.0,53.0,56.0,64.0,12.0,30.0,216.0,56.0,38.0,57.0,52.0,11.0,8.0,1.29,1.53,2.23,3.0,1.0,3.0,85.0,71.0,71.0,56.0,0.67,0.0,0.0,5.72,5.72,5.7,438.1,57.89,42.73,92.3,14.54,257.57,129.97,53.07,57.89,53.07,432.0,163.0,222.0,817.0,59.0,60.0,9.0,69.0,0.0,251.0,156.0,373.0,536.0,24.0,54.0,243.0,22.0,15.0,45.0,417.0,106.0,72.0,10.35,13.48,34.06,9.0,14.0,36.0,817.0,595.0,595.0,3.0,10.94,14.61,14.24,54.59,54.59,51.79
MTL,2023,MTL,MTL,Team Level,5on4,82,0.85,0.85,0.82,23502.0,322.31,40.15,29.38,68.43,10.65,196.63,101.76,37.7,40.15,37.7,318.0,129.0,152.0,599.0,42.0,34.0,6.0,62.0,2.0,173.0,134.0,276.0,405.0,20.0,45.0,217.0,16.0,17.0,35.0,304.0,90.0,53.0,8.87,11.15,20.13,9.0,9.0,24.0,599.0,447.0,447.0,2.0,7.54,6.96,6.89,40.8,40.8,39.11,72.74,6.88,3.39,11.56,2.27,22.63,49.28,6.64,6.88,6.64,81.0,15.0,12.0,108.0,11.0,7.0,2.0,6.0,0.0,11.0,61.0,70.0,85.0,13.0,29.0,166.0,82.0,57.0,62.0,72.0,14.0,10.0,2.04,1.73,3.12,4.0,3.0,4.0,108.0,96.0,96.0,59.0,0.78,1.92,1.8,5.86,5.86,5.82
VGK,2023,VGK,VGK,Team Level,other,82,0.5,0.51,0.5,8068.0,124.46,29.08,9.32,22.2,4.16,66.55,39.69,27.47,29.08,27.47,117.0,54.0,70.0,241.0,31.0,7.0,0.0,15.0,1.0,71.0,46.0,86.0,140.0,7.0,15.0,95.0,26.0,26.0,23.0,84.0,43.0,44.0,3.48,5.02,20.58,2.0,7.0,22.0,241.0,171.0,171.0,10.0,2.67,2.18,2.18,29.57,29.57,28.16,125.97,29.5,8.73,23.47,4.41,64.21,41.68,26.95,29.5,26.95,128.0,44.0,56.0,228.0,33.0,10.0,0.0,10.0,1.0,64.0,54.0,95.0,139.0,8.0,17.0,112.0,28.0,17.0,11.0,89.0,38.0,45.0,3.33,4.45,21.73,5.0,6.0,22.0,228.0,172.0,172.0,2.0,2.58,3.28,3.28,28.81,28.81,26.7
VGK,2023,VGK,VGK,Team Level,all,82,0.5,0.49,0.5,298515.0,2582.23,251.62,176.49,618.03,86.71,1395.64,1021.5,240.35,253.33,242.01,2548.0,1002.0,1432.0,4982.0,263.0,266.0,32.0,518.0,6.0,1261.0,1236.0,2285.0,3287.0,237.0,529.0,2314.0,2020.0,690.0,565.0,2617.0,641.0,292.0,76.05,78.48,97.09,94.0,83.0,86.0,5023.75,3550.0,3577.38,265.0,39.04,57.77,57.82,232.84,234.4,228.64,2609.95,248.13,176.92,640.99,89.8,1426.08,1034.09,236.08,248.2,236.15,2487.0,1129.0,1611.0,5227.0,243.0,263.0,30.0,487.0,6.0,1340.0,1277.0,2244.0,3373.0,275.0,597.0,2296.0,2135.0,616.0,562.0,2729.0,619.0,268.0,77.09,76.2,94.82,90.0,73.0,80.0,5219.78,3616.0,3616.81,282.0,39.29,53.61,53.64,233.77,233.83,226.27
VGK,2023,VGK,VGK,Team Level,5on5,82,0.52,0.49,0.49,244515.0,2039.1,176.72,132.15,510.67,68.95,1097.44,827.07,168.92,178.43,170.59,2007.0,806.0,1172.0,3985.0,176.0,221.0,25.0,438.0,4.0,1004.0,970.0,1831.0,2637.0,204.0,459.0,1830.0,1902.0,573.0,481.0,2130.0,499.0,184.0,62.86,61.44,52.43,82.0,62.0,32.0,4026.75,2813.0,2840.38,236.0,27.46,47.27,47.34,156.85,158.41,155.28,2064.1,166.15,133.54,530.14,71.61,1131.79,837.76,159.89,166.23,159.98,1962.0,909.0,1353.0,4224.0,163.0,207.0,25.0,407.0,5.0,1065.0,1024.0,1799.0,2708.0,241.0,525.0,1797.0,1992.0,526.0,470.0,2245.0,475.0,151.0,63.04,59.36,43.75,79.0,54.0,30.0,4216.78,2871.0,2871.81,243.0,27.7,40.39,40.64,153.23,153.27,150.4
VGK,2023,VGK,VGK,Team Level,4on5,82,0.12,0.12,0.15,21599.0,62.2,6.11,3.2,8.68,1.95,19.54,43.53,5.93,6.11,5.93,63.0,20.0,11.0,94.0,8.0,3.0,1.0,1.0,0.0,15.0,56.0,55.0,75.0,7.0,17.0,148.0,66.0,64.0,14.0,58.0,14.0,11.0,1.52,1.84,2.75,1.0,3.0,4.0,94.0,83.0,83.0,13.0,0.75,0.92,0.92,5.93,5.93,5.83,354.2,46.61,31.33,77.07,11.74,209.01,109.25,43.43,46.61,43.43,321.0,164.0,186.0,671.0,40.0,42.0,5.0,60.0,0.0,194.0,149.0,281.0,445.0,20.0,43.0,194.0,21.0,12.0,44.0,330.0,91.0,64.0,8.77,10.63,27.22,4.0,10.0,26.0,671.0,485.0,485.0,5.0,8.23,9.01,8.8,46.04,46.04,43.49
VGK,2023,VGK,VGK,Team Level,5on4,82,0.87,0.86,0.85,24333.0,356.46,39.72,31.82,76.47,11.66,212.11,111.22,38.04,39.72,38.04,361.0,122.0,179.0,662.0,48.0,35.0,6.0,64.0,1.0,171.0,164.0,313.0,435.0,19.0,38.0,241.0,26.0,27.0,47.0,345.0,85.0,53.0,8.19,10.19,21.33,9.0,11.0,28.0,662.0,483.0,483.0,6.0,8.17,7.39,7.38,40.5,40.5,39.37,65.68,5.86,3.32,10.31,2.05,21.06,45.4,5.8,5.86,5.8,76.0,12.0,16.0,104.0,7.0,4.0,0.0,10.0,0.0,17.0,50.0,69.0,81.0,6.0,12.0,193.0,94.0,61.0,37.0,65.0,15.0,8.0,1.95,1.77,2.13,2.0,3.0,2.0,104.0,88.0,88.0,32.0,0.76,0.92,0.92,5.69,5.69,5.68
CGY,2023,CGY,CGY,Team Level,other,82,0.51,0.52,0.53,11874.0,171.72,36.72,12.23,34.05,6.21,90.08,59.71,33.83,36.72,33.83,160.0,79.0,78.0,317.0,35.0,16.0,4.0,26.0,4.0,94.0,64.0,125.0,204.0,9.0,24.0,125.0,37.0,35.0,30.0,138.0,50.0,51.0,5.0,5.99,25.74,5.0,6.0,24.0,317.0,239.0,239.0,17.0,3.57,3.97,3.97,36.32,36.32,33.97,150.01,35.17,10.75,28.3,5.14,78.36,50.27,32.6,35.17,32.6,141.0,67.0,87.0,295.0,30.0,13.0,2.0,24.0,3.0,74.0,64.0,111.0,178.0,9.0,24.0,157.0,35.0,25.0,30.0,104.0,54.0,50.0,3.73,6.48,24.96,4.0,3.0,23.0,295.0,208.0,208.0,16.0,3.07,4.64,4.64,33.6,33.6,32.23
CGY,2023,CGY,CGY,Team Level,all,82,0.5,0.51,0.52,297732.0,2726.17,251.34,181.43,670.67,92.5,1484.39,1090.67,241.88,250.65,241.21,2573.0,1198.0,1486.0,5257.0,253.0,268.0,31.0,551.0,18.0,1279.0,1402.0,2320.0,3518.0,303.0,669.0,2394.0,1748.0,621.0,811.0,2913.0,580.0,278.0,79.51,72.53,99.28,92.0,75.0,86.0,5221.64,3771.0,3751.0,401.0,40.41,51.47,51.5,240.24,239.66,233.72,2574.93,256.23,173.98,619.2,85.8,1377.17,1017.61,245.46,257.71,246.92,2438.0,1092.0,1479.0,5009.0,267.0,237.0,29.0,540.0,7.0,1218.0,1261.0,2171.0,3263.0,308.0,668.0,2428.0,1724.0,707.0,686.0,2580.0,669.0,281.0,72.94,83.25,100.04,112.0,76.0,79.0,5052.18,3530.0,3559.55,364.0,38.81,50.41,50.45,244.6,245.89,239.69
CGY,2023,CGY,CGY,Team Level,5on5,82,0.5,0.51,0.52,240316.0,2109.38,165.2,132.26,543.47,71.56,1148.37,859.14,160.4,164.51,159.73,1996.0,924.0,1207.0,4127.0,167.0,204.0,20.0,455.0,12.0,976.0,1106.0,1829.0,2753.0,261.0,577.0,1843.0,1628.0,517.0,679.0,2316.0,436.0,168.0,62.73,55.45,47.03,78.0,56.0,33.0,4091.64,2920.0,2900.0,345.0,27.34,37.43,37.68,154.86,154.27,151.98,1991.43,167.34,127.03,503.81,66.84,1066.31,806.67,161.48,168.82,162.94,1896.0,842.0,1196.0,3934.0,182.0,173.0,19.0,438.0,3.0,933.0,1009.0,1714.0,2556.0,270.0,584.0,1856.0,1598.0,583.0,577.0,2071.0,506.0,161.0,57.27,63.26,46.82,96.0,63.0,23.0,3977.18,2738.0,2767.55,310.0,26.44,34.74,35.32,158.45,159.74,156.68
CGY,2023,CGY,CGY,Team Level,4on5,82,0.11,0.15,0.18,21922.0,78.85,5.71,3.5,11.88,2.37,24.76,56.78,5.69,5.71,5.69,81.0,24.0,13.0,118.0,10.0,1.0,0.0,4.0,1.0,13.0,76.0,71.0,95.0,10.0,22.0,178.0,54.0,46.0,37.0,85.0,16.0,4.0,2.24,2.1,1.37,4.0,2.0,4.0,118.0,105.0,105.0,33.0,0.81,0.01,0.01,6.5,6.5,6.48,357.01,45.31,32.39,76.1,11.64,210.1,109.46,43.05,45.31,43.05,323.0,162.0,184.0,669.0,44.0,47.0,7.0,71.0,1.0,187.0,135.0,279.0,441.0,20.0,40.0,221.0,22.0,28.0,45.0,335.0,98.0,52.0,9.79,12.03,23.5,9.0,8.0,27.0,669.0,485.0,485.0,6.0,8.43,10.35,9.81,43.94,43.94,42.23
CGY,2023,CGY,CGY,Team Level,5on4,82,0.84,0.86,0.84,23620.0,366.24,43.71,33.44,81.27,12.36,221.19,115.03,41.97,43.71,41.97,336.0,171.0,188.0,695.0,41.0,47.0,7.0,66.0,1.0,196.0,156.0,295.0,466.0,23.0,46.0,248.0,29.0,23.0,65.0,374.0,78.0,55.0,9.56,9.0,25.15,5.0,11.0,25.0,695.0,507.0,507.0,6.0,8.7,10.06,9.84,42.55,42.55,41.28,76.48,8.41,3.82,10.99,2.18,22.39,51.2,8.34,8.41,8.34,78.0,21.0,12.0,111.0,11.0,4.0,1.0,7.0,0.0,24.0,53.0,67.0,88.0,9.0,20.0,194.0,69.0,71.0,34.0,70.0,11.0,18.0,2.15,1.49,4.77,3.0,2.0,6.0,111.0,99.0,99.0,32.0,0.87,0.68,0.68,8.61,8.61,8.54
LAK,2023,LAK,LAK,Team Level,other,82,0.5,0.51,0.51,9894.0,137.2,29.21,10.31,24.95,4.74,77.49,45.3,26.76,29.21,26.76,128.0,64.0,66.0,258.0,29.0,13.0,0.0,26.0,0.0,75.0,49.0,99.0,163.0,9.0,20.0,127.0,28.0,12.0,13.0,105.0,47.0,40.0,4.05,6.0,19.16,9.0,4.0,16.0,258.0,192.0,192.0,6.0,2.95,3.76,3.76,28.4,28.4,26.48,135.89,29.15,9.65,25.24,4.41,71.3,44.25,27.59,29.15,27.59,116.0,68.0,64.0,248.0,24.0,9.0,1.0,13.0,1.0,73.0,64.0,92.0,160.0,3.0,6.0,117.0,26.0,22.0,19.0,93.0,46.0,45.0,3.85,5.37,19.92,6.0,4.0,14.0,248.0,184.0,184.0,11.0,2.87,2.43,2.43,29.59,29.59,28.21
LAK,2023,LAK,LAK,Team Level,all,82,0.53,0.53,0.53,298577.0,2769.17,267.84,184.04,672.63,93.42,1488.77,1098.31,254.83,270.02,256.92,2616.0,1189.0,1389.0,5194.0,254.0,317.0,30.0,519.0,7.0,1356.0,1352.0,2362.0,3551.0,288.0,629.0,2328.0,1763.0,424.0,564.0,2837.0,650.0,318.0,77.49,81.43,108.93,86.0,88.0,80.0,5260.1,3805.0,3847.02,383.0,40.56,66.84,66.84,241.57,243.39,236.23,2423.61,234.97,169.8,573.35,80.85,1324.75,952.28,222.64,234.62,222.29,2297.0,1039.0,1356.0,4692.0,210.0,232.0,33.0,484.0,11.0,1189.0,1210.0,2087.0,3126.0,293.0,635.0,2273.0,2041.0,473.0,554.0,2464.0,612.0,260.0,68.84,75.65,90.48,73.0,71.0,66.0,4651.07,3336.0,3317.31,354.0,38.1,50.26,50.26,222.81,222.38,215.86
LAK,2023,LAK,LAK,Team Level,5on5,82,0.55,0.54,0.55,240328.0,2213.49,182.33,139.77,562.53,74.75,1183.02,899.6,175.02,184.52,177.1,2099.0,943.0,1129.0,4171.0,165.0,258.0,22.0,423.0,6.0,1088.0,1102.0,1934.0,2877.0,261.0,571.0,1775.0,1620.0,348.0,478.0,2356.0,489.0,197.0,63.78,61.15,57.41,67.0,66.0,32.0,4237.1,3042.0,3084.02,339.0,28.97,51.28,51.28,160.02,161.84,158.72,1814.02,152.15,118.84,451.89,61.02,981.5,735.59,147.12,151.8,146.78,1724.0,777.0,1063.0,3564.0,143.0,180.0,28.0,380.0,7.0,852.0,939.0,1581.0,2358.0,268.0,585.0,1723.0,1926.0,401.0,447.0,1896.0,457.0,148.0,52.94,57.0,42.21,56.0,55.0,32.0,3523.07,2501.0,2482.31,291.0,24.64,37.3,37.67,139.12,138.7,136.52
LAK,2023,LAK,LAK,Team Level,4on5,82,0.13,0.11,0.13,24893.0,66.51,7.19,3.46,9.55,2.08,20.88,44.84,7.04,7.19,7.04,74.0,14.0,9.0,97.0,8.0,6.0,2.0,5.0,0.0,16.0,53.0,66.0,80.0,6.0,12.0,208.0,81.0,50.0,33.0,60.0,15.0,13.0,1.81,1.89,3.5,1.0,4.0,3.0,97.0,88.0,88.0,32.0,0.79,1.3,1.3,6.68,6.68,6.65,412.76,47.36,38.18,87.36,13.41,251.96,129.73,41.79,47.36,41.79,392.0,176.0,219.0,787.0,36.0,41.0,3.0,88.0,2.0,248.0,153.0,356.0,532.0,13.0,26.0,260.0,26.0,17.0,38.0,417.0,93.0,58.0,10.64,11.2,25.52,10.0,9.0,17.0,787.0,568.0,568.0,3.0,9.88,9.72,9.34,47.9,47.9,44.98
LAK,2023,LAK,LAK,Team Level,5on4,82,0.89,0.88,0.85,23462.0,351.97,49.11,30.49,75.6,11.85,207.38,108.57,46.03,49.11,46.03,315.0,168.0,185.0,668.0,52.0,40.0,6.0,65.0,1.0,177.0,148.0,263.0,431.0,12.0,26.0,218.0,34.0,14.0,40.0,316.0,99.0,68.0,7.86,12.39,28.86,9.0,14.0,29.0,668.0,483.0,483.0,6.0,7.86,10.49,10.49,46.47,46.47,44.38,60.94,6.31,3.13,8.85,2.02,19.99,42.7,6.14,6.31,6.14,65.0,18.0,10.0,93.0,7.0,2.0,1.0,3.0,1.0,16.0,54.0,58.0,76.0,9.0,18.0,173.0,63.0,33.0,50.0,58.0,16.0,9.0,1.41,2.08,2.82,1.0,3.0,3.0,93.0,83.0,83.0,49.0,0.71,0.81,0.81,6.2,6.2,6.15
