team,season,name,team,position,situation,games_played,xGoalsPercentage,corsiPercentage,fenwickPercentage,iceTime,xOnGoalFor,xGoalsFor,xReboundsFor,xFreezeFor,xPlayStoppedFor,xPlayContinuedInZoneFor,xPlayContinuedOutsideZoneFor,flurryAdjustedxGoalsFor,scoreVenueAdjustedxGoalsFor,flurryScoreVenueAdjustedxGoalsFor,shotsOnGoalFor,missedShotsFor,blockedShotAttemptsFor,shotAttemptsFor,goalsFor,reboundsFor,reboundGoalsFor,freezeFor,playStoppedFor,playContinuedInZoneFor,playContinuedOutsideZoneFor,savedShotsOnGoalFor,savedUnblockedShotAttemptsFor,penaltiesFor,penalityMinutesFor,faceOffsWonFor,hitsFor,takeawaysFor,giveawaysFor,lowDangerShotsFor,mediumDangerShotsFor,highDangerShotsFor,lowDangerxGoalsFor,mediumDangerxGoalsFor,highDangerxGoalsFor,lowDangerGoalsFor,mediumDangerGoalsFor,highDangerGoalsFor,scoreAdjustedShotsAttemptsFor,unblockedShotAttemptsFor,scoreAdjustedUnblockedShotAttemptsFor,dZoneGiveawaysFor,xGoalsFromxReboundsOfShotsFor,xGoalsFromActualReboundsOfShotsFor,reboundxGoalsFor,totalShotCreditFor,scoreAdjustedTotalShotCreditFor,scoreFlurryAdjustedTotalShotCreditFor,xOnGoalAgainst,xGoalsAgainst,xReboundsAgainst,xFreezeAgainst,xPlayStoppedAgainst,xPlayContinuedInZoneAgainst,xPlayContinuedOutsideZoneAgainst,flurryAdjustedxGoalsAgainst,scoreVenueAdjustedxGoalsAgainst,flurryScoreVenueAdjustedxGoalsAgainst,shotsOnGoalAgainst,missedShotsAgainst,blockedShotAttemptsAgainst,shotAttemptsAgainst,goalsAgainst,reboundsAgainst,reboundGoalsAgainst,freezeAgainst,playStoppedAgainst,playContinuedInZoneAgainst,playContinuedOutsideZoneAgainst,savedShotsOnGoalAgainst,savedUnblockedShotAttemptsAgainst,penaltiesAgainst,penalityMinutesAgainst,faceOffsWonAgainst,hitsAgainst,takeawaysAgainst,giveawaysAgainst,lowDangerShotsAgainst,mediumDangerShotsAgainst,highDangerShotsAgainst,lowDangerxGoalsAgainst,mediumDangerxGoalsAgainst,highDangerxGoalsAgainst,lowDangerGoalsAgainst,mediumDangerGoalsAgainst,highDangerGoalsAgainst,scoreAdjustedShotsAttemptsAgainst,unblockedShotAttemptsAgainst,scoreAdjustedUnblockedShotAttemptsAgainst,dZoneGiveawaysAgainst,xGoalsFromxReboundsOfShotsAgainst,xGoalsFromActualReboundsOfShotsAgainst,reboundxGoalsAgainst,totalShotCreditAgainst,scoreAdjustedTotalShotCreditAgainst,scoreFlurryAdjustedTotalShotCreditAgainst
CGY,2022,CGY,CGY,Team Level,other,82,0.49,0.5,0.49,9412,135.81,30.17,9.17,23.83,4.38,70.64,50.81,27.77,30.17,27.77,131,58,67,256,19,9,0,23,7,56,75,112,170,14,32,111,39,24,26,93,56,40,3.72,6.82,19.64,2,5,12,256,189,189,13,2.6,3.14,3.14,29.63,29.63,28.05,147.38,31.4,10.36,25.56,4.77,74.27,51.64,29.09,31.4,29.09,145,53,57,255,31,14,6,20,6,65,62,114,167,6,12,141,28,19,28,90,64,44,3.8,8.12,19.49,6,8,17,255,198,198,10,3.09,4.52,4.52,29.97,29.97,28.11
CGY,2022,CGY,CGY,Team Level,all,82,0.54,0.57,0.56,299918,2972.44,278.2,201.51,696.2,99.22,1628.06,1211.81,267.91,278.96,268.67,2949,1166,1412,5527,258,281,42,710,70,1202,1594,2691,3857,309,687,2531,1981,624,717,3056,766,293,85.01,93.58,99.62,79,92,87,5551.19,4115,4132.21,364,44.43,56.89,56.89,265.73,266.51,260.99,2321.39,238.84,159.06,531.61,76.22,1238.58,924.7,228.46,239.91,229.48,2243,926,1024,4193,247,211,34,536,101,892,1182,1996,2922,297,651,2496,1758,642,835,2234,677,258,67.75,83.68,87.4,84,85,78,4200.45,3169,3178.11,462,35.46,44.59,44.65,229.64,230.5,224.88
CGY,2022,CGY,CGY,Team Level,5on5,82,0.55,0.57,0.57,239775,2327.88,192.77,149.24,571.06,77.8,1270.95,952.18,186.29,193.53,187.04,2290,924,1135,4349,182,226,33,585,48,923,1250,2108,3032,271,607,1943,1812,498,594,2440,583,191,68.84,71.22,52.71,71,74,37,4373.19,3214,3231.21,308,30.76,43.04,43.04,180.49,181.26,178.36,1771.01,159.77,116.06,426.98,58.5,942.38,719.32,154.22,160.85,155.25,1702,721,807,3230,169,167,26,426,77,664,920,1533,2254,270,597,1895,1617,550,687,1777,483,163,54.19,60.01,45.58,70,59,40,3237.45,2423,2432.11,401,24.07,33.64,33.95,149.89,150.74,148.55
CGY,2022,CGY,CGY,Team Level,4on5,82,0.22,0.23,0.26,25978,118.07,11.74,6.3,17.14,3.88,39.01,82.93,11.45,11.74,11.45,130,31,20,181,8,5,0,16,2,22,108,122,153,9,18,227,91,71,45,113,36,12,3.19,4.47,4.09,1,4,3,181,161,161,40,1.43,1.14,1.14,12.05,12.05,11.96,336.32,41.01,29.38,70.16,11.02,202.11,107.32,38.73,41.01,38.73,321,140,142,603,41,25,2,81,17,152,145,280,420,9,18,247,32,21,75,308,110,43,7.98,13.06,19.97,8,13,20,603,461,461,10,7.55,4.99,4.74,43.83,43.83,42.33
CGY,2022,CGY,CGY,Team Level,5on4,82,0.87,0.88,0.86,24753,390.68,43.51,36.8,84.16,13.18,247.46,125.88,42.41,43.51,42.41,398,153,190,741,49,41,9,86,13,201,161,349,502,15,30,250,39,31,52,410,91,50,9.27,11.07,23.18,5,9,35,741,551,551,3,9.64,9.58,9.58,43.57,43.57,42.6,66.68,6.65,3.26,8.9,1.94,19.82,46.43,6.41,6.65,6.41,75,12,18,105,6,5,0,9,1,11,55,69,81,12,24,213,81,52,45,59,20,8,1.79,2.5,2.36,0,5,1,105,87,87,41,0.76,1.44,1.44,5.97,5.97,5.89
EDM,2022,EDM,EDM,Team Level,other,82,0.58,0.51,0.52,9385,141.87,35.52,10,23.21,4.47,70.57,45.21,33.93,35.52,33.93,144,45,53,242,34,9,2,28,1,59,58,110,155,10,20,135,20,32,22,78,60,51,3.04,7.58,24.9,2,9,23,242,189,189,7,2.85,3.22,3.63,34.74,34.74,34.11,132.2,25.65,9.57,24.36,5.24,70.19,43,24.08,25.65,24.08,142,36,53,231,24,11,2,29,4,63,47,118,154,9,18,115,30,24,24,86,59,33,3.24,7.1,15.31,4,6,14,231,178,178,12,2.79,2.94,2.94,25.49,25.49,24.17
EDM,2022,EDM,EDM,Team Level,all,82,0.56,0.52,0.52,297819,2719.78,311.16,194.5,595.17,87.81,1455.25,1064.11,293.42,314.2,296.43,2755,953,1192,4900,325,223,32,549,75,1268,1268,2430,3383,315,678,2484,1874,734,866,2457,931,320,76.59,114.67,119.9,98,127,100,4989.05,3708,3764.23,471,43.29,51.89,52.07,302.38,305.48,294.88,2530.81,243.8,172.89,586.04,83.86,1390.39,997.01,235.24,242.8,234.26,2573,901,1037,4511,256,211,40,595,70,1156,1186,2317,3218,310,669,2404,2019,690,829,2533,703,238,75.77,84.77,83.27,83,84,89,4464.22,3474,3447.09,442,38.5,42.13,42.18,240.13,238.95,233.65
EDM,2022,EDM,EDM,Team Level,5on5,82,0.54,0.52,0.52,239362,2074.91,192.77,142.46,481.82,67.7,1120.27,839.98,184.98,195.81,187.99,2092,753,961,3806,193,164,16,449,61,967,1011,1899,2652,278,604,1862,1760,599,723,1998,674,173,62.94,83.5,46.32,83,83,27,3895.05,2845,2901.23,414,29.6,33.29,33.06,189.31,192.41,188.11,1938.91,163.97,125.41,468.02,63.54,1053.95,786.09,159.33,162.96,158.35,1962,699,812,3473,169,161,31,478,46,877,930,1793,2492,273,592,1850,1873,588,669,1994,525,142,60.53,63.64,39.81,72,59,38,3426.22,2661,2634.09,385,25.92,31.3,31.56,158.32,157.15,154.8
EDM,2022,EDM,EDM,Team Level,4on5,82,0.17,0.15,0.16,25954,83.85,10.32,4.37,11.54,2.64,25.58,56.55,10.28,10.32,10.28,94,17,14,125,16,3,1,5,1,19,67,78,95,12,24,237,62,73,51,64,37,10,2.25,4.76,3.32,4,8,4,125,111,111,46,1,0.92,0.92,10.41,10.41,10.4,410.76,50.38,35.81,86.71,13.56,250.58,130.95,48.05,50.38,48.05,414,154,163,731,57,39,7,83,19,204,166,357,511,17,34,245,40,33,90,401,108,59,10.57,12.71,27.1,5,17,35,731,568,568,2,9.31,7.89,7.68,52.01,52.01,50.4
EDM,2022,EDM,EDM,Team Level,5on4,82,0.95,0.91,0.89,23118,419.14,72.54,37.68,78.58,13.01,238.82,122.36,64.22,72.54,64.22,425,138,164,727,82,47,13,67,12,223,132,343,481,15,30,250,32,30,70,317,160,86,8.35,18.82,45.37,9,27,46,727,563,563,4,9.84,14.46,14.46,67.92,67.92,62.26,48.93,3.81,2.09,6.93,1.52,15.67,36.98,3.79,3.81,3.79,55,12,9,76,6,0,0,5,1,12,43,49,61,11,25,194,76,45,46,52,11,4,1.43,1.33,1.05,2,2,2,76,67,67,43,0.49,0,0,4.29,4.29,4.26
CHI,2022,CHI,CHI,Team Level,other,82,0.45,0.46,0.47,8663,121.18,27.89,8.79,21.09,3.92,63.89,38.41,24.52,27.89,24.52,120,44,51,215,26,13,4,23,8,51,43,94,138,5,12,121,28,19,22,92,37,35,3.16,4.93,19.8,2,11,13,215,164,164,7,2.48,5.43,5.43,24.94,24.94,23.03,133.36,33.56,9.87,22.83,4.6,72.7,42.43,30.15,33.56,30.15,130,56,64,250,32,12,0,16,7,63,56,98,154,7,14,105,18,18,17,95,41,50,3.63,4.79,25.14,4,3,25,250,186,186,7,2.87,4.4,3.56,32.87,32.87,30.77
CHI,2022,CHI,CHI,Team Level,all,82,0.43,0.45,0.45,298045,2239.43,215.84,152.49,523.39,73.15,1209.1,889.03,206.47,214.38,205.04,2210,853,1012,4075,202,188,31,438,60,982,1193,2008,2861,270,619,2355,1972,689,794,2268,546,249,61.48,68.72,85.64,64,66,72,4004.77,3063,3026.04,440,33.67,41.7,41.75,207.77,206.41,200.98,2754.24,284.02,194.16,635.55,90.5,1496.98,1083.86,271.48,287.73,275.1,2758,1028,1283,5069,299,254,43,456,82,1309,1386,2459,3487,272,618,2114,1554,581,623,2686,781,319,79.03,96.01,108.97,107,92,100,5183.12,3786,3856.44,288,42.62,58.19,58.33,268.32,271.86,264.61
CHI,2022,CHI,CHI,Team Level,5on5,82,0.43,0.44,0.44,245804,1762.24,147.83,114.22,430.17,58.09,946.2,715.48,143.59,146.37,142.15,1718,694,812,3224,136,151,22,359,46,763,957,1582,2276,239,547,1818,1845,580,670,1815,441,156,49.05,55.36,43.43,53,47,36,3153.77,2412,2375.04,398,23.67,31.67,31.72,139.78,138.42,136.46,2228,199.38,151.14,535.66,73.27,1212.77,891.85,192.65,203.09,196.27,2227,838,1057,4122,208,201,36,379,69,1072,1136,2019,2857,239,546,1662,1451,494,529,2237,622,206,65.61,76.72,57.06,91,69,48,4236.12,3065,3135.44,248,31.34,41.99,42.13,188.6,192.12,188.67
CHI,2022,CHI,CHI,Team Level,4on5,82,0.11,0.13,0.14,21107,55.32,4.95,2.64,7.86,1.57,17.63,38.35,4.87,4.95,4.87,65,8,10,83,7,0,0,3,0,9,54,58,66,8,22,184,77,70,34,57,7,9,1.39,1.01,2.55,3,3,1,83,73,73,30,0.61,0,0,5.57,5.57,5.48,317.66,41.92,29.07,66.1,10.28,187.82,98.81,39.62,41.92,39.62,329,105,147,581,52,35,6,55,5,160,127,277,382,16,38,196,19,11,50,293,92,49,7.87,11.05,23.01,12,15,25,581,434,434,6,7.49,10.48,11.33,38.08,38.08,36.42
CHI,2022,CHI,CHI,Team Level,5on4,82,0.79,0.83,0.8,22471,300.69,35.16,26.84,64.27,9.57,181.38,96.78,33.48,35.16,33.48,307,107,139,553,33,24,5,53,6,159,139,274,381,18,38,232,22,20,68,304,61,49,7.88,7.42,19.85,6,5,22,553,414,414,5,6.92,4.6,4.6,37.48,37.48,35.99,75.22,9.16,4.08,10.96,2.35,23.69,50.78,9.06,9.16,9.06,72,29,15,116,7,6,1,6,1,14,67,65,94,10,20,151,66,58,27,61,26,14,1.92,3.46,3.77,0,5,2,116,101,101,27,0.93,1.32,1.32,8.77,8.77,8.75
ANA,2022,ANA,ANA,Team Level,other,82,0.42,0.44,0.43,9108,120.37,23.16,8.8,21.77,4,63.94,42.33,21.61,23.16,21.61,126,38,48,212,27,12,4,17,2,57,49,99,137,9,18,120,17,26,21,91,41,32,3.34,5.01,14.82,3,9,15,212,164,164,8,2.51,4.11,4.66,21.01,21.01,20.15,159.34,31.97,11.73,27.94,5.22,84.14,55.99,29.3,31.97,29.3,154,63,57,274,32,12,2,23,5,81,64,122,185,11,22,109,20,25,23,115,64,38,4.52,8.95,18.5,7,7,18,274,217,217,8,3.37,3.7,3.45,31.88,31.88,29.73
ANA,2022,ANA,ANA,Team Level,all,82,0.4,0.43,0.42,299138,2322.49,210.44,158.49,538.31,76.44,1255.07,945.26,200.55,208.19,198.39,2326,858,1050,4234,206,229,33,459,54,1044,1193,2120,2978,339,759,2220,1284,457,656,2342,648,194,66.25,79.02,65.16,71,75,60,4135.42,3184,3127.89,357,34.94,46.02,46.06,199.33,197.07,192.22,3146.67,320.76,225.16,714.33,104.37,1752.87,1246.5,304.99,326.35,310.33,3208,1156,1201,5565,335,334,32,615,100,1434,1546,2873,4029,292,669,2530,1430,553,707,3105,929,330,93.9,115.13,111.74,111,126,98,5736.13,4364,4473.82,314,49.81,67.03,67.07,303.5,308.56,299.43
ANA,2022,ANA,ANA,Team Level,5on5,82,0.4,0.43,0.42,243565,1800.71,147.26,115.63,434.05,59.02,962.39,746.66,141.7,145.01,139.55,1802,663,836,3301,144,176,24,378,46,776,946,1658,2321,298,672,1690,1214,379,555,1852,488,125,52.18,60.27,34.82,62,55,27,3202.42,2465,2408.89,314,23.91,33.14,32.97,138.2,135.94,133.76,2472.21,221.12,170.21,585.3,82.33,1379.68,1008.36,211.99,226.71,217.33,2540,907,989,4436,224,265,24,500,83,1110,1265,2316,3223,257,598,1979,1340,466,603,2531,709,207,77.25,87.47,56.4,90,98,36,4607.13,3447,3556.82,280,35.17,52.29,52.59,203.68,208.75,204.39
ANA,2022,ANA,ANA,Team Level,4on5,82,0.07,0.11,0.12,24455,60.15,4.38,2.72,8.92,1.87,19.25,43.85,4.32,4.38,4.32,67,14,10,91,0,0,0,4,2,15,60,67,81,14,33,207,36,39,30,62,15,4,1.58,1.82,0.98,0,0,0,91,81,81,28,0.63,0,0,5.01,5.01,4.94,453.99,60.7,40.09,92.88,15,270.48,140.85,56.79,60.7,56.79,448,172,146,766,73,54,6,89,12,225,167,375,547,16,33,262,17,17,50,410,135,75,10.75,15.96,33.99,13,18,42,766,620,620,0,10.55,10.64,10.63,60.62,60.62,58.01
ANA,2022,ANA,ANA,Team Level,5on4,82,0.84,0.88,0.86,22010,341.26,35.64,31.34,73.58,11.55,209.48,112.41,32.92,35.64,32.92,331,143,156,630,35,41,5,60,4,196,138,296,439,18,36,203,17,13,50,337,104,33,9.16,11.92,14.55,6,11,18,630,474,474,7,7.9,8.77,8.42,35.12,35.12,33.37,61.12,6.98,3.13,8.21,1.81,18.57,41.31,6.91,6.98,6.91,66,14,9,89,6,3,0,3,0,18,50,60,74,8,16,180,53,45,31,49,21,10,1.37,2.75,2.85,1,3,2,89,80,80,26,0.72,0.39,0.39,7.3,7.3,7.29
PIT,2022,PIT,PIT,Team Level,other,82,0.53,0.52,0.52,9247,145.11,37.14,11.3,25.37,5.16,78.16,43.87,33.9,37.14,33.9,146,55,58,259,36,17,4,17,6,80,45,110,165,7,17,111,46,17,25,98,52,51,4.15,6.32,26.67,5,10,21,259,201,201,10,3.42,5.39,5.39,35.17,35.17,33.53,137.14,33.58,9.77,22.92,4.21,72.3,44.22,31.67,33.58,31.67,130,57,52,239,35,9,2,18,0,66,59,95,152,11,25,107,31,25,19,79,63,45,2.96,7.87,22.75,2,11,22,239,187,187,5,2.88,2.52,2.52,33.95,33.95,32.24
PIT,2022,PIT,PIT,Team Level,all,82,0.53,0.52,0.52,297973,2814.92,299.98,205.34,649.75,95.78,1538.31,1101.92,283.46,301.04,284.46,2818,1074,1314,5206,261,316,40,535,86,1302,1392,2557,3631,291,607,2472,2308,676,803,2687,864,341,78.11,107.31,114.56,76,100,85,5226.3,3892,3907.48,384,45.68,67.46,67.46,278.13,278.83,270.52,2632.23,267.48,186.76,603.19,86.96,1438.81,1052.8,256.74,268.2,257.46,2687,949,1222,4858,263,236,35,483,61,1239,1354,2424,3373,313,658,2276,2121,669,688,2599,772,265,76.61,95.03,95.84,72,104,87,4861.15,3636,3637.6,325,41.48,51.6,51.75,257.21,257.73,251.53
PIT,2022,PIT,PIT,Team Level,5on5,82,0.53,0.52,0.52,237670,2214.24,204.07,152.24,535.02,75,1202.88,892.86,195.51,205.13,196.52,2208,855,1053,4116,168,241,23,443,66,1017,1128,2040,2895,255,532,1899,2105,559,665,2185,665,213,63.26,82.82,58,64,69,35,4136.3,3063,3078.48,342,31.68,48.6,48.8,186.88,187.58,183.73,2027.17,178.71,136.88,486.89,67.59,1106.85,827.08,172.77,179.44,173.48,2057,747,975,3779,173,178,27,374,46,959,1074,1884,2631,266,561,1733,1982,551,569,2059,588,157,61.5,72,45.22,62,76,35,3782.15,2804,2805.6,292,28.36,37.01,37.16,169.93,170.44,167.79
PIT,2022,PIT,PIT,Team Level,4on5,82,0.14,0.12,0.13,24568,61.57,7.14,3.49,8.27,1.96,19.8,41.33,6.99,7.14,6.99,71,11,12,94,5,2,1,5,3,12,55,66,77,10,20,201,109,63,25,54,14,14,1.18,2,3.96,0,4,1,94,82,82,23,0.8,0.74,0.74,7.19,7.19,7.16,376.74,44.1,35.03,80.89,12.36,232.07,121.56,41.74,44.1,41.74,403,123,181,707,50,39,6,82,12,196,147,353,476,25,50,248,30,21,71,385,95,46,9.45,11.57,23.08,8,15,27,707,526,526,5,9.06,9.62,9.62,43.54,43.54,41.84
PIT,2022,PIT,PIT,Team Level,5on4,82,0.82,0.85,0.82,26488,394.01,51.63,38.3,81.09,13.66,237.46,123.86,47.05,51.63,47.05,393,153,191,737,52,56,12,70,11,193,164,341,494,19,38,261,48,37,88,350,133,63,9.52,16.17,25.93,7,17,28,737,546,546,9,9.78,12.73,12.53,48.89,48.89,46.1,91.17,11.08,5.09,12.48,2.81,27.59,59.95,10.56,11.08,10.56,97,22,14,133,5,10,0,9,3,18,74,92,114,11,22,188,78,72,29,76,26,17,2.7,3.6,4.78,0,2,3,133,119,119,23,1.17,2.45,2.45,9.79,9.79,9.65
WSH,2022,WSH,WSH,Team Level,other,82,0.49,0.52,0.53,11454,170.74,36.34,11.32,30.68,5.5,87.79,58.37,33.18,36.34,33.18,162,68,71,301,35,12,3,23,6,86,68,127,195,10,20,120,35,18,27,121,61,48,4.53,7.54,24.26,6,9,20,301,230,230,11,3.21,4.75,4.75,34.8,34.8,32.79,144.64,38.22,9.22,24.35,4.66,71.56,53.06,35.62,38.22,35.62,144,58,78,280,35,9,3,18,3,73,64,109,167,12,24,136,23,18,36,105,43,54,3.9,5.32,29,1,4,30,280,202,202,17,2.6,2.72,2.55,38.21,38.21,36.39
WSH,2022,WSH,WSH,Team Level,all,82,0.49,0.5,0.5,298637,2608.51,259.16,178.13,608.72,87.09,1407.65,1038.26,245.31,259.25,245.51,2549,1030,1282,4861,253,261,36,531,73,1173,1289,2296,3326,286,655,2320,2015,590,781,2558,747,274,74.34,90.62,94.19,78,90,85,4849.07,3579,3573.36,404,39.43,53.25,53.7,244.89,245.13,237.8,2604.21,267.89,178.27,601.97,86.31,1428.77,1047.85,255.87,268.84,256.81,2549,1063,1274,4886,261,213,41,578,65,1155,1340,2288,3351,304,682,2363,1845,637,714,2562,781,269,76.52,95.21,96.16,84,84,93,4913.48,3612,3630.74,373,39.09,47.77,47.77,259.15,260.1,253.23
WSH,2022,WSH,WSH,Team Level,5on5,82,0.5,0.5,0.5,242828,2049.23,178.48,133.69,497.35,68.12,1098.71,833.64,171.05,178.58,171.25,2010,800,1031,3841,174,205,27,445,58,886,1043,1836,2636,260,603,1834,1887,510,663,2044,593,173,59.57,72.18,46.73,65,71,38,3829.07,2810,2804.36,368,27.73,40.47,41.18,165.02,165.27,162.27,2063.79,180.16,135.58,499.81,68.55,1133.42,843.47,174.51,181.12,175.45,2004,857,1012,3873,182,164,26,483,52,884,1096,1822,2679,266,608,1803,1743,549,583,2099,605,157,62.94,73.93,43.3,76,70,36,3900.48,2861,2879.74,318,28.01,33.58,33.75,174.42,175.37,172.53
WSH,2022,WSH,WSH,Team Level,4on5,82,0.12,0.13,0.15,21303,57.78,5.78,2.97,8.47,2.08,19.31,41.38,5.49,5.78,5.49,67,13,18,98,2,7,0,8,0,11,52,65,78,7,14,165,56,34,29,57,16,7,1.64,2.07,2.08,1,1,0,98,80,80,19,0.68,1.59,1.59,4.87,4.87,4.82,332.93,43.8,30.42,69.56,11.29,204.01,106.93,40.05,43.8,40.05,330,136,174,640,37,40,12,71,9,179,130,293,429,21,40,215,21,17,62,299,115,52,7.98,13.56,22.26,6,6,25,640,466,466,10,7.77,11.47,11.47,40.1,40.1,37.91
WSH,2022,WSH,WSH,Team Level,5on4,82,0.87,0.87,0.85,23052,330.77,38.56,30.14,72.21,11.39,201.85,104.86,35.59,38.56,35.59,310,149,162,621,42,37,6,55,9,190,126,268,417,9,18,201,37,28,62,336,77,46,8.61,8.83,21.12,6,9,27,621,459,459,6,7.81,6.43,6.17,40.19,40.19,37.91,62.85,5.72,3.04,8.27,1.8,19.78,44.39,5.7,5.72,5.7,71,12,10,93,7,0,0,6,1,19,50,64,76,5,10,209,58,53,33,59,18,6,1.7,2.41,1.61,1,4,2,93,83,83,28,0.7,0,0,6.42,6.42,6.4
BOS,2022,BOS,BOS,Team Level,other,82,0.53,0.45,0.44,13059,158.95,38.12,11.8,26.47,5.26,81.04,53.3,36.36,38.12,36.36,156,60,68,284,39,13,4,23,5,66,70,117,177,14,28,167,43,26,32,89,75,52,3.96,9.41,24.75,10,6,23,284,216,216,13,3.47,3.65,3.65,37.94,37.94,36.7,196.37,34.14,15.39,37.01,6.86,114.04,64.55,29.86,34.14,29.86,188,84,80,352,19,23,4,39,9,100,82,169,253,14,28,146,40,34,25,152,78,42,5.81,9.56,18.78,1,8,10,352,272,272,7,4.6,7.02,7.02,31.73,31.73,29.48
BOS,2022,BOS,BOS,Team Level,all,82,0.54,0.51,0.52,298965,2692.42,285.26,192.3,606.41,88.02,1434.61,1046.47,274.91,288.43,278.04,2704,950,1180,4834,301,230,45,598,92,1090,1343,2403,3353,346,787,2557,1925,564,775,2498,869,287,77.44,109.8,98.01,109,103,89,4941.5,3654,3725.53,321,42.95,50.36,50.46,277.75,281,274.69,2491.48,241.94,176.46,572.67,82.16,1361.39,985.43,230.19,239.24,227.65,2447,974,1146,4567,174,230,21,599,87,1067,1264,2273,3247,341,774,2136,2097,758,845,2449,713,259,69.4,87.72,84.82,48,66,60,4477.88,3421,3367.07,412,39.63,49.47,49.62,231.89,229.66,223.7
BOS,2022,BOS,BOS,Team Level,5on5,82,0.54,0.51,0.52,234630,2058.27,188.6,140.48,485.41,66.86,1096.71,813.02,182.83,191.77,185.96,2058,734,901,3693,200,176,31,486,76,806,1048,1858,2592,290,673,1866,1748,452,619,1983,642,167,61.46,81.06,46.08,91,76,33,3800.5,2792,2863.53,273,29.21,36.59,36.69,181.13,184.4,181.64,1892.46,162.14,126.22,456.22,62.38,1023.25,766.87,156.22,159.44,153.68,1861,737,921,3519,114,176,13,477,69,778,984,1747,2484,297,684,1592,1911,637,697,1919,513,166,54.05,63.04,45.05,41,46,27,3429.88,2598,2544.07,362,26.16,35.5,35.65,152.58,150.35,147.8
BOS,2022,BOS,BOS,Team Level,4on5,82,0.19,0.19,0.2,26675,84.99,8.74,4.53,11.9,2.55,27.27,59.01,8.59,8.74,8.59,96,18,28,142,6,5,0,9,0,22,72,90,108,17,36,238,101,70,34,76,28,10,2.48,3.75,2.51,2,3,1,142,114,114,28,1.04,0.79,0.79,8.99,8.99,8.87,331.36,38.12,30.93,70,10.74,201.83,105.4,36.73,38.12,36.73,317,140,132,589,34,30,4,75,9,178,131,283,423,20,40,220,46,23,89,321,97,39,8.1,12.15,17.87,5,10,19,589,457,457,10,7.98,6.67,6.67,39.42,39.42,38.39
BOS,2022,BOS,BOS,Team Level,5on4,82,0.87,0.87,0.85,24601,390.2,49.8,35.48,82.63,13.35,229.58,121.14,47.13,49.8,47.13,394,138,183,715,56,36,10,80,11,196,153,338,476,25,50,286,33,16,90,350,124,58,9.53,15.59,24.68,6,18,32,715,532,532,7,9.22,9.34,9.34,49.69,49.69,47.48,71.29,7.54,3.92,9.44,2.19,22.28,48.62,7.38,7.54,7.38,81,13,13,107,7,1,0,8,0,11,67,74,87,10,22,178,100,64,34,57,25,12,1.45,2.97,3.13,1,2,4,107,94,94,33,0.89,0.27,0.27,8.16,8.16,8.02
FLA,2022,FLA,FLA,Team Level,other,82,0.47,0.53,0.53,13212,191.94,43.63,15.22,33.97,6.53,105.05,56.6,38.6,43.63,38.6,191,70,96,357,34,31,8,35,6,90,65,157,227,14,31,162,38,26,33,136,62,63,5.47,7.76,30.4,3,5,26,357,261,261,11,4.65,11.92,11.33,36.96,36.96,34.65,173.81,48.99,12.36,29.79,5.96,85.49,51.4,46.42,48.99,46.42,175,59,86,320,47,23,4,33,6,69,56,128,187,8,19,147,35,22,30,105,56,73,3.83,7.52,37.63,6,9,32,320,234,234,9,3.76,7.81,7.81,44.94,44.94,43.3
FLA,2022,FLA,FLA,Team Level,all,82,0.53,0.54,0.54,297609,2999.04,314.97,216.43,688.92,100.4,1636.98,1169.3,297,316.79,298.71,3021,1106,1354,5481,288,311,58,625,79,1373,1451,2733,3839,361,794,2437,1755,562,728,2968,803,356,86.26,100.78,127.93,97,91,100,5521.11,4127,4154.03,341,48.88,76.23,76.78,287.07,288.49,279.86,2597.56,283.45,184.03,608.46,87.93,1402.19,1006.94,268.58,283.51,268.75,2604,969,1064,4637,272,262,39,546,104,1108,1281,2332,3301,345,764,2546,1720,523,766,2519,730,324,70.77,91.21,121.47,93,81,98,4624.83,3573,3570.34,385,41.63,55.98,56.06,269.03,269.32,259.42
FLA,2022,FLA,FLA,Team Level,5on5,82,0.54,0.54,0.53,231424,2242.22,200.33,151.56,542.11,74.59,1223.39,902.02,192.28,202.14,193.98,2258,836,1055,4149,191,214,32,488,54,1023,1124,2067,2903,318,697,1785,1596,465,580,2272,623,199,66.09,78.29,55.94,81,72,38,4189.11,3094,3121.03,276,31.43,46.11,46.56,185.19,186.62,183.43,1957.98,173.16,132.65,481.04,66.22,1063.26,781.67,166.35,173.23,166.53,1940,758,792,3490,160,185,25,431,75,845,1002,1780,2538,315,698,1895,1582,429,632,1976,556,166,56.3,69.39,47.48,72,58,30,3477.83,2698,2695.34,339,27.52,39.44,39.52,161.17,161.45,158.68
FLA,2022,FLA,FLA,Team Level,4on5,82,0.12,0.17,0.18,26365,88.59,7.36,4.2,12.65,2.64,28.36,63.79,6.99,7.36,6.99,95,24,24,143,4,2,1,12,2,23,76,91,115,12,34,220,89,54,45,92,19,8,2.7,2.24,2.42,2,0,2,143,119,119,44,0.96,0.58,0.58,7.75,7.75,7.5,392.95,54.04,35.15,86.52,13.23,228.55,122.51,48.7,54.04,48.7,410,130,167,707,58,47,9,78,21,169,167,352,482,13,29,275,24,19,72,363,99,78,8.5,11.76,33.78,13,11,34,707,540,540,8,9.48,7.26,7.26,56.25,56.25,50.87
FLA,2022,FLA,FLA,Team Level,5on4,82,0.9,0.87,0.87,26608,476.28,63.66,45.46,100.18,16.63,280.18,146.89,59.13,63.66,59.13,477,176,179,832,59,64,17,90,17,237,186,418,594,17,32,270,32,17,70,468,99,86,11.99,12.49,39.17,11,14,34,832,653,653,10,11.83,17.62,18.32,57.17,57.17,54.29,72.81,7.25,3.87,11.09,2.52,24.89,51.37,7.1,7.25,7.1,79,22,19,120,7,7,1,4,2,25,56,72,94,9,18,229,79,53,32,75,19,7,2.14,2.54,2.57,2,3,2,120,101,101,29,0.88,1.47,1.47,6.67,6.67,6.57
NSH,2022,NSH,NSH,Team Level,other,82,0.51,0.53,0.55,11154,189.22,38.8,14.39,33.62,6.18,105.62,64.39,34.45,38.8,34.45,185,78,69,332,33,18,4,37,9,82,84,152,230,4,11,142,40,23,22,143,72,48,6.35,8.63,23.82,8,7,18,332,263,263,8,4.19,7.07,7.07,35.92,35.92,33.02,154.03,37.75,10.58,24.97,5.18,80.47,52.05,32.71,37.75,32.71,143,68,82,293,33,9,3,15,10,76,68,110,178,8,16,118,39,25,22,95,69,47,4.09,8.48,25.18,7,9,17,293,211,211,8,3.08,2.98,2.98,37.86,37.86,34.03
NSH,2022,NSH,NSH,Team Level,all,82,0.47,0.48,0.47,299421,2482.67,266.93,181.99,559.3,82.84,1384.12,972.83,251.68,267.86,252.56,2419,1029,1223,4671,223,247,44,534,82,1123,1240,2196,3225,316,739,2346,2242,575,687,2395,767,286,76.07,94.37,96.48,73,65,85,4688.4,3448,3463.69,378,40.66,56.8,56.8,250.79,251.55,243.18,2780.87,297.54,199.53,620.2,92.89,1534.88,1091.96,281.87,298.73,283.01,2729,1108,1322,5159,236,268,28,590,76,1221,1446,2493,3601,297,684,2146,1939,634,726,2653,870,314,82.41,106.34,108.78,64,96,76,5163.76,3837,3835.92,398,44.23,56.75,56.75,285.03,285.73,276.18
NSH,2022,NSH,NSH,Team Level,5on5,82,0.48,0.47,0.47,237891,1887.84,181.59,131.29,446.36,62.87,1040.68,751.22,173.28,182.53,174.17,1840,774,980,3594,146,196,36,425,63,845,940,1694,2468,287,678,1793,2100,471,566,1867,563,184,59.35,69.71,52.53,56,46,44,3611.4,2614,2629.69,337,27.32,43.78,44.52,164.4,165.17,161.94,2134.71,199.01,145.96,500.43,70.87,1177.75,857.99,191.77,200.2,192.9,2086,866,1033,3985,153,200,18,486,48,916,1149,1933,2799,272,634,1585,1803,527,575,2102,660,190,66.13,80.84,52.04,51,68,34,3989.76,2952,2950.92,344,30.24,40.52,40.62,188.62,189.32,185.72
NSH,2022,NSH,NSH,Team Level,4on5,82,0.13,0.11,0.13,26534,64.21,7.46,3.81,9.4,2.06,20.39,42.88,7.23,7.46,7.23,63,23,12,98,6,4,0,8,1,16,51,57,80,8,16,211,77,64,33,56,20,10,1.94,2.51,3,2,3,1,98,86,86,30,0.87,0.79,0.79,7.53,7.53,7.4,411.81,51.89,38.57,83.93,14.39,251.69,128.54,48.72,51.89,48.72,407,162,193,762,44,55,7,82,17,210,161,363,525,11,22,250,32,19,88,391,112,66,10.03,13.53,28.33,4,16,24,762,569,569,9,9.9,12.52,12.42,49.36,49.36,47.32
NSH,2022,NSH,NSH,Team Level,5on4,82,0.81,0.84,0.82,23842,341.42,39.08,32.49,69.91,11.74,217.44,114.34,36.71,39.08,36.71,331,154,162,647,38,29,4,64,9,180,165,293,447,17,34,200,25,17,66,329,112,44,8.43,13.53,17.13,7,9,22,647,485,485,3,8.28,5.17,4.43,42.94,42.94,40.82,80.33,8.9,4.41,10.86,2.46,24.99,53.38,8.68,8.9,8.68,93,12,14,119,6,4,0,7,1,19,68,87,99,6,12,193,65,63,41,65,29,11,2.16,3.5,3.24,2,3,1,119,105,105,37,1,0.72,0.72,9.19,9.19,9.11
NJD,2022,NJD,NJD,Team Level,other,82,0.64,0.56,0.58,9369,168.95,43.81,11.43,27.68,5.49,86.85,56.73,40.37,43.81,40.37,171,61,64,296,43,14,5,20,7,78,70,128,189,6,12,118,28,26,16,95,76,61,3.93,9.2,30.69,6,12,25,296,232,232,4,3.28,4.11,4.11,42.98,42.98,40.93,121.45,25.02,8.92,21.86,4.02,65.6,39.58,23.77,25.02,23.77,114,51,67,232,23,13,2,10,2,70,47,91,142,10,20,98,41,21,21,82,47,36,3.34,5.41,16.27,4,4,15,232,165,165,6,2.65,2.9,2.9,24.77,24.77,23.93
NJD,2022,NJD,NJD,Team Level,all,82,0.56,0.54,0.54,299270,2856.88,302.09,192.02,660.95,95.34,1528.78,1118.89,284.86,304.12,286.89,2822,1077,1376,5275,289,289,39,488,80,1419,1334,2533,3610,260,560,2418,1366,619,768,2713,871,315,83.09,109.35,109.65,93,110,86,5338.28,3899,3941.52,371,42.29,62.13,62.19,282.19,284.16,275.79,2401.55,232.59,162.73,561.97,81.52,1320.64,972.55,223.85,232.56,223.83,2315,1017,1220,4552,222,226,35,380,58,1199,1247,2093,3110,255,562,2299,1829,565,715,2381,719,232,69.2,87.15,76.24,61,86,75,4527.54,3332,3324.63,362,35.83,44.98,45.07,223.35,222.98,218.29
NJD,2022,NJD,NJD,Team Level,5on5,82,0.56,0.54,0.54,246821,2311.81,209.18,149.3,561.06,77.06,1232.76,921.72,199.75,211.21,201.77,2269,883,1145,4297,197,233,26,412,65,1130,1115,2072,2955,236,514,1878,1275,503,652,2289,665,198,70.53,83.72,54.93,81,83,33,4360.28,3152,3194.52,340,31,47.38,47.44,192.73,194.7,190.47,1907.76,164.22,122.78,467.49,65.33,1046.96,789.23,159.11,164.18,159.09,1842,814,990,3646,155,177,29,327,49,930,1018,1687,2501,220,492,1857,1697,476,624,1946,570,140,56.37,69.24,38.6,52,65,38,3621.54,2656,2648.63,335,25.38,34.51,34.65,154.95,154.58,152.44
NJD,2022,NJD,NJD,Team Level,4on5,82,0.13,0.13,0.15,22519,56.89,5.77,2.77,8.21,1.86,17.95,39.45,5.7,5.77,5.7,61,15,13,89,9,3,1,4,0,16,44,52,67,6,12,208,42,80,24,52,17,7,1.54,2.25,1.97,2,3,4,89,76,76,23,0.64,0.65,0.65,5.76,5.76,5.74,307.03,37.52,28.05,63.1,10.15,187.58,98.6,35.17,37.52,35.17,297,128,149,574,37,36,4,37,7,181,127,260,388,18,36,187,25,17,49,290,87,48,7.71,10.58,19.22,4,13,20,574,425,425,3,7.11,7.58,7.52,37.11,37.11,35.44
NJD,2022,NJD,NJD,Team Level,5on4,82,0.88,0.86,0.84,20561,319.21,43.34,28.52,64.01,10.93,191.22,100.99,39.04,43.34,39.04,321,118,154,593,40,39,7,52,8,195,105,281,399,12,22,214,21,10,76,277,113,49,7.09,14.18,22.07,4,12,24,593,439,439,4,7.37,9.99,9.99,40.72,40.72,38.64,65.31,5.83,2.98,9.53,2.01,20.5,45.14,5.81,5.83,5.81,62,24,14,100,7,0,0,6,0,18,55,55,79,7,14,157,66,51,21,63,15,8,1.77,1.91,2.15,1,4,2,100,86,86,18,0.68,0,0,6.52,6.52,6.49
BUF,2022,BUF,BUF,Team Level,other,82,0.5,0.47,0.45,9150,134.86,36.82,9.14,23.41,4.59,64.85,46.2,34.18,36.82,34.18,134,51,59,244,33,13,1,19,10,55,55,101,152,8,16,111,21,27,17,84,47,54,3.26,6.03,27.53,2,12,19,244,185,185,8,2.63,3.14,3.14,36.3,36.3,34.05,165.08,37.55,12.53,28.21,5.52,95.87,50.31,33.52,37.55,33.52,165,65,46,276,34,14,1,26,3,89,64,131,196,9,18,143,15,19,16,113,69,48,4.47,8.45,24.63,5,8,21,276,230,230,6,3.58,3.71,3.96,37.17,37.17,34.27
BUF,2022,BUF,BUF,Team Level,all,82,0.49,0.51,0.5,298613,2652.65,277.77,183.39,596.23,86.57,1434.98,1051.05,264.49,278.13,264.91,2666,964,1147,4777,293,242,27,573,87,1134,1301,2373,3337,267,558,2149,1171,583,580,2575,779,276,82.57,95.19,100,94,111,88,4786.71,3630,3637.24,262,40.36,48.23,48.28,269.84,270.69,262.33,2666.77,287.88,187.58,607.13,88.17,1454.21,1035.02,274.4,288.83,275.35,2711,949,927,4587,297,265,45,558,79,1122,1340,2414,3363,310,639,2614,1822,633,625,2509,854,297,77.31,105.08,105.48,94,110,93,4600.74,3660,3670.85,318,41.76,56.96,56.96,272.68,273.81,266.17
BUF,2022,BUF,BUF,Team Level,5on5,82,0.48,0.51,0.5,244002,2102.45,183.66,139.99,491.88,68.26,1141.28,850.93,177.05,184.01,177.48,2092,784,927,3803,197,187,18,485,61,901,1045,1895,2679,221,466,1692,1067,485,480,2124,600,152,69.18,73.33,41.14,81,79,37,3812.71,2876,2883.25,229,28.9,35.64,35.69,176.86,177.71,174.97,2068.27,195.34,139.1,491.32,68.6,1116.23,825.41,188.39,196.3,189.34,2111,725,766,3602,204,209,34,466,66,820,1072,1907,2632,274,567,2033,1718,519,521,1982,682,172,62.23,84.1,49,80,91,33,3615.74,2836,2846.85,273,28.92,43.15,42.9,181.35,182.48,179.49
BUF,2022,BUF,BUF,Team Level,4on5,82,0.15,0.15,0.15,20418,69.75,8.25,3.76,9.37,2.16,20.99,46.47,8,8.25,8,78,13,18,109,7,6,1,6,1,12,59,71,84,11,22,138,63,60,18,52,29,10,1.6,3.88,2.77,1,3,3,109,91,91,17,0.85,1.6,1.6,7.5,7.5,7.47,369.59,47.64,32.34,78.24,12.12,221.65,117.03,45.32,47.64,45.32,369,140,109,618,54,40,10,61,9,199,146,315,455,12,24,220,22,20,55,357,87,65,9,10.26,28.37,8,8,38,618,509,509,8,8.43,9.42,9.42,46.64,46.64,44.98
BUF,2022,BUF,BUF,Team Level,5on4,82,0.87,0.87,0.85,25043,345.58,49.04,30.51,71.58,11.56,207.86,107.45,45.26,49.04,45.26,362,116,143,621,56,36,7,63,15,166,142,306,422,27,54,208,20,11,65,315,103,60,8.53,11.95,28.56,10,17,29,621,478,478,8,7.97,7.85,7.85,49.17,49.17,45.83,63.82,7.35,3.62,9.37,1.93,20.47,42.26,7.17,7.35,7.17,66,19,6,91,5,2,0,5,1,14,58,61,80,15,30,218,67,75,33,57,16,12,1.61,2.27,3.49,1,3,1,91,85,85,31,0.83,0.67,0.67,7.51,7.51,7.43
MTL,2022,MTL,MTL,Team Level,other,82,0.38,0.48,0.47,9703,132.12,24.85,10.25,23.33,4.33,72.23,44,22.65,24.85,22.65,130,49,74,253,25,11,1,15,4,70,54,105,154,7,17,120,21,14,27,84,58,37,3.35,6.87,14.63,5,7,13,253,179,179,19,2.99,3.16,3,24.84,24.84,23.28,150.08,41.15,10.36,24.05,4.82,74.85,48.77,36.89,41.15,36.89,149,55,67,271,34,10,0,19,4,76,61,115,170,12,29,122,34,18,34,93,46,65,3.59,5.33,32.23,3,7,24,271,204,204,23,3.12,4.33,4.11,40.16,40.16,36.83
MTL,2022,MTL,MTL,Team Level,all,82,0.41,0.45,0.45,298417,2230.82,219.51,156.06,515.01,73.43,1208.49,890.52,210.21,218.08,208.85,2237,826,1150,4213,227,202,36,479,52,967,1136,2010,2836,329,767,2184,1597,512,1018,2174,647,242,63.46,79.79,76.26,69,90,68,4162.57,3063,3035.71,746,34.58,43.23,43.34,210.76,209.71,205.13,2766.82,314.52,200.73,629.72,92.07,1502.47,1057.47,295.88,317.54,298.82,2753,1044,1410,5207,305,284,46,552,69,1293,1294,2448,3492,296,684,2321,1617,603,904,2595,819,383,78.98,102.53,133.02,74,117,114,5300.66,3797,3849.89,659,44.97,66.85,66.92,292.58,295.32,284.89
MTL,2022,MTL,MTL,Team Level,5on5,82,0.44,0.46,0.46,239768,1769.75,157.65,117.34,421.99,57.96,957.19,721.86,152.17,156.23,150.82,1771,663,927,3361,163,156,31,408,35,767,905,1608,2271,290,683,1668,1475,431,877,1782,494,158,51.81,61.53,44.32,61,69,33,3310.57,2434,2406.71,646,24.36,34.82,35.1,146.92,145.88,143.79,2116.29,203.85,146.56,506.81,70.31,1142.25,835.22,195.19,206.87,198.13,2097,808,1119,4024,200,221,32,454,51,944,1035,1897,2705,262,613,1770,1502,502,779,2046,625,234,62.48,79.14,62.23,63,90,47,4117.66,2905,2957.89,582,30.52,46.52,46.59,187.79,190.53,187.04
MTL,2022,MTL,MTL,Team Level,4on5,82,0.09,0.11,0.12,25282,60.83,6.34,3.69,9.69,2.09,20.65,40.54,6.2,6.34,6.2,67,16,17,100,7,2,0,4,2,17,51,60,76,12,29,212,67,56,78,53,24,6,1.58,3.06,1.7,0,5,2,100,83,83,77,0.84,0.39,0.39,6.79,6.79,6.74,440.42,62.2,40.24,89.47,14.84,265.29,133.95,56.59,62.2,56.59,435,171,217,823,69,50,14,67,14,256,150,366,537,14,26,247,26,22,46,405,129,72,11.42,15.49,35.29,8,20,41,823,606,606,9,10.52,15.35,15.35,57.37,57.37,53.8
MTL,2022,MTL,MTL,Team Level,5on4,82,0.81,0.85,0.82,23664,268.12,30.66,24.79,60,9.03,158.42,84.11,29.19,30.66,29.19,269,98,132,499,32,33,4,52,11,113,126,237,335,20,38,184,34,11,36,255,71,41,6.72,8.33,15.61,3,9,20,499,367,367,4,6.39,4.86,4.86,32.19,32.19,31.32,60.05,7.33,3.57,9.39,2.09,20.08,39.55,7.21,7.33,7.21,72,10,7,89,2,3,0,12,0,17,48,70,80,8,16,182,55,61,45,51,19,12,1.5,2.56,3.27,0,0,2,89,82,82,45,0.82,0.66,0.88,7.27,7.27,7.22
OTT,2022,OTT,OTT,Team Level,other,82,0.53,0.52,0.53,11542,171.4,38.84,12.95,29.03,5.64,88.02,55.52,35.86,38.84,35.86,170,60,62,292,35,20,4,25,4,69,77,135,195,10,26,135,39,20,30,110,64,56,4.37,8.24,26.23,4,10,21,292,230,230,13,3.79,6.41,6.41,36.21,36.21,35.34,154.67,34.37,11.09,28.2,5.18,78.26,50.9,29.81,34.37,29.81,142,66,66,274,29,18,2,18,5,70,68,113,179,11,26,137,34,24,28,109,48,51,4.41,5.83,24.13,6,6,17,274,208,208,14,3.38,6.25,6.06,31.68,31.68,28.79
OTT,2022,OTT,OTT,Team Level,all,82,0.51,0.51,0.52,297916,2811.58,293.18,200.95,641.69,93.42,1511.78,1094.97,278.93,292.93,278.68,2746,1090,1261,5097,259,283,27,541,84,1299,1370,2487,3577,354,827,2524,2290,558,788,2633,896,307,76.45,111.18,105.56,62,102,95,5081.24,3836,3828.9,501,45.31,54.76,55.19,283.3,282.92,275.58,2599.33,276.33,184.65,589.98,85.24,1395.92,1014.95,262.92,278.09,264.62,2572,976,1254,4802,270,244,40,553,81,1141,1259,2302,3278,368,862,2382,1984,517,773,2490,742,316,76.58,90.5,109.24,90,84,96,4852.05,3548,3580.01,459,41.6,51.4,51.47,266.4,267.98,260.46
OTT,2022,OTT,OTT,Team Level,5on5,82,0.51,0.52,0.52,229896,2075.49,183.07,136.85,500.82,68.93,1116.42,836.9,176.45,182.82,176.21,2017,826,973,3816,152,188,14,421,67,972,1043,1865,2691,312,731,1862,2160,448,624,2046,639,158,59.81,79.35,43.92,45,75,32,3800.24,2843,2835.9,429,28.41,36.41,36.41,175.07,174.68,171.61,1918.15,174.36,128.83,456.25,62.68,1026.95,770,168.91,176.12,170.63,1900,720,969,3589,178,161,29,433,63,838,947,1722,2442,317,748,1748,1814,403,634,1891,553,176,58.69,67.57,48.09,73,63,42,3639.05,2620,2652.01,402,26.81,31.21,31.5,169.61,171.19,168.43
OTT,2022,OTT,OTT,Team Level,4on5,82,0.13,0.14,0.16,28509,82.82,8.29,4.61,11.99,2.89,28.32,58.88,8.19,8.29,8.19,97,18,18,133,5,5,0,8,3,18,76,92,110,12,24,242,54,68,54,81,21,13,2.03,2.82,3.45,2,2,1,133,115,115,53,1.05,0.98,0.98,8.37,8.37,8.27,439.9,56.95,40.02,93.77,14.54,263.6,136.12,53.99,56.95,53.99,436,169,198,803,53,57,8,92,11,215,177,383,552,28,56,262,53,20,70,421,110,74,11.45,13.08,32.41,9,9,35,803,605,605,4,10.33,11.63,11.61,55.66,55.66,53.99
OTT,2022,OTT,OTT,Team Level,5on4,82,0.86,0.86,0.85,27969,481.85,62.98,46.54,99.85,15.96,279.02,143.65,58.43,62.98,58.43,462,186,208,856,67,70,9,87,10,240,174,395,581,20,46,285,37,22,80,396,172,80,10.23,20.78,31.97,11,15,41,856,648,648,6,12.06,10.96,11.39,63.65,63.65,60.34,86.61,10.65,4.7,11.76,2.85,27.11,57.93,10.21,10.65,10.21,94,21,21,136,10,8,1,10,2,18,67,84,105,12,32,235,83,70,41,69,31,15,2.02,4.02,4.62,2,6,2,136,115,115,39,1.08,2.3,2.3,9.44,9.44,9.25
NYI,2022,NYI,NYI,Team Level,other,82,0.46,0.49,0.49,9910,137.23,27.99,9.96,24.99,4.59,75.54,45.94,26.6,27.99,26.6,137,52,72,261,32,15,3,26,5,53,58,105,157,4,6,116,24,20,24,95,55,39,3.99,6.81,17.18,6,6,20,261,189,189,6,2.9,4.16,3.94,26.94,26.94,25.89,139.75,33.52,10.25,23.81,4.73,76.81,43.88,31.56,33.52,31.56,131,62,84,277,32,13,2,17,5,74,52,99,161,7,14,112,30,16,27,88,58,47,3.43,7.38,22.72,2,10,20,277,193,193,14,2.93,4.33,4.75,31.7,31.7,30.25
NYI,2022,NYI,NYI,Team Level,all,82,0.5,0.5,0.49,298395,2539.24,258.48,180.25,606.45,87,1411.06,996.76,244.8,258.76,245.11,2525,1015,1323,4863,242,285,32,496,71,1198,1248,2283,3298,268,588,2308,2139,528,767,2545,704,291,74.02,87.55,96.91,94,82,66,4868.43,3540,3545.24,381,39.75,60.89,60.91,237.32,237.45,230.17,2628.26,258.13,185.04,616.52,88.31,1429.07,1040.94,245.17,258.74,245.75,2545,1073,1323,4941,217,281,31,453,88,1205,1374,2328,3401,269,591,2154,1749,494,875,2644,682,292,76.12,85.94,96.06,69,82,66,4948.41,3618,3623.55,460,40.88,59.31,59.31,239.71,239.82,233.22
NYI,2022,NYI,NYI,Team Level,5on5,82,0.5,0.5,0.49,244949,2032.47,182.99,138.96,505.44,70.22,1119.2,819.18,174.83,183.27,175.15,2016,820,1076,3912,176,230,23,404,57,956,1013,1840,2660,238,522,1796,2042,455,645,2084,558,194,59.82,69.92,53.25,78,70,28,3917.43,2836,2841.24,346,28.85,44.23,44.24,167.6,167.74,164.27,2101.12,181.77,139.17,512.78,70.22,1140.76,852.3,173.81,182.38,174.39,2013,884,1057,3954,145,213,23,374,75,958,1132,1868,2752,240,527,1676,1637,426,758,2186,521,190,63.04,65.56,53.18,58,56,31,3961.41,2897,2902.55,408,28.81,44.33,44.42,166.17,166.28,162.97
NYI,2022,NYI,NYI,Team Level,4on5,82,0.12,0.1,0.12,21353,44.71,4.97,2.36,6.52,1.46,14.21,30.47,4.86,4.97,4.86,49,11,12,72,3,3,0,4,0,13,37,46,57,12,29,167,49,38,27,40,11,9,1.21,1.3,2.45,1,0,2,72,60,60,22,0.54,0.5,0.72,4.78,4.78,4.75,321.73,36.53,32.29,70.02,11.15,190.48,99.53,33.66,36.53,33.66,324,116,174,614,33,51,6,56,7,158,135,291,407,15,33,202,17,15,55,309,84,47,8.11,10.4,18.02,8,12,13,614,440,440,8,8.37,10.21,9.7,35.2,35.2,33.47
NYI,2022,NYI,NYI,Team Level,5on4,82,0.87,0.87,0.84,22183,324.84,42.54,28.97,69.5,10.72,202.1,101.17,38.51,42.54,38.51,323,132,163,618,31,37,6,62,9,176,140,292,424,14,31,229,24,15,71,326,80,49,9,9.51,24.02,9,6,16,618,455,455,7,7.46,12,12,37.99,37.99,35.26,65.66,6.3,3.34,9.91,2.21,21.03,45.22,6.14,6.3,6.14,77,11,8,96,7,4,0,6,1,15,55,70,81,7,17,164,65,37,35,61,19,8,1.55,2.6,2.15,1,4,2,96,88,88,30,0.78,0.43,0.43,6.64,6.64,6.53
TOR,2022,TOR,TOR,Team Level,other,82,0.49,0.4,0.41,9872,105.58,27.88,7.36,17.75,3.41,51.96,35.66,25.79,27.88,25.79,100,44,48,192,26,10,3,16,7,34,51,74,118,3,6,112,22,24,27,66,34,44,2.51,4.23,21.15,1,5,20,192,144,144,15,2.1,4,4.08,25.91,25.91,24.89,151.5,28.96,11.84,28.9,5.49,83.07,49.74,26.2,28.96,26.2,146,62,84,292,30,21,3,25,5,70,57,116,178,8,14,102,40,24,17,112,54,42,4.34,6.74,17.88,9,7,14,292,208,208,4,3.31,6.66,6.66,25.62,25.62,24.66
TOR,2022,TOR,TOR,Team Level,all,82,0.54,0.51,0.52,297893,2663.45,286.98,195.85,599.19,87.51,1448.78,1020.7,273.18,289.92,276.05,2629,1010,1128,4767,278,255,43,538,91,1143,1334,2351,3361,292,635,2345,1775,709,843,2483,828,328,74.83,103.62,108.52,84,97,97,4842.52,3639,3684.69,478,43.26,56.32,56.41,273.84,276.52,269.34,2469.57,243,174.38,570.93,82.23,1349.02,981.45,231.04,241.84,229.93,2420,981,1214,4615,220,243,37,502,90,1160,1186,2200,3181,294,622,2070,2537,634,806,2411,729,261,67.97,89.77,85.24,83,71,66,4549.38,3401,3365.68,463,38.59,51.31,51.31,230.27,229.29,223.48
TOR,2022,TOR,TOR,Team Level,5on5,82,0.54,0.51,0.52,239933,2085.9,197.97,145.19,489.66,68.22,1139.29,815.67,190.28,200.9,193.14,2053,803,915,3771,184,180,28,455,73,893,1071,1869,2672,267,587,1844,1642,608,697,2002,658,196,60.91,82.81,54.23,74,70,40,3846.52,2856,2901.68,413,30.19,38.24,38.26,189.9,192.58,188.74,1914.2,167.83,128.85,461.66,63.47,1039.49,776.68,161.17,166.68,160.06,1859,779,969,3607,143,184,25,410,70,896,935,1716,2495,267,570,1552,2372,537,662,1918,557,163,54.22,68.4,45.21,65,50,28,3541.38,2638,2602.68,423,26.76,36.85,37.32,157.28,156.29,153.23
TOR,2022,TOR,TOR,Team Level,4on5,82,0.21,0.16,0.19,24439,77.59,10.27,4.69,11.44,2.67,25.41,50.51,9.9,10.27,9.9,87,18,11,116,7,6,1,6,3,22,61,80,98,6,10,166,85,64,47,63,23,19,1.93,2.99,5.35,1,3,3,116,105,105,43,1.07,1.6,1.6,9.73,9.73,9.6,331.6,38.59,29.93,70.06,11.02,204.72,105.68,36.35,38.59,36.35,339,121,148,608,39,32,8,62,15,174,138,300,421,13,26,252,49,18,97,317,97,46,7.53,11.71,19.35,7,9,23,608,460,460,9,7.66,6.5,6.03,40.22,40.22,38.52
TOR,2022,TOR,TOR,Team Level,5on4,82,0.87,0.86,0.85,23649,394.37,50.86,38.63,80.34,13.2,232.11,118.87,47.22,50.86,47.22,389,145,154,688,61,59,11,61,8,194,151,328,473,16,32,223,26,13,72,352,113,69,9.48,13.59,27.8,8,19,34,688,534,534,7,9.91,12.48,12.48,48.3,48.3,46.11,72.25,7.6,3.75,10.32,2.25,21.73,49.34,7.3,7.6,7.3,76,19,13,108,8,6,1,5,0,20,56,68,87,6,12,164,76,55,30,64,21,10,1.88,2.92,2.8,2,5,1,108,95,95,27,0.87,1.3,1.3,7.16,7.16,7.08
DAL,2022,DAL,DAL,Team Level,other,82,0.58,0.52,0.51,8791,142.56,34.58,9.99,25.14,5.08,75.76,46.45,33.06,34.58,33.06,139,58,70,267,33,14,2,21,5,65,59,106,164,6,12,113,30,22,19,98,47,52,3.9,6.01,24.66,6,7,20,267,197,197,9,2.9,3.08,3.08,34.4,34.4,33.54,139.04,24.62,10.28,26.88,4.82,73.57,48.83,22.83,24.62,22.83,138,51,61,250,26,17,4,20,1,58,67,112,163,4,8,112,29,25,24,107,50,32,4.06,5.94,14.61,4,9,13,250,189,189,9,2.93,3.17,3.17,24.38,24.38,23.39
DAL,2022,DAL,DAL,Team Level,all,82,0.55,0.52,0.51,299585,2625.42,277.59,180.82,620.44,89.14,1442.16,1024.84,264.78,280.82,267.91,2618,1017,1351,4986,281,258,38,452,87,1204,1353,2337,3354,269,583,2609,1648,581,783,2603,730,302,76.83,89.55,111.21,94,91,96,5075.36,3635,3684.84,378,40.44,54.47,54.52,263.51,266.72,259.44,2482.24,227.6,169.81,575.71,82.11,1381.25,1011.51,219.67,226.6,218.7,2454,994,1151,4599,215,199,30,483,50,1174,1327,2239,3233,285,645,2156,1937,596,731,2551,674,223,71.62,82.39,73.59,68,86,61,4553.46,3448,3425.62,348,37.26,40.06,40.06,224.8,223.66,219.14
DAL,2022,DAL,DAL,Team Level,5on5,82,0.52,0.52,0.51,242527,2007.97,174.54,132.56,496.99,68.22,1109.59,809.11,168.26,177.76,171.38,1985,806,1095,3886,175,187,26,359,69,925,1076,1810,2616,241,527,2018,1520,490,650,2060,567,164,60.87,68.81,44.86,75,67,33,3975.36,2791,2840.84,324,27.45,36.14,36.63,165.35,168.56,165.53,1946.45,158.23,124.96,471.62,64.06,1078.87,806.26,154.07,157.24,153.1,1910,794,929,3633,145,154,23,394,40,904,1067,1765,2559,259,593,1647,1812,497,617,2067,496,141,58.43,61.08,38.72,56,61,28,3587.46,2704,2681.62,307,25.73,30.73,30.73,153.23,152.1,150.18
DAL,2022,DAL,DAL,Team Level,4on5,82,0.15,0.14,0.16,24603,67.52,6.61,2.93,10.36,2.04,20.91,46.16,6.3,6.61,6.3,78,11,9,98,10,4,1,5,2,9,59,68,79,5,10,230,76,44,43,66,15,8,1.78,2.2,2.63,0,5,5,98,89,89,40,0.68,1.32,1.32,5.96,5.96,5.91,327.57,37.86,30.94,66.89,10.94,206.45,107.93,36.02,37.86,36.02,320,141,143,604,39,26,3,61,8,196,131,281,422,12,24,188,40,15,63,312,109,40,7.16,12.96,17.75,7,13,19,604,461,461,8,7.76,5.6,5.6,40.02,40.02,38.48
DAL,2022,DAL,DAL,Team Level,5on4,82,0.9,0.87,0.86,23664,407.36,61.87,35.34,87.95,13.81,235.91,123.12,57.17,61.87,57.17,416,142,177,735,63,53,9,67,11,205,159,353,495,17,34,248,22,25,71,379,101,78,10.28,12.53,39.06,13,12,38,735,558,558,5,9.42,13.93,13.49,57.79,57.79,54.46,69.18,6.9,3.64,10.33,2.29,22.36,48.49,6.76,6.9,6.76,86,8,18,112,5,2,0,8,1,16,62,81,89,10,20,209,56,59,27,65,19,10,1.96,2.42,2.52,1,3,1,112,94,94,24,0.83,0.56,0.56,7.17,7.17,7.09
SEA,2022,SEA,SEA,Team Level,other,82,0.47,0.47,0.47,8190,104.86,27.29,7.48,18.6,3.67,55.71,35.26,26.09,27.29,26.09,105,43,49,197,32,8,1,14,3,52,39,73,116,5,10,84,31,21,9,86,21,41,2.84,2.89,21.57,5,7,20,197,148,148,5,2.19,2.24,2.24,27.25,27.25,26.17,119.6,30.67,8.74,19.76,3.91,64.42,36.51,27.57,30.67,27.57,110,54,54,218,34,13,5,14,5,58,40,76,130,3,6,103,35,22,13,75,42,47,2.97,5.42,22.29,3,10,21,218,164,164,0,2.54,5.4,5.4,27.81,27.81,26.51
SEA,2022,SEA,SEA,Team Level,all,82,0.51,0.52,0.52,297939,2549.88,255.02,177.54,592.67,85.77,1418.96,1029.03,245.31,256.81,247.06,2498,1061,1188,4747,289,210,34,493,89,1137,1341,2209,3270,279,632,2046,1802,787,557,2601,704,254,76.04,87.93,91.05,104,104,81,4791.58,3559,3590.43,280,38.99,42.66,42.66,251.35,253.13,246.55,2330.29,242.75,167.32,535.54,78,1285.59,916.79,231.19,243.19,231.58,2217,1009,1127,4353,252,211,40,424,73,1099,1167,1965,2974,288,658,2469,1802,652,638,2259,708,259,65.76,88.65,88.34,65,96,91,4342.48,3226,3221.51,323,37.22,44.07,44.15,235.82,236.19,229.92
SEA,2022,SEA,SEA,Team Level,5on5,82,0.52,0.53,0.53,243742,2072.16,176.4,137.99,498.42,69.45,1151.51,858.23,171.56,178.18,173.31,2022,870,955,3847,209,161,26,417,70,910,1125,1813,2683,261,593,1621,1642,657,488,2161,588,143,63.82,73.32,39.26,89,88,32,3891.58,2892,2923.43,254,28.48,29.93,30.27,174.62,176.4,173.78,1823.4,163.59,124.42,437.22,60.82,998.53,736.43,157.72,164.02,158.11,1727,794,927,3448,162,161,26,341,59,865,933,1565,2359,258,592,1923,1672,544,553,1808,562,151,52.68,70.51,40.39,50,72,40,3437.48,2521,2516.51,295,25.85,30.48,30.55,158.89,159.26,156.57
SEA,2022,SEA,SEA,Team Level,4on5,82,0.11,0.11,0.12,22646,48.14,5.57,2.73,6.86,1.68,15.39,31.77,5.54,5.57,5.54,54,10,11,75,5,2,0,3,1,13,40,49,59,4,11,163,108,75,18,40,16,8,1.1,2.21,2.27,3,2,0,75,64,64,16,0.62,0.48,0.48,5.71,5.71,5.69,333.88,43.55,31.25,70.48,11.51,204.55,105.67,41.04,43.55,41.04,324,143,138,605,49,36,9,64,8,162,148,275,418,20,43,225,30,20,44,323,89,55,8.72,10.86,23.98,9,12,28,605,467,467,3,8.15,7.9,7.9,43.81,43.81,41.58
SEA,2022,SEA,SEA,Team Level,5on4,82,0.9,0.88,0.86,23361,324.72,45.76,29.35,68.81,10.97,196.37,103.76,42.11,45.76,42.11,317,138,173,628,43,39,7,59,15,162,137,274,412,9,18,178,21,34,42,314,79,62,8.28,9.52,27.96,7,7,29,628,455,455,5,7.69,10.02,9.68,43.77,43.77,40.91,53.42,4.94,2.92,8.09,1.77,18.1,38.18,4.85,4.94,4.85,56,18,8,82,7,1,0,5,1,14,46,49,67,7,17,218,65,66,28,53,15,6,1.4,1.86,1.69,3,2,2,82,74,74,25,0.67,0.31,0.31,5.31,5.31,5.26
NYR,2022,NYR,NYR,Team Level,other,82,0.55,0.54,0.54,9534,156.18,36.51,11.49,27.48,5.41,86.13,48.99,34.58,36.51,34.58,140,76,75,291,38,12,1,8,5,96,57,102,178,10,20,134,22,27,26,105,63,48,4.14,7.7,24.67,6,6,26,291,216,216,7,3.42,2.55,2.55,37.38,37.38,35.64,136.47,29.67,10.12,23.9,4.63,69.66,44.01,27.04,29.67,27.04,133,49,67,249,25,13,3,22,1,62,59,108,157,6,12,108,24,14,20,76,63,43,2.75,7.57,19.35,2,10,13,249,182,182,7,2.99,4.95,4.95,27.71,27.71,25.9
NYR,2022,NYR,NYR,Team Level,all,82,0.51,0.51,0.52,299400,2623.68,257.31,186.48,594.6,86.64,1461.85,1045.14,247.06,259.6,249.25,2583,1049,1180,4812,273,214,22,405,62,1397,1281,2310,3359,262,605,2183,1978,679,866,2636,760,236,80.12,91.99,85.21,93,101,79,4868.38,3632,3665.83,429,41.6,39.9,39.9,259.01,261.22,254.41,2450.4,247.07,169.63,568.17,80.85,1319.45,961.9,234,246.24,233.36,2405,943,1205,4553,216,224,34,350,42,1223,1294,2189,3132,286,663,2266,1740,585,809,2371,712,265,69.19,88.58,89.3,75,73,68,4523,3348,3336.8,394,37.44,51.22,51.6,232.91,232.31,226.2
NYR,2022,NYR,NYR,Team Level,5on5,82,0.48,0.5,0.5,245657,1971.65,163.42,131.8,468.63,64.58,1089.65,807.92,158.46,165.71,160.65,1967,759,943,3669,180,154,17,330,46,1020,996,1787,2546,224,526,1668,1886,561,747,2043,553,130,61.81,66.48,35.14,70,80,30,3725.38,2726,2759.83,394,27.26,28.93,29.01,161.68,163.89,161.3,1978.13,174.2,131.72,478.77,65.26,1060.97,790.13,166.51,173.38,165.85,1940,762,997,3699,153,175,25,290,37,992,1056,1787,2549,255,598,1778,1644,514,676,1971,562,169,58.74,70.18,45.29,71,50,32,3669,2702,2690.8,355,27.34,35.2,35.59,165.96,165.36,162.43
NYR,2022,NYR,NYR,Team Level,4on5,82,0.16,0.18,0.2,21074,76.26,7.35,3.95,10.94,2.25,23.45,53.06,7.32,7.35,7.32,73,28,16,117,6,3,0,6,1,17,68,67,95,10,20,144,49,68,22,71,21,9,2.48,2.48,2.39,2,2,2,117,101,101,18,0.92,0.37,0.37,7.9,7.9,7.87,281.65,38.46,25.22,57,9.26,171.59,90.46,35.8,38.46,35.8,273,119,127,519,34,33,6,36,4,156,129,239,358,16,32,194,22,18,87,272,72,48,6.53,8.84,23.09,2,11,21,519,392,392,9,6.51,10.02,10.02,34.95,34.95,33.59
NYR,2022,NYR,NYR,Team Level,5on4,82,0.91,0.9,0.89,23135,419.59,50.03,39.24,87.54,14.41,262.62,135.17,46.7,50.03,46.7,403,186,146,735,49,45,4,61,10,264,160,354,540,18,39,237,21,23,71,417,123,49,11.69,15.32,23.02,15,13,21,735,589,589,10,10.01,8.06,7.98,52.06,52.06,49.6,54.15,4.74,2.55,8.5,1.69,17.22,37.31,4.67,4.74,4.67,59,13,14,86,4,3,0,2,0,13,50,55,68,9,21,186,50,39,26,52,15,5,1.18,1.99,1.57,0,2,2,86,72,72,23,0.59,1.04,1.04,4.29,4.29,4.27
SJS,2022,SJS,SJS,Team Level,other,82,0.45,0.48,0.48,8976,141.44,30.19,10.14,23.39,4.77,77.21,49.29,26.1,30.19,26.1,139,56,63,258,23,9,0,33,1,72,57,116,172,8,16,119,36,25,18,97,59,39,4.07,7.26,18.86,3,7,13,258,195,195,3,2.9,3.07,3.07,30.01,30.01,26.5,157.38,37.57,10.96,27.5,5.43,76.81,56.73,35.22,37.57,35.22,163,52,64,279,43,16,3,24,6,62,64,120,172,6,12,120,26,31,18,121,41,53,4.95,5.07,27.55,9,7,27,279,215,215,7,3.13,5.33,5.33,35.37,35.37,34.39
SJS,2022,SJS,SJS,Team Level,all,82,0.48,0.48,0.48,299084,2458.62,260.84,179.73,563.73,81.86,1344.47,953.37,247.28,260.13,246.58,2418,966,1223,4607,233,250,45,534,68,1035,1264,2185,3151,278,627,2479,1871,748,687,2363,727,294,73.98,91.13,95.72,75,79,79,4562.84,3384,3359.33,317,39.78,54.42,54.48,246.13,244.98,236.79,2673.49,280.14,192.51,604.94,89.17,1476.26,1060.98,267.4,283.26,270.38,2640,1064,1308,5012,315,255,44,650,88,1136,1261,2325,3389,246,559,2383,1725,755,705,2614,793,297,81.73,96.85,101.55,106,121,88,5080.1,3704,3749.61,347,42.47,56.57,56.62,265.99,268.9,262.11
SJS,2022,SJS,SJS,Team Level,5on5,82,0.5,0.49,0.48,243591,1963.58,188.23,137.81,469.17,65.6,1067.88,778.31,181.2,187.54,180.49,1915,792,1004,3711,169,195,36,435,56,815,1037,1746,2538,250,571,1948,1760,631,590,1931,572,204,61.04,71.74,55.45,64,64,41,3666.84,2707,2682.33,289,28.67,40.87,40.93,175.97,174.82,171.5,2083.17,191.27,143.75,490.26,69.42,1150.67,845.63,184.15,194.38,187.13,2060,831,1033,3924,220,196,32,532,67,884,993,1840,2671,227,521,1848,1605,635,577,2095,611,185,65.25,75.04,50.97,88,96,36,3992.1,2891,2936.61,308,29.77,40.54,40.59,180.45,183.35,179.99
SJS,2022,SJS,SJS,Team Level,4on5,82,0.07,0.09,0.1,24923,41.84,3.46,1.93,5.73,1.25,13.12,30.51,3.42,3.46,3.42,51,5,12,68,4,1,0,10,1,4,36,47,52,6,12,186,52,72,25,43,10,3,1.09,1.31,1.07,3,0,1,68,56,56,20,0.45,0.01,0.01,3.9,3.9,3.85,370.19,43.83,34.44,78.07,12.35,228.73,115.58,40.73,43.83,40.73,349,164,195,708,41,40,8,83,12,182,155,308,472,10,20,249,29,24,79,343,122,48,9.75,14.43,19.67,8,13,20,708,513,513,6,8.81,10.06,10.06,42.58,42.58,40.19
SJS,2022,SJS,SJS,Team Level,5on4,82,0.84,0.85,0.83,21594,311.76,38.96,29.85,65.43,10.24,186.26,95.26,36.58,38.96,36.58,313,113,144,570,37,45,9,56,10,144,134,276,389,14,28,226,23,20,54,292,86,48,7.78,10.83,20.35,5,8,24,570,426,426,5,7.75,10.46,10.46,36.24,36.24,34.94,62.76,7.46,3.36,9.11,1.97,20.06,43.04,7.3,7.46,7.3,68,17,16,101,11,3,1,11,3,8,49,57,74,3,6,166,65,65,31,55,19,11,1.78,2.32,3.36,1,5,5,101,85,85,26,0.77,0.64,0.64,7.59,7.59,7.54
CAR,2022,CAR,CAR,Team Level,other,82,0.53,0.57,0.56,9611,163.99,37.32,11.85,30.14,5.62,86.44,53.62,34.08,37.32,34.08,155,70,77,302,35,15,2,26,3,83,63,120,190,5,10,125,25,22,23,98,75,52,3.9,9.7,23.72,7,11,17,302,225,225,10,3.48,4.6,4.92,35.88,35.88,33.6,134.54,32.61,10.1,23.81,4.41,67.48,41.59,29.84,32.61,29.84,137,43,48,228,30,18,4,13,5,60,54,107,150,8,16,118,36,29,21,84,49,47,3.49,5.96,23.17,3,12,15,228,180,180,7,2.94,7.51,7.51,28.05,28.05,27.41
CAR,2022,CAR,CAR,Team Level,all,82,0.58,0.6,0.59,299432,3026.48,298.51,214.38,744.55,103.59,1675.11,1188.85,282.66,301.69,285.71,2852,1373,1381,5606,262,360,45,632,97,1549,1325,2590,3963,283,582,2618,1351,738,715,3079,812,334,88.1,99.34,111.08,100,84,78,5707.61,4225,4287.03,309,47.59,69.01,69.02,277.09,280.12,270.89,2132.15,213.37,151.95,484.86,70.03,1152.92,849.87,202.44,212.02,201.17,2133,790,834,3757,210,201,21,398,59,919,1136,1923,2713,270,559,2335,1847,592,782,2064,643,216,58.39,78.42,76.57,76,83,51,3705.35,2923,2891.85,439,34.03,43.57,43.6,203.81,202.68,197.84
CAR,2022,CAR,CAR,Team Level,5on5,82,0.6,0.6,0.6,241031,2382.16,206.15,162.39,612.21,82,1317.31,953.96,196.75,209.32,199.8,2244,1090,1117,4451,175,294,36,527,77,1209,1052,2069,3159,246,508,2029,1250,610,582,2508,613,213,71.51,74.81,59.82,79,60,36,4552.61,3334,3396.03,268,33.78,53.27,53.5,186.42,189.45,184.91,1634.34,136.64,109.12,388.47,53.04,886.6,669.14,132.66,135.28,131.38,1621,622,678,2921,139,135,8,329,48,708,884,1482,2104,229,477,1826,1694,471,656,1646,479,118,46.25,58.84,31.55,66,58,15,2869.35,2243,2211.85,396,22.64,25.83,26,133.27,132.15,130.28
CAR,2022,CAR,CAR,Team Level,4on5,82,0.17,0.19,0.2,24594,78.42,7.51,4.27,11.71,2.54,26.12,54.85,7.44,7.51,7.44,82,25,14,121,9,2,0,14,1,23,58,73,98,8,16,216,52,88,31,73,24,10,1.96,3.02,2.54,3,3,3,121,107,107,27,0.99,0.15,0.15,8.36,8.36,8.3,300.5,38.03,29.34,63.96,10.58,178.32,94.77,33.97,38.03,33.97,306,109,98,513,36,44,8,48,3,138,146,270,379,16,32,200,33,30,76,277,95,43,6.96,11.35,19.72,6,10,20,513,415,415,9,7.69,9.11,8.97,36.76,36.76,34.46
CAR,2022,CAR,CAR,Team Level,5on4,82,0.89,0.89,0.87,24196,401.91,47.54,35.87,90.49,13.44,245.24,126.41,44.39,47.54,44.39,371,188,173,732,43,49,7,65,16,234,152,328,516,24,48,248,24,18,79,400,100,59,10.74,11.81,25,11,10,22,732,559,559,4,9.33,10.99,10.44,46.44,46.44,44.08,62.77,6.09,3.4,8.62,2.01,20.52,44.36,5.97,6.09,5.97,69,16,10,95,5,4,1,8,3,13,52,64,80,17,34,191,84,62,29,57,20,8,1.7,2.26,2.13,1,3,1,95,85,85,27,0.76,1.12,1.12,5.74,5.74,5.69
MIN,2022,MIN,MIN,Team Level,other,82,0.56,0.53,0.54,12223,193.88,44.21,13.8,33.25,6.35,99.07,66.32,38.95,44.21,38.95,187,76,74,337,34,16,3,26,4,89,94,153,229,7,14,143,32,27,30,121,78,64,4.9,9.67,29.63,3,6,25,337,263,263,12,4.1,5.64,5.64,42.66,42.66,38.65,167.15,34.46,11.86,30.23,5.58,82.82,57.07,31.31,34.46,31.31,166,56,77,299,35,23,6,20,1,59,84,131,187,15,30,152,33,29,26,106,66,50,4.21,8.22,22.03,1,9,25,299,222,222,13,3.42,7.27,7.27,30.6,30.6,29.38
MIN,2022,MIN,MIN,Team Level,all,82,0.51,0.5,0.51,301108,2614.25,258.75,181.28,591.9,85.41,1428.64,1061.03,246.01,260.21,247.45,2535,1072,1187,4794,239,245,35,533,74,1159,1357,2296,3368,336,781,2181,1784,541,533,2572,775,260,73.51,94.96,90.27,60,98,81,4829.45,3607,3632.57,269,40.65,49.9,49.9,249.5,250.89,242.84,2532.86,248.36,173.68,585.17,84.28,1401.06,1008.46,235.35,247.3,234.4,2552,949,1318,4819,219,225,27,480,98,1128,1351,2333,3282,336,790,2393,1638,475,590,2535,720,246,74.37,86.14,87.86,69,84,66,4792.63,3501,3488.72,327,38.38,47.43,47.53,239.21,238.53,231.07
MIN,2022,MIN,MIN,Team Level,5on5,82,0.5,0.49,0.5,241553,1964.08,162.6,128.26,466.93,64.06,1079.15,820,157.88,164.08,159.31,1872,849,957,3678,144,172,20,417,63,874,1051,1728,2577,308,719,1621,1665,448,441,2019,567,135,57.18,69.34,36.07,50,67,27,3713.46,2721,2746.57,232,26.49,30.9,31.11,157.99,159.38,156.91,1966.21,165.05,128.94,473.76,65.7,1085.15,804.39,158.81,163.99,157.86,1974,749,1037,3760,140,165,18,383,84,877,1074,1834,2583,281,671,1815,1517,382,487,2034,547,142,59.88,65.09,40.08,60,59,21,3733.63,2723,2710.72,287,26.61,33.22,33.87,157.79,157.11,154.1
MIN,2022,MIN,MIN,Team Level,4on5,82,0.16,0.14,0.18,24423,80.16,8.1,3.87,11.19,2.4,23.83,55.61,7.96,8.1,7.96,84,21,9,114,12,4,0,7,1,16,65,72,93,4,8,195,60,51,20,70,23,12,2.12,2.93,3.05,1,5,6,114,105,105,19,0.9,1.06,1.06,7.94,7.94,7.93,352.29,43.95,30.43,74.63,11.55,217.78,113.66,40.36,43.95,40.36,361,131,192,684,42,37,3,70,12,180,151,319,450,21,42,243,19,13,52,350,95,47,8.97,11.42,23.55,7,15,20,684,492,492,4,7.79,6.94,6.38,45.36,45.36,42.17
MIN,2022,MIN,MIN,Team Level,5on4,82,0.9,0.9,0.89,22909,376.14,43.84,35.35,80.54,12.59,226.59,119.1,41.22,43.84,41.22,392,126,147,665,49,53,12,83,6,180,147,343,469,17,40,222,27,15,42,362,107,49,9.29,13.02,21.52,6,20,23,665,518,518,6,9.16,12.3,12.1,40.9,40.9,39.34,47.21,4.9,2.45,6.55,1.45,15.31,33.34,4.87,4.9,4.87,51,13,12,76,2,0,0,7,1,12,42,49,62,19,47,183,69,51,25,45,12,7,1.3,1.4,2.2,1,1,0,76,64,64,23,0.56,0,0,5.46,5.46,5.43
CBJ,2022,CBJ,CBJ,Team Level,other,82,0.51,0.51,0.5,9777,155.4,32.54,12.64,27.58,5.37,85.57,45.3,27.88,32.54,27.88,149,60,57,266,27,20,2,22,5,85,50,122,182,7,14,122,20,19,20,95,67,47,3.51,8.32,20.72,5,11,11,266,209,209,5,3.65,7.3,7.3,28.9,28.9,26.1,148.05,31.54,10.78,25.64,5.04,83.07,48.91,29.96,31.54,29.96,140,65,54,259,38,10,4,24,3,72,58,102,167,5,10,120,20,12,13,106,55,44,4.02,6.79,20.73,6,8,24,259,205,205,5,3.17,2.83,2.83,31.88,31.88,30.48
CBJ,2022,CBJ,CBJ,Team Level,all,82,0.44,0.46,0.45,298020,2463.37,236.17,172.04,561.72,81.47,1344.94,979.66,225.01,234.37,223.34,2400,976,1168,4544,213,220,28,541,80,1089,1233,2187,3163,277,604,2332,1880,535,559,2440,704,232,72.01,85.27,78.89,74,83,56,4466.68,3376,3330.58,279,38.12,46.84,46.9,227.39,225.56,219.36,2965.65,297.98,210.46,678.91,97.75,1633.43,1160.46,284.77,302.51,289.16,2906,1173,1343,5422,329,288,50,679,93,1318,1372,2577,3750,262,572,2463,1436,570,566,2902,865,312,85.57,106.93,105.48,113,117,99,5568.56,4079,4166.29,262,46.41,62.14,62.14,282.25,286.42,278.93
CBJ,2022,CBJ,CBJ,Team Level,5on5,82,0.43,0.45,0.45,245209,1913.03,164.08,127.09,456.35,63.33,1032,779.15,158.72,162.28,157.05,1865,757,969,3591,143,169,22,430,63,824,993,1722,2479,237,524,1813,1763,467,479,1947,536,139,59.48,65.08,39.52,59,61,23,3513.68,2622,2576.58,258,26.28,33.82,33.88,156.47,154.64,152.21,2369.65,213.18,161.02,566.29,77.83,1300.24,946.44,204.7,217.72,209.08,2334,931,1137,4402,231,237,41,569,80,1030,1118,2103,3034,229,506,1945,1357,475,477,2385,672,208,70.86,82.97,59.35,97,91,43,4548.56,3265,3352.29,233,33.35,50.32,50.32,196.21,200.4,196.54
CBJ,2022,CBJ,CBJ,Team Level,4on5,82,0.12,0.14,0.15,21770,67.43,6.36,3.51,8.74,1.99,21.31,48.09,6.26,6.36,6.26,72,18,17,107,4,0,0,11,2,17,56,68,86,13,26,189,70,38,17,62,20,8,1.69,2.42,2.24,0,2,2,107,90,90,13,0.81,0,0,7.17,7.17,7.06,375.47,45.1,34.86,77.46,12.63,227.88,116.07,42.14,45.1,42.14,356,158,140,654,52,38,5,82,7,202,133,304,462,20,40,214,17,17,52,352,113,49,8.95,13.94,22.23,8,15,29,654,514,514,3,9.03,8.17,8.17,45.96,45.96,43.82
CBJ,2022,CBJ,CBJ,Team Level,5on4,82,0.8,0.84,0.83,21264,327.52,33.19,28.8,69.04,10.78,206.07,107.12,32.16,33.19,32.16,314,141,125,580,39,31,4,78,10,163,134,275,416,20,40,208,27,11,43,336,81,38,7.34,9.45,16.4,10,9,20,580,455,455,3,7.39,5.71,5.71,34.86,34.86,34,72.48,8.15,3.81,9.51,2.26,22.23,49.05,7.97,8.15,7.97,76,19,12,107,8,3,0,4,3,14,63,68,87,8,16,184,42,66,24,59,25,11,1.73,3.23,3.18,2,3,3,107,95,95,21,0.87,0.82,0.82,8.19,8.19,8.1
PHI,2022,PHI,PHI,Team Level,other,82,0.43,0.45,0.45,10066,125.38,26.73,8.7,22.71,4.06,65.23,40.57,25.7,26.73,25.7,125,43,63,231,24,12,2,18,4,52,58,101,144,8,16,95,29,26,15,87,46,35,3.27,5.66,17.8,2,6,16,231,168,168,7,2.49,3.48,3.48,25.74,25.74,25.3,153.42,35.57,10.18,26.88,4.91,78.11,52.34,33.07,35.57,33.07,157,51,72,280,44,15,3,24,6,64,55,113,164,3,6,134,31,21,23,111,52,45,4.46,6.87,24.24,7,12,25,280,208,208,8,2.92,5.57,5.57,32.92,32.92,31.64
PHI,2022,PHI,PHI,Team Level,all,82,0.46,0.47,0.48,298379,2425.2,231.81,168.16,565.83,80.4,1328.4,974.41,222.82,231.04,222.09,2416,933,1114,4463,220,212,29,543,88,1004,1282,2196,3129,302,721,2095,2223,514,602,2454,641,254,69.15,78.59,84.07,78,68,74,4423.58,3349,3326.82,407,36.67,43.77,43.86,224.62,223.66,218.94,2659.11,272.13,187.68,610.95,87.08,1453.1,1054.06,260.49,274.14,262.38,2586,1079,1411,5076,276,235,28,557,83,1215,1299,2310,3389,298,708,2486,1864,557,722,2588,801,276,77.52,99.26,95.35,81,110,85,5135.86,3665,3700.9,440,41.58,49.96,49.96,263.75,265.71,259.35
PHI,2022,PHI,PHI,Team Level,5on5,82,0.48,0.47,0.49,244131,1959.73,165.5,131.53,474.43,65.09,1074.07,797.36,160.68,164.74,159.95,1946,762,895,3603,152,171,23,467,68,792,1058,1794,2556,273,663,1639,2095,414,512,2026,515,167,57.15,63.1,45.26,64,50,38,3563.58,2708,2685.82,368,27.19,33.09,33.18,159.52,158.56,156.43,2061.17,182.51,138.85,495.25,67.34,1129.9,837.15,175.87,184.52,177.76,2012,839,1146,3997,174,174,20,471,56,930,1046,1838,2677,270,650,1909,1735,451,602,2070,612,169,61.35,75.5,45.68,63,80,31,4056.86,2851,2886.9,392,28.76,34.84,35.18,176.1,178.05,174.9
PHI,2022,PHI,PHI,Team Level,4on5,82,0.13,0.14,0.15,22317,70.56,7.08,3.8,9.82,2.18,22.19,48.93,7.03,7.08,7.03,76,18,15,109,11,3,0,4,3,16,57,65,83,7,14,179,66,52,31,65,19,10,1.9,2.45,2.73,2,6,3,109,94,94,29,0.87,0.39,0.39,7.56,7.56,7.53,375.92,47.3,35.23,79.25,12.63,223.67,115.92,44.97,47.3,44.97,339,175,176,690,53,42,5,58,19,207,135,286,461,15,30,241,26,23,58,340,123,51,9.73,15.04,22.51,9,17,27,690,514,514,5,9.11,8.83,8.48,47.92,47.92,46.09
PHI,2022,PHI,PHI,Team Level,5on4,82,0.83,0.83,0.8,21865,269.54,32.5,24.12,58.87,9.06,166.91,87.54,29.41,32.5,29.41,269,110,141,520,33,26,4,54,13,144,109,236,346,14,28,182,33,22,44,276,61,42,6.82,7.38,18.29,10,6,17,520,379,379,3,6.13,6.82,6.82,31.81,31.81,29.69,68.59,6.75,3.42,9.57,2.2,21.42,48.65,6.58,6.75,6.58,78,14,17,109,5,4,0,4,2,14,63,73,87,10,22,202,72,62,39,67,14,11,1.98,1.85,2.92,2,1,2,109,92,92,35,0.79,0.72,0.72,6.82,6.82,6.72
ARI,2022,ARI,ARI,Team Level,other,82,0.37,0.41,0.38,9033,111.52,25.14,7.56,19.34,3.73,58,38.22,23.55,25.14,23.55,111,41,58,210,27,14,2,15,3,51,42,84,125,6,12,98,33,22,26,70,47,35,3.04,6.12,15.99,3,6,18,210,152,152,8,2.15,3.4,3.4,23.9,23.9,23.21,180.66,42.4,13.63,30.75,5.93,94.99,60.28,39.2,42.4,39.2,170,78,57,305,30,20,6,26,4,89,79,140,218,3,6,129,35,21,19,110,81,57,4.87,10.48,27.06,2,12,16,305,248,248,8,4.05,8.22,8.22,38.24,38.24,36.13
ARI,2022,ARI,ARI,Team Level,all,82,0.42,0.43,0.43,299509,2151.24,223.54,152.25,486.02,69.85,1182.09,849.24,212.72,221.59,210.84,2121,842,991,3954,225,194,27,415,48,984,1097,1896,2738,359,818,2127,2095,487,792,2084,641,238,63.78,78.39,81.36,70,78,77,3885.41,2963,2927.16,436,33.55,40.14,40.14,216.95,215.06,208.19,2899.68,313.28,210.17,661.22,95.39,1598.78,1124.17,296.24,316.69,299.48,2875,1128,1226,5229,295,269,44,589,90,1409,1351,2580,3708,292,682,2508,1843,539,650,2788,897,318,85.76,111.94,115.58,95,105,95,5325.48,4003,4059.09,293,47.59,55.7,55.75,305.12,308.29,297.08
ARI,2022,ARI,ARI,Team Level,5on5,82,0.45,0.45,0.45,236623,1701.67,153.64,115.24,402.34,55.46,936.25,685.07,148.53,151.7,146.64,1661,687,802,3150,151,149,22,341,40,779,888,1510,2197,323,746,1617,1944,399,656,1709,493,146,52.5,60.24,40.91,59,57,35,3081.41,2348,2312.16,383,23.86,30.57,30.85,146.66,144.77,142.23,2097.46,188.62,142.38,503.07,68.63,1148.36,847.95,181.74,192.03,184.99,2090,809,932,3831,181,182,28,464,71,990,1011,1909,2718,267,632,1872,1709,447,559,2085,651,163,64.49,80.91,43.22,76,72,33,3927.48,2899,2955.09,270,29.59,35.09,35.15,183.06,186.24,182.67
ARI,2022,ARI,ARI,Team Level,4on5,82,0.08,0.08,0.09,30427,54.78,6.23,2.87,7.98,1.68,16.83,37.39,6.13,6.23,6.13,63,10,8,81,5,4,0,2,0,9,53,58,68,11,24,227,88,57,42,43,20,10,1.27,2.33,2.62,1,3,1,81,73,73,38,0.65,1.15,1.15,5.74,5.74,5.69,562.27,75.11,50.67,118.65,18.89,335.69,176,68.37,75.11,68.37,546,229,219,994,79,65,9,94,14,320,203,467,696,16,32,326,38,21,56,543,143,89,14.73,17.82,42.55,15,20,44,994,775,775,3,13.15,11.45,11.45,76.81,76.81,71.37
ARI,2022,ARI,ARI,Team Level,5on4,82,0.84,0.84,0.83,23426,283.28,38.52,26.58,56.35,8.98,171,88.56,34.52,38.52,34.52,286,104,123,513,42,27,3,57,5,145,114,244,348,19,36,185,30,9,68,262,81,47,6.98,9.69,21.85,7,12,23,513,390,390,7,6.88,5.03,4.74,40.65,40.65,37.05,59.29,7.15,3.49,8.76,1.93,19.73,39.94,6.92,7.15,6.92,69,12,18,99,5,2,1,5,1,10,58,64,76,6,12,181,61,50,16,50,22,9,1.68,2.73,2.74,2,1,2,99,81,81,12,0.8,0.94,0.94,7,7,6.91
LAK,2022,LAK,LAK,Team Level,other,82,0.53,0.48,0.49,11040,150.24,33.29,9.92,25.23,4.85,74.56,58.23,30.97,33.29,30.97,151,56,59,266,35,8,0,17,7,65,75,116,172,9,18,138,39,14,28,101,63,43,3.88,7.88,21.52,3,11,21,266,207,207,19,2.82,2.95,2.95,33.09,33.09,31.2,159.81,29.41,11.93,28.44,5.33,89.66,54.23,27.52,29.41,27.52,150,69,65,284,30,13,1,30,8,73,65,120,189,6,14,129,39,26,18,111,71,37,4.6,8.7,16.1,7,9,14,284,219,219,8,3.42,3.5,3.5,29.32,29.32,28.09
LAK,2022,LAK,LAK,Team Level,all,82,0.53,0.52,0.53,299360,2657.44,268.81,183.07,610.42,87.52,1460.19,1058.06,256.08,269.44,256.71,2659,1010,1201,4870,274,218,32,587,87,1229,1274,2385,3395,311,669,2438,1742,415,623,2581,811,277,74.9,99.06,94.86,80,108,86,4899.31,3669,3693.28,436,40.48,47.92,47.98,261.25,261.82,253.85,2371.7,236.29,166.46,535.59,77.53,1312.21,942.92,225.81,236.32,225.88,2289,982,1308,4579,254,204,30,526,76,1076,1135,2035,3017,310,660,2134,2266,487,556,2331,707,233,68.43,86.48,81.39,94,84,76,4569.8,3271,3266.72,367,36.95,45.5,45.5,227.73,228.14,222.25
LAK,2022,LAK,LAK,Team Level,5on5,82,0.53,0.52,0.54,239763,2086.37,180.3,137.11,503.29,68.64,1149.28,845.4,172.96,180.94,173.59,2077,807,965,3849,169,174,27,489,65,976,1011,1908,2715,270,584,1830,1603,358,504,2118,594,172,61.72,71.75,46.83,61,74,34,3878.31,2884,2908.28,366,28.35,37.36,37.42,171.24,171.82,168.29,1798.13,158.72,120.87,424.92,58.63,985.08,730.78,151.79,158.74,151.86,1717,762,1023,3502,159,154,18,417,55,799,895,1558,2320,277,589,1589,2110,409,440,1800,537,142,53.17,66.64,38.9,74,60,25,3492.8,2479,2474.72,299,25.02,32.09,32.53,151.2,151.6,148.42
LAK,2022,LAK,LAK,Team Level,4on5,82,0.12,0.1,0.13,24550,55.24,5.84,2.87,7.66,1.78,17.99,38.86,5.81,5.84,5.81,68,7,5,80,7,1,1,3,0,12,52,61,68,9,18,195,69,36,47,51,16,8,1.4,2.1,2.34,3,2,2,80,75,75,47,0.66,0.47,0.47,6.01,6.01,5.98,354.79,42.67,30.82,73.68,11.59,218.44,114.81,41.08,42.67,41.08,353,139,206,698,57,35,11,75,12,187,126,296,435,19,38,231,29,13,39,360,86,46,8.8,9.63,24.24,12,11,34,698,492,492,4,7.86,9.39,8.95,41.58,41.58,40.15
LAK,2022,LAK,LAK,Team Level,5on4,82,0.9,0.88,0.86,24007,365.59,49.39,33.18,74.24,12.26,218.36,115.58,46.35,49.39,46.35,363,140,172,675,63,35,4,78,15,176,136,300,440,23,49,275,31,7,44,311,138,54,7.9,17.33,24.16,13,21,29,675,503,503,4,8.65,7.14,7.14,50.9,50.9,48.39,58.99,5.5,2.85,8.54,1.98,19.03,43.1,5.42,5.5,5.42,69,12,14,95,8,2,0,4,1,17,49,61,73,8,19,185,88,39,59,60,13,8,1.86,1.51,2.14,1,4,3,95,81,81,56,0.65,0.53,0.53,5.62,5.62,5.6
TBL,2022,TBL,TBL,Team Level,other,82,0.56,0.55,0.57,11217,186.36,44.51,13.54,32.74,6.49,99.99,56.75,40.84,44.51,40.84,184,70,68,322,37,20,4,43,4,87,63,147,217,6,12,150,38,27,24,122,73,59,5.11,9.16,30.23,6,4,27,322,254,254,10,4.05,7.95,7.95,40.6,40.6,37.87,141.08,34.98,9.95,25.24,4.64,72.65,44.55,32.95,34.98,32.95,147,45,76,268,34,11,2,23,5,62,57,113,158,10,20,142,41,25,28,88,58,46,3.34,7.36,24.28,4,9,21,268,192,192,10,2.88,3.45,3.71,34.15,34.15,32.92
TBL,2022,TBL,TBL,Team Level,all,82,0.52,0.51,0.51,297966,2670.35,293.47,193.12,596.67,88.84,1476.34,1051.55,278.17,294.37,279.06,2621,1079,1214,4914,280,250,41,580,97,1247,1246,2341,3420,344,801,2364,2026,767,780,2497,905,298,76.9,109.99,106.58,71,107,102,4950.34,3700,3717.42,369,43.14,55.49,55.49,281.12,281.84,273.27,2538.17,270.89,182.89,578.68,84.55,1395.13,995.84,257.97,271.33,258.39,2582,926,1148,4656,252,240,28,531,86,1082,1317,2330,3256,359,848,2216,2248,840,574,2441,781,286,72.73,96.93,101.24,78,87,87,4651.87,3508,3510.54,264,40.64,51.97,52.4,259.13,259.75,253.35
TBL,2022,TBL,TBL,Team Level,5on5,82,0.51,0.51,0.51,238524,2037.5,189.8,142.28,480.5,68.09,1129.74,823.59,181.47,190.7,182.36,1991,843,970,3804,175,200,31,463,78,948,970,1816,2659,303,719,1783,1859,622,655,2008,655,171,62.05,80.2,47.54,56,76,43,3840.34,2834,2851.42,331,29.53,40.56,40.56,178.76,179.49,175.92,1948.7,180.05,133.79,464.91,64.89,1071.11,785.25,172.93,180.48,173.37,1992,708,890,3590,162,188,21,444,62,809,1035,1830,2538,313,754,1659,2065,692,472,1938,586,176,57.96,72.69,49.4,63,61,38,3585.87,2700,2702.54,236,27.73,38.92,38.66,169.12,169.73,166.84
TBL,2022,TBL,TBL,Team Level,4on5,82,0.15,0.14,0.17,23795,77.25,8.32,4.05,10.52,2.31,23.89,54.92,8.13,8.32,8.13,79,25,12,116,5,5,0,10,0,20,64,74,99,11,22,197,85,81,23,67,27,10,2.18,3.46,2.69,1,2,2,116,104,104,21,0.94,1.33,1.33,7.93,7.93,7.86,375.75,48.32,35.3,78.85,12.89,228.64,115.99,44.58,48.32,44.58,368,152,167,687,48,38,5,59,15,198,162,320,472,24,48,229,50,34,56,351,113,56,9.41,13.74,25.17,9,15,24,687,520,520,3,9.13,9.06,9.49,47.96,47.96,45.71
TBL,2022,TBL,TBL,Team Level,5on4,82,0.87,0.86,0.84,24430,369.23,50.85,33.25,72.92,11.94,222.73,116.31,47.73,50.85,47.73,367,141,164,672,63,25,6,64,15,192,149,304,445,24,48,234,44,37,78,300,150,58,7.57,17.16,26.12,8,25,30,672,508,508,7,8.63,5.65,5.65,53.82,53.82,51.6,72.63,7.55,3.85,9.68,2.12,22.74,50.05,7.49,7.55,7.49,75,21,15,111,8,3,0,5,4,13,63,67,88,12,26,186,92,89,18,64,24,8,2.02,3.15,2.39,2,2,4,111,96,96,15,0.89,0.54,0.54,7.9,7.9,7.88
DET,2022,DET,DET,Team Level,other,82,0.55,0.5,0.5,11641,154.66,34.48,11.1,28.07,5.16,79.08,51.11,32.22,34.48,32.22,145,64,64,273,35,15,3,22,5,64,68,110,174,12,25,136,35,18,18,113,49,47,4.54,5.59,24.35,7,7,21,273,209,209,10,3.25,4.75,4.75,32.97,32.97,31.79,148.53,28.23,11.41,27.52,5.08,82.91,51.85,26.41,28.23,26.41,143,64,66,273,30,8,0,27,4,71,67,113,177,5,13,141,37,22,20,122,44,41,4.73,5.33,18.16,5,8,17,273,207,207,10,3.33,1.25,1.25,30.32,30.32,28.34
DET,2022,DET,DET,Team Level,all,82,0.48,0.47,0.48,298995,2312.56,228.63,158.26,539.95,76.27,1278.73,921.17,218.04,228.29,217.8,2312,891,1086,4289,237,206,26,484,60,1023,1193,2075,2966,296,608,2229,1812,472,580,2377,585,241,68.46,70.59,89.59,91,70,76,4256.52,3203,3186.62,321,35.35,48.32,48.39,215.59,215.44,210.61,2528.66,247.34,176.7,591.45,86.08,1412.89,1015.54,233.57,248.31,234.53,2496,1034,1282,4812,275,231,45,516,58,1209,1241,2221,3255,307,640,2308,1588,429,673,2615,652,263,78.1,79.43,89.81,112,84,79,4851.82,3530,3553.47,350,39.31,44.55,44.79,241.85,242.55,232.42
DET,2022,DET,DET,Team Level,5on5,82,0.47,0.46,0.47,239654,1724.81,144.34,112.68,424.16,57.26,955.48,708.08,138.28,143.99,138.05,1727,675,836,3238,146,160,16,381,43,755,917,1581,2256,257,526,1639,1648,379,489,1830,433,139,51.76,52.98,39.58,74,50,22,3205.52,2402,2385.62,284,23.26,35.24,35.44,132.16,132,129.92,1969.69,164.53,131.48,483.97,67.25,1101.01,805.77,158.08,165.5,159.05,1933,821,1044,3798,185,191,35,412,48,944,974,1748,2569,267,556,1724,1467,351,572,2109,493,152,62.57,60.2,41.76,90,63,32,3837.82,2754,2777.47,303,27.17,36.29,36.85,154.86,155.54,152.52
DET,2022,DET,DET,Team Level,4on5,82,0.09,0.13,0.15,22595,60.02,5,2.74,8.65,1.83,18.88,43.9,4.98,5,4.98,69,12,10,91,5,1,0,6,0,14,55,64,76,10,23,191,93,48,25,61,13,7,1.67,1.49,1.84,1,3,1,91,81,81,24,0.64,0.25,0.25,5.39,5.39,5.37,342.3,48.9,30.47,70.06,11.69,207.06,108.83,43.43,48.9,43.43,345,132,158,635,50,31,9,72,6,180,138,295,427,25,51,229,21,16,45,313,101,63,8.88,12.28,27.74,12,10,28,635,477,477,1,8.03,6.91,6.59,50.34,50.34,45.25
DET,2022,DET,DET,Team Level,5on4,82,0.89,0.87,0.85,25105,373.08,44.82,31.74,79.07,12.01,225.28,118.08,42.56,44.82,42.56,371,140,176,687,51,30,7,75,12,190,153,320,460,17,34,263,36,27,48,373,90,48,10.47,10.53,23.82,9,10,32,687,511,511,3,8.2,8.08,7.95,45.07,45.07,43.52,68.13,5.69,3.34,9.91,2.06,21.92,49.08,5.65,5.69,5.65,75,17,14,106,10,1,1,5,0,14,62,65,82,10,20,214,63,40,36,71,14,7,1.92,1.61,2.16,5,3,2,106,92,92,36,0.77,0.11,0.11,6.35,6.35,6.3
COL,2022,COL,COL,Team Level,other,82,0.53,0.58,0.57,9324,173.1,33.52,12.85,32.23,6.52,97.13,57.76,32.13,33.52,32.13,163,77,72,312,38,16,3,24,4,99,59,125,202,6,12,138,33,9,19,136,57,47,4.98,7.05,21.48,2,10,26,312,240,240,4,3.85,4.91,4.33,33.05,33.05,31.77,132.14,30.15,9.74,23.15,4.68,68.03,44.25,27.34,30.15,27.34,127,53,50,230,25,14,2,22,12,52,55,102,155,6,12,125,27,11,17,84,49,47,3.06,6.05,21.04,6,4,15,230,180,180,4,2.86,5.14,5.14,27.86,27.86,26.71
COL,2022,COL,COL,Team Level,all,82,0.52,0.53,0.52,299806,2623.87,263.4,186.31,594.44,86.79,1491.13,1051.93,253.74,267.06,257.28,2729,945,1330,5004,274,208,32,600,95,1168,1329,2455,3400,287,629,2256,1613,607,541,2688,726,260,82.19,88.33,92.88,90,94,90,5092.69,3674,3727.88,250,41.42,49.05,49.05,255.77,259.02,252.81,2461.75,245.83,175.22,562.91,81.99,1363.59,981.47,232.56,244.5,231.33,2540,871,1114,4525,223,245,31,606,77,1038,1222,2317,3188,299,653,2574,1879,592,516,2483,665,263,72.22,82.8,90.81,78,77,68,4469.39,3411,3377.72,268,38.82,54.03,54.07,230.58,229.29,223.27
COL,2022,COL,COL,Team Level,5on5,82,0.52,0.52,0.51,241522,2023.45,176.73,136.55,477.87,66.14,1144.99,835.72,171.3,180.39,174.84,2120,718,1104,3942,174,147,21,496,73,873,1075,1946,2664,265,585,1765,1482,532,449,2132,549,157,65.57,67.25,43.91,76,66,32,4030.7,2838,2891.88,220,28.15,33.49,33.65,171.23,174.47,171.63,1933.9,160.66,129.26,462.63,64.22,1072.87,796.37,154.34,159.33,153.11,1998,688,925,3611,145,179,20,517,52,815,978,1853,2541,266,585,1974,1748,499,422,2043,494,149,59.22,61.1,40.33,66,56,23,3555.39,2686,2652.72,232,26.77,35.47,35.5,151.92,150.63,147.84
COL,2022,COL,COL,Team Level,4on5,82,0.1,0.12,0.14,24056,57.9,5.38,2.81,7.99,1.67,18.25,40.91,5.23,5.38,5.23,66,11,7,84,5,4,2,5,2,9,52,61,72,5,10,173,73,48,21,56,14,7,1.69,1.76,1.93,1,2,2,84,77,77,20,0.64,1.14,1.14,4.88,4.88,4.86,344.47,50.7,33.46,69.62,11.36,204.6,103.25,46.59,50.7,46.59,347,126,131,604,49,51,9,61,11,162,139,298,424,16,32,232,28,15,45,299,111,63,8.15,14.26,28.29,6,15,28,604,473,473,4,8.56,13.41,13.41,45.86,45.86,43.81
COL,2022,COL,COL,Team Level,5on4,82,0.92,0.89,0.88,24904,369.42,47.77,34.11,76.36,12.47,230.76,117.54,45.07,47.77,45.07,380,139,147,666,57,41,6,75,16,187,143,323,462,11,22,180,25,18,52,364,106,49,9.95,12.26,25.56,11,16,30,666,519,519,6,8.78,9.51,9.93,46.62,46.62,44.55,51.23,4.33,2.76,7.52,1.72,18.08,37.59,4.3,4.33,4.3,68,4,8,80,4,1,0,6,2,9,50,64,68,11,24,243,76,67,32,57,11,4,1.78,1.4,1.15,0,2,2,80,72,72,28,0.63,0.01,0.01,4.95,4.95,4.91
VGK,2022,VGK,VGK,Team Level,other,82,0.49,0.47,0.47,10459,136.47,28.48,10.28,24.66,4.8,74.09,46.69,27.53,28.48,27.53,141,48,75,264,33,14,4,21,5,67,49,108,156,7,14,123,47,32,20,115,35,39,4.07,4.55,19.86,7,7,19,264,189,189,8,2.9,3.42,3.42,27.96,27.96,27.32,155.02,29.77,11.87,27.35,5.1,88.93,52.98,28.96,29.77,28.96,156,60,85,301,27,12,0,32,4,78,63,129,189,2,2,124,33,32,26,129,48,39,5.21,5.67,18.89,6,7,14,301,216,216,9,3.3,3.31,3.31,29.75,29.75,29.12
VGK,2022,VGK,VGK,Team Level,all,82,0.53,0.49,0.5,299852,2558.24,265.92,182.4,589.73,84.93,1393.35,1006.74,254.09,269.26,257.29,2587,937,1262,4786,267,242,45,526,85,1107,1297,2320,3257,235,523,2445,1930,718,575,2489,739,296,72.5,92.94,100.49,79,95,93,4860.86,3524,3569.58,278,40.19,52.33,52.42,253.63,256.64,250.64,2573.42,237.71,176.48,606.83,85.31,1425.68,1030.99,228.44,236.23,227.02,2534,1029,1493,5056,225,230,32,579,91,1179,1259,2309,3338,250,544,2234,2334,678,694,2676,646,241,76.24,78.44,83.02,72,83,70,5007.25,3563,3542.41,318,38.6,45.83,46.38,229.93,228.71,223.72
VGK,2022,VGK,VGK,Team Level,5on5,82,0.52,0.48,0.49,252201,2042.48,186.71,139.4,489.33,67.74,1105.09,827.79,178.18,190.04,181.38,2059,758,1047,3864,187,187,34,432,67,870,1074,1872,2630,211,477,1938,1807,626,497,2033,600,184,59.37,75.11,52.23,68,76,43,3938.86,2817,2862.58,252,28.93,39.68,40.02,175.55,178.55,175.15,2111.02,170.69,138.89,517.17,70.12,1164.5,861.65,164.44,169.2,163.03,2054,869,1233,4156,160,187,26,493,78,947,1058,1894,2763,232,512,1787,2217,568,604,2253,517,153,63.96,63.12,43.62,63,67,30,4107.25,2923,2902.41,294,28.67,36.87,37.56,161.81,160.58,157.89
VGK,2022,VGK,VGK,Team Level,4on5,82,0.18,0.12,0.15,17054,45.58,6.78,2.87,6.18,1.47,14.29,28.4,6.7,6.78,6.7,54,6,11,71,9,2,1,2,0,11,36,45,51,7,14,139,45,44,19,31,17,12,0.9,2.32,3.56,0,4,5,71,60,60,14,0.66,0.48,0.48,6.95,6.95,6.9,254.71,31.29,22.98,54.42,8.33,155.48,80.51,29.27,31.29,29.27,263,90,159,512,35,26,4,48,8,144,92,228,318,11,20,164,22,23,50,247,66,40,5.8,7.62,17.86,3,8,24,512,353,353,2,6,4.14,4.01,33.27,33.27,31.65
VGK,2022,VGK,VGK,Team Level,5on4,82,0.88,0.87,0.87,20138,333.71,43.96,29.85,69.54,10.92,199.88,103.85,41.69,43.96,41.69,333,125,129,587,38,39,6,71,13,159,138,295,420,10,18,245,31,16,39,310,87,61,8.16,10.96,24.84,4,8,26,587,458,458,4,7.71,8.75,8.5,43.16,43.16,41.25,52.67,5.96,2.75,7.89,1.77,16.77,35.85,5.77,5.96,5.77,61,10,16,87,3,5,2,6,1,10,46,58,68,5,10,159,62,55,14,47,15,9,1.27,2.04,2.66,0,1,2,87,71,71,13,0.63,1.51,1.51,5.09,5.09,5.06
STL,2022,STL,STL,Team Level,other,82,0.35,0.44,0.41,8578,98.98,19.63,6.88,17.38,3.24,52.88,35.99,19.36,19.63,19.36,103,33,56,192,28,6,2,20,2,37,43,75,108,4,6,92,17,22,8,70,45,21,2.75,5.85,11.03,5,10,13,192,136,136,5,1.92,1.03,1.03,20.52,20.52,20.33,142.64,36.35,10.46,22.95,4.61,78.19,45.45,34.61,36.35,34.61,142,56,50,248,42,8,3,21,3,69,55,100,156,3,6,99,19,34,22,95,54,49,3.96,6.78,25.61,7,6,29,248,198,198,10,3.01,2.69,3.23,36.13,36.13,34.69
STL,2022,STL,STL,Team Level,all,82,0.44,0.46,0.46,298168,2322.15,220.89,161.11,524.93,74.12,1285.35,933.6,214.51,221.24,214.86,2341,859,996,4196,260,165,27,454,78,1033,1210,2081,2940,254,559,2150,1814,684,623,2322,678,200,69.45,82.2,69.25,95,92,73,4174.77,3200,3192.76,365,35.2,34.76,34.77,221.32,221.73,218.19,2696.93,281.49,190.41,618.67,88.89,1472.66,1068.87,268.75,282.76,270.04,2653,1068,1173,4894,298,262,47,530,67,1213,1351,2355,3423,276,606,2284,1513,849,627,2625,812,284,79.72,99.45,102.3,89,109,100,4931.26,3721,3740.68,352,41.9,54.67,54.67,268.71,269.96,262.77
STL,2022,STL,STL,Team Level,5on5,82,0.45,0.46,0.46,246100,1848.86,155.86,123.4,436.25,59.17,1017.65,756.66,151.94,156.21,152.29,1875,674,808,3357,180,131,19,365,66,831,976,1695,2369,233,518,1673,1729,596,540,1889,532,128,57.41,64.55,33.9,79,69,32,3335.77,2549,2541.76,333,25.44,27.04,27.18,154.13,154.54,152.48,2147,191.95,145.37,516.78,71.33,1170.09,869.48,184.01,193.23,185.3,2103,862,1000,3965,188,213,36,439,56,963,1106,1915,2777,257,568,1810,1415,726,534,2160,633,172,65.84,77.75,48.36,67,84,37,4002.26,2965,2984.68,312,30.11,42.57,42.02,180.04,181.29,177.76
STL,2022,STL,STL,Team Level,4on5,82,0.14,0.12,0.15,19977,60.08,7.33,3.22,8.15,1.83,18.53,39.95,7.06,7.33,7.06,62,17,3,82,6,7,1,5,1,14,46,56,73,8,19,165,40,51,24,49,19,11,1.61,2.39,3.32,1,2,3,82,79,79,22,0.73,2.3,2.3,5.77,5.77,5.73,334.51,45.01,30.68,68.97,10.8,201.72,104.83,42.07,45.01,42.07,331,131,113,575,55,37,6,64,8,165,133,276,407,11,22,192,20,18,43,313,97,52,8.04,11.31,25.66,9,17,29,575,462,462,3,7.91,8.44,8.44,44.48,44.48,42.28
STL,2022,STL,STL,Team Level,5on4,82,0.82,0.84,0.82,23513,314.22,38.07,27.6,63.15,9.88,196.3,101,36.14,38.07,36.14,301,135,129,565,46,21,5,64,9,151,145,255,390,9,16,220,28,15,51,314,82,40,7.67,9.4,21,10,11,25,565,436,436,5,7.1,4.4,4.26,40.91,40.91,39.67,72.78,8.18,3.92,9.98,2.15,22.65,49.12,8.06,8.18,8.06,77,19,10,106,13,4,2,6,0,16,57,64,83,5,10,183,59,71,28,57,28,11,1.88,3.62,2.68,6,2,5,106,96,96,27,0.87,0.98,0.98,8.07,8.07,8.03
VAN,2022,VAN,VAN,Team Level,other,82,0.53,0.56,0.56,9279,162.07,31.82,12.27,29.27,5.53,90.03,55.08,29.32,31.82,29.32,149,75,65,289,33,13,2,19,5,77,77,116,191,5,10,111,25,21,21,122,55,47,4.62,6.74,20.47,7,8,18,289,224,224,7,3.56,4.17,4.17,31.21,31.21,29.34,124.74,28.53,8.84,21.23,4.14,68.47,43.78,26.79,28.53,26.79,125,50,53,228,33,5,2,22,10,51,54,92,142,6,15,111,26,16,18,90,53,32,3.53,6.92,18.08,3,14,16,228,175,175,10,2.51,1.75,1.75,29.3,29.3,27.55
VAN,2022,VAN,VAN,Team Level,all,82,0.48,0.49,0.49,299507,2422.93,245.86,177.5,553.08,81.27,1375.8,953.49,234.87,245.31,234.35,2438,949,1127,4514,270,230,38,508,95,1055,1229,2168,3117,286,680,2273,2024,519,562,2446,680,261,71.34,82.43,92.08,77,102,91,4490.54,3387,3369.46,315,39.87,50.11,50.29,235.43,234.89,228.53,2537.51,262.51,181.73,583.29,84.68,1393.89,1010.91,249.65,264.33,251.45,2527,990,1139,4656,296,253,40,506,93,1152,1217,2231,3221,312,728,2320,1649,489,619,2499,733,285,75.23,90.35,96.93,106,92,98,4708.26,3517,3554.99,354,40.28,54.29,54.36,248.44,250.41,243.39
VAN,2022,VAN,VAN,Team Level,5on5,82,0.46,0.48,0.48,243389,1801.93,156.24,124.38,430.54,60.11,1013.44,734.29,150.66,155.7,150.12,1848,671,862,3381,170,169,32,418,73,752,937,1678,2349,258,624,1700,1904,443,466,1880,495,144,55.86,59.81,40.57,62,72,36,3357.54,2519,2501.46,286,25.7,35.97,36.36,145.58,145.04,142.98,1998.15,180.11,136.59,479.95,66.92,1102.26,811.18,172.35,181.94,174.14,1989,788,941,3718,193,199,28,425,71,926,963,1796,2584,289,681,1811,1535,402,533,2043,547,187,61.61,67.66,50.84,86,62,45,3770.26,2777,2814.99,317,28.38,40.36,40.77,167.73,169.7,166.33
VAN,2022,VAN,VAN,Team Level,4on5,82,0.12,0.11,0.12,21113,50.38,6.39,2.88,6.96,1.5,14.89,31.38,6.28,6.39,6.28,56,8,9,73,10,2,0,3,0,4,45,46,54,10,20,177,77,38,19,37,15,12,1.34,2.1,2.94,3,3,4,73,64,64,18,0.65,0.29,0.29,6.75,6.75,6.65,345.27,47.05,32.76,72.54,11.58,201.83,107.22,43.74,47.05,43.74,335,138,137,610,58,49,10,50,12,162,142,277,415,12,22,227,19,17,41,306,110,57,8.41,12.94,25.7,13,13,32,610,473,473,3,8.56,12.18,11.84,43.78,43.78,41.92
VAN,2022,VAN,VAN,Team Level,5on4,82,0.88,0.89,0.86,25726,408.54,51.41,37.97,86.31,14.12,257.44,132.75,48.63,51.41,48.63,385,195,191,771,57,46,4,68,17,222,170,328,523,13,26,285,18,17,56,407,115,58,9.52,13.78,28.1,5,19,33,771,580,580,4,9.95,9.68,9.46,51.9,51.9,49.56,69.35,6.81,3.54,9.57,2.03,21.33,48.71,6.76,6.81,6.76,78,14,8,100,12,0,0,9,0,13,58,66,80,5,10,171,69,54,27,60,23,9,1.68,2.82,2.31,4,3,5,100,92,92,24,0.83,0,0,7.64,7.64,7.59
WPG,2022,WPG,WPG,Team Level,other,82,0.51,0.54,0.53,10511,156.09,34.86,11.85,26.93,5.24,89.06,48.05,31.27,34.86,31.27,147,69,66,282,39,10,4,19,2,83,63,108,177,6,12,108,38,21,18,110,63,43,4.29,7.79,22.79,6,12,21,282,216,216,7,3.49,3.88,3.88,34.47,34.47,32.1,137.43,33.68,9.54,24.36,4.62,72.66,46.13,32.1,33.68,32.1,134,57,49,240,32,12,3,25,2,65,55,102,159,8,18,125,42,15,20,87,58,46,3.37,7.32,22.99,6,6,20,240,191,191,14,2.76,3.96,3.96,32.48,32.48,31.21
WPG,2022,WPG,WPG,Team Level,all,82,0.52,0.51,0.51,297097,2599.2,267.67,183.72,591.88,86.6,1461.75,1034.37,254.07,267.78,254.23,2486,1140,1211,4837,246,225,43,497,67,1298,1293,2240,3380,296,669,2184,1789,611,707,2585,757,284,77.42,92.25,98,91,81,74,4844.91,3626,3632.03,489,40.83,47.51,47.62,260.89,261.32,252.93,2485.45,251.2,173.32,575.09,82.07,1368.17,994.14,239.41,251.41,239.69,2487,957,1113,4557,224,215,34,478,58,1164,1305,2263,3220,318,707,2279,1746,565,773,2457,731,256,71.72,91.36,88.13,69,77,78,4547.1,3444,3442.71,560,38.4,46.9,46.9,242.7,242.87,235.74
WPG,2022,WPG,WPG,Team Level,5on5,82,0.52,0.52,0.51,238269,2010.62,179.9,135.75,479.47,67.23,1128.16,825.5,173.03,180.01,173.19,1924,892,966,3782,160,180,34,397,57,983,1039,1764,2656,269,611,1699,1646,517,589,2066,570,180,62.08,69.83,47.99,76,54,30,3789.91,2816,2822.04,431,28.1,36.44,36.54,171.46,171.89,168.66,1928.88,167.85,127.85,469.41,63.57,1057.41,783.91,161.31,168.06,161.59,1937,733,882,3552,148,171,23,389,47,887,1028,1789,2522,278,617,1684,1587,476,641,1973,550,147,58.21,69.15,40.48,55,60,33,3542.1,2670,2668.72,478,26.47,36.03,36.03,158.3,158.47,155.6
WPG,2022,WPG,WPG,Team Level,4on5,82,0.12,0.11,0.13,23095,57.57,5.51,2.69,7.48,1.62,17.45,40.26,5.34,5.51,5.34,61,14,8,83,6,1,0,2,2,13,51,55,69,10,23,167,68,53,46,53,15,7,1.61,1.9,2.01,1,3,2,83,75,75,46,0.62,0.29,0.29,5.83,5.83,5.74,342.61,42.33,31.93,70.56,11.6,214.34,111.25,38.78,42.33,38.78,332,150,169,651,39,30,8,60,9,199,145,293,443,20,43,230,29,15,47,324,107,51,8.24,12.59,21.5,7,9,23,651,482,482,5,8.25,6.42,6.42,44.15,44.15,41.18
WPG,2022,WPG,WPG,Team Level,5on4,82,0.87,0.86,0.84,25222,374.92,47.39,33.44,78.01,12.51,227.08,120.57,44.44,47.39,44.44,354,165,171,690,41,34,5,79,6,219,140,313,478,11,23,210,37,20,54,356,109,54,9.44,12.74,25.21,8,12,21,690,519,519,5,8.63,6.9,6.9,49.13,49.13,46.43,76.53,7.34,4,10.76,2.28,23.77,52.85,7.2,7.34,7.2,84,17,13,114,5,2,0,4,0,13,77,79,96,12,29,240,88,59,65,73,16,12,1.9,2.29,3.16,1,2,2,114,101,101,63,0.92,0.49,0.49,7.77,7.77,7.74
